0, 0.000000, 0.000139, 0.000000, 0.000000, 0.000002, 0.000004
0, 0.000000, 0.029560, 0.000000, 0.000000, 0.000468, 0.000584
0, 0.000000, 0.029569, 0.000000, 0.000000, 0.000468, 0.000584
0, 0.000000, 0.030388, 0.000000, 0.000000, 0.000512, 0.000665
0, 0.000000, 0.030357, 0.000000, 0.000000, 0.000512, 0.000666
0, 0.000000, 0.031202, 0.000000, 0.000000, 0.000528, 0.000684
0, 0.000000, 0.031236, 0.000000, 0.000000, 0.000529, 0.000684
0, 0.000000, 0.034631, 0.000000, 0.000000, 0.000691, 0.000935
0, 0.000000, 0.034645, 0.000000, 0.000000, 0.000691, 0.000936
0, 0.000000, 0.035629, 0.000000, 0.000000, 0.000715, 0.000962
0, 0.000000, 0.035633, 0.000000, 0.000000, 0.000715, 0.000963
0, 0.000000, 0.036658, 0.000000, 0.000000, 0.000728, 0.000973
0, 0.000000, 0.036634, 0.000000, 0.000000, 0.000727, 0.000974
0, 0.000000, 0.036869, 0.000000, 0.000000, 0.000736, 0.000996
0, 0.000000, 0.036837, 0.000000, 0.000000, 0.000736, 0.000997
0, 0.000000, 0.037238, 0.000000, 0.000000, 0.000742, 0.001002
0, 0.000000, 0.037267, 0.000000, 0.000000, 0.000742, 0.001002
0, 0.000000, 0.037170, 0.000000, 0.000000, 0.000757, 0.001054
0, 0.000000, 0.037161, 0.000000, 0.000000, 0.000757, 0.001054
0, 0.000000, 0.149804, 0.000000, 0.000000, 0.003554, 0.005374
0, 0.000000, 0.149808, 0.000000, 0.000000, 0.003554, 0.005374
0, 0.000000, 0.152208, 0.000000, 0.000000, 0.003590, 0.005411
0, 0.000000, 0.152211, 0.000000, 0.000000, 0.003590, 0.005411
0, 0.000000, 8.016344, 0.000000, 0.000000, 0.181193, 0.261228
0, 0.000000, 8.016341, 0.000000, 0.000000, 0.181193, 0.261228
0, 0.000000, 8.015979, 0.000000, 0.000000, 0.181192, 0.261231
0, 0.000000, 8.015965, 0.000000, 0.000000, 0.181192, 0.261231
0, 0.000000, 8.015370, 0.000000, 0.000000, 0.181184, 0.261233
0, 0.000000, 8.015333, 0.000000, 0.000000, 0.181183, 0.261233
0, 0.000000, 8.012446, 0.000000, 0.000000, 0.181138, 0.261230
0, 0.000000, 8.012410, 0.000000, 0.000000, 0.181137, 0.261230
0, 0.000000, 8.014010, 0.000000, 0.000000, 0.181158, 0.261228
1, 0.000000, 0.000331, 0.000000, 0.000000, 0.000006, 0.000016
1, 0.000000, 0.016283, 0.000005, 0.000002, 0.000368, 0.000410
1, 0.000000, 0.016301, 0.000005, 0.000002, 0.000369, 0.000410
1, 0.000000, 0.017158, 0.000005, 0.000002, 0.000389, 0.000436
1, 0.000000, 0.017164, 0.000005, 0.000002, 0.000389, 0.000436
1, 0.000000, 0.017543, 0.000006, 0.000004, 0.000414, 0.000546
1, 0.000000, 0.017558, 0.000006, 0.000004, 0.000414, 0.000547
1, 0.000000, 0.019960, 0.000006, 0.000005, 0.000468, 0.000630
1, 0.000000, 0.019930, 0.000006, 0.000005, 0.000467, 0.000630
1, 0.000000, 0.019874, 0.000007, 0.000005, 0.000468, 0.000636
1, 0.000000, 0.019873, 0.000007, 0.000005, 0.000468, 0.000637
1, 0.000000, 0.021036, 0.000007, 0.000005, 0.000500, 0.000676
1, 0.000000, 0.021021, 0.000007, 0.000005, 0.000500, 0.000677
1, 0.000000, 0.021321, 0.000007, 0.000005, 0.000508, 0.000686
1, 0.000000, 0.021319, 0.000007, 0.000005, 0.000508, 0.000686
1, 0.000000, 0.023146, 0.000008, 0.000005, 0.000546, 0.000728
1, 0.000000, 0.023136, 0.000008, 0.000005, 0.000545, 0.000728
1, 0.000000, 0.024176, 0.000008, 0.000005, 0.000575, 0.000809
1, 0.000000, 0.024176, 0.000008, 0.000005, 0.000575, 0.000810
1, 0.000000, 0.027033, 0.000009, 0.000006, 0.000626, 0.000888
1, 0.000000, 0.027045, 0.000009, 0.000006, 0.000626, 0.000888
1, 0.000000, 0.027474, 0.000009, 0.000006, 0.000636, 0.000912
1, 0.000000, 0.027494, 0.000009, 0.000006, 0.000637, 0.000912
1, 0.000000, 0.029806, 0.000009, 0.000006, 0.000675, 0.000949
1, 0.000000, 0.029840, 0.000009, 0.000006, 0.000675, 0.000949
1, 0.000000, 0.030534, 0.000010, 0.000007, 0.000695, 0.000994
1, 0.000000, 0.030528, 0.000010, 0.000007, 0.000695, 0.000994
1, 0.000000, 0.031155, 0.000010, 0.000007, 0.000723, 0.001035
1, 0.000000, 0.031148, 0.000010, 0.000007, 0.000723, 0.001036
1, 0.000000, 0.033271, 0.000011, 0.000008, 0.000767, 0.001073
1, 0.000000, 0.033283, 0.000011, 0.000008, 0.000767, 0.001073
1, 0.000000, 0.034302, 0.000011, 0.000008, 0.000826, 0.001171
2, 0.000000, 0.000292, 0.000000, 0.000000, 0.000006, 0.000013
2, 0.000000, 0.003607, 0.000002, 0.000002, 0.000081, 0.000142
2, 0.000000, 0.003633, 0.000002, 0.000002, 0.000082, 0.000143
2, 0.000000, 0.005576, 0.000003, 0.000003, 0.000135, 0.000244
2, 0.000000, 0.005544, 0.000003, 0.000003, 0.000134, 0.000245
2, 0.000000, 0.010387, 0.000007, 0.000006, 0.000252, 0.000395
2, 0.000000, 0.010405, 0.000007, 0.000006, 0.000253, 0.000395
2, 0.000000, 0.015475, 0.000009, 0.000007, 0.000361, 0.000526
2, 0.000000, 0.015453, 0.000009, 0.000007, 0.000360, 0.000526
2, 0.000000, 0.018709, 0.000010, 0.000007, 0.000440, 0.000631
2, 0.000000, 0.018719, 0.000010, 0.000007, 0.000440, 0.000631
2, 0.000000, 0.019046, 0.000011, 0.000007, 0.000453, 0.000657
2, 0.000000, 0.019068, 0.000011, 0.000007, 0.000453, 0.000658
2, 0.000000, 0.019036, 0.000011, 0.000007, 0.000456, 0.000670
2, 0.000000, 0.019085, 0.000011, 0.000007, 0.000457, 0.000670
2, 0.000000, 0.019730, 0.000011, 0.000007, 0.000469, 0.000678
2, 0.000000, 0.019768, 0.000011, 0.000007, 0.000470, 0.000679
2, 0.000000, 0.021020, 0.000011, 0.000007, 0.000500, 0.000716
2, 0.000000, 0.021063, 0.000011, 0.000007, 0.000501, 0.000716
2, 0.000000, 0.024242, 0.000013, 0.000008, 0.000578, 0.000870
2, 0.000000, 0.024269, 0.000013, 0.000008, 0.000578, 0.000870
2, 0.000000, 0.110841, 0.000073, 0.000042, 0.002790, 0.003859
2, 0.000000, 0.110834, 0.000073, 0.000042, 0.002790, 0.003859
2, 0.000000, 0.110339, 0.000074, 0.000042, 0.002784, 0.003860
2, 0.000000, 0.110353, 0.000074, 0.000042, 0.002784, 0.003860
2, 0.000000, 0.110113, 0.000074, 0.000042, 0.002786, 0.003872
2, 0.000000, 0.110101, 0.000074, 0.000043, 0.002786, 0.003872
2, 0.000000, 0.110353, 0.000074, 0.000042, 0.002789, 0.003881
2, 0.000000, 0.110374, 0.000074, 0.000042, 0.002789, 0.003881
2, 0.000000, 0.109969, 0.000074, 0.000043, 0.002785, 0.003882
2, 0.000000, 0.109965, 0.000074, 0.000043, 0.002785, 0.003882
2, 0.000000, 0.110901, 0.000074, 0.000042, 0.002797, 0.003890
3, 0.000000, 0.000288, 0.000000, 0.000000, 0.000005, 0.000008
3, 0.000000, 0.004374, 0.000003, 0.000002, 0.000104, 0.000160
3, 0.000000, 0.004350, 0.000003, 0.000003, 0.000104, 0.000160
3, 0.000000, 0.005197, 0.000004, 0.000003, 0.000124, 0.000200
3, 0.000000, 0.005213, 0.000004, 0.000003, 0.000124, 0.000201
3, 0.000000, 0.007050, 0.000005, 0.000003, 0.000165, 0.000251
3, 0.000000, 0.007066, 0.000005, 0.000004, 0.000166, 0.000252
3, 0.000000, 0.007980, 0.000006, 0.000004, 0.000189, 0.000281
3, 0.000000, 0.008018, 0.000006, 0.000004, 0.000190, 0.000282
3, 0.000000, 0.032676, 0.000022, 0.000016, 0.000718, 0.000939
3, 0.000000, 0.032694, 0.000022, 0.000016, 0.000719, 0.000939
3, 0.000000, 0.034745, 0.000022, 0.000016, 0.000753, 0.000951
3, 0.000000, 0.034768, 0.000022, 0.000016, 0.000754, 0.000951
3, 0.000000, 0.034595, 0.000022, 0.000016, 0.000768, 0.001014
3, 0.000000, 0.034620, 0.000022, 0.000016, 0.000769, 0.001015
3, 0.000000, 0.035354, 0.000023, 0.000015, 0.000783, 0.001035
3, 0.000000, 0.035369, 0.000023, 0.000015, 0.000783, 0.001035
3, 0.000000, 0.036310, 0.000024, 0.000016, 0.000801, 0.001076
3, 0.000000, 0.036337, 0.000024, 0.000016, 0.000802, 0.001077
3, 0.000000, 0.035768, 0.000025, 0.000018, 0.000813, 0.001134
3, 0.000000, 0.035785, 0.000025, 0.000018, 0.000813, 0.001134
3, 0.000000, 0.037458, 0.000025, 0.000018, 0.000841, 0.001152
3, 0.000000, 0.037519, 0.000025, 0.000018, 0.000842, 0.001152
3, 0.000000, 0.037427, 0.000025, 0.000018, 0.000844, 0.001164
3, 0.000000, 0.037472, 0.000025, 0.000018, 0.000844, 0.001165
3, 0.000000, 0.037990, 0.000025, 0.000018, 0.000855, 0.001173
3, 0.000000, 0.037990, 0.000025, 0.000018, 0.000855, 0.001173
3, 0.000000, 0.043023, 0.000030, 0.000021, 0.000974, 0.001348
3, 0.000000, 0.043052, 0.000030, 0.000021, 0.000974, 0.001348
3, 0.000000, 0.044709, 0.000031, 0.000021, 0.001004, 0.001366
3, 0.000000, 0.044766, 0.000031, 0.000021, 0.001005, 0.001366
3, 0.000000, 0.046186, 0.000031, 0.000022, 0.001025, 0.001376
4, 0.000000, 0.000285, 0.000000, 0.000000, 0.000005, 0.000008
4, 0.000000, 0.007040, 0.000006, 0.000004, 0.000159, 0.000229
4, 0.000000, 0.007084, 0.000006, 0.000004, 0.000160, 0.000230
4, 0.000000, 0.008008, 0.000007, 0.000004, 0.000178, 0.000254
4, 0.000000, 0.008022, 0.000007, 0.000005, 0.000179, 0.000255
4, 0.000000, 0.012715, 0.000011, 0.000007, 0.000304, 0.000405
4, 0.000000, 0.012743, 0.000011, 0.000007, 0.000305, 0.000405
4, 0.000000, 0.012934, 0.000011, 0.000007, 0.000312, 0.000429
4, 0.000000, 0.012918, 0.000011, 0.000007, 0.000312, 0.000430
4, 0.000000, 0.013420, 0.000012, 0.000007, 0.000330, 0.000457
4, 0.000000, 0.013431, 0.000012, 0.000007, 0.000331, 0.000458
4, 0.000000, 0.014164, 0.000012, 0.000008, 0.000354, 0.000487
4, 0.000000, 0.014165, 0.000012, 0.000008, 0.000354, 0.000487
4, 0.000000, 0.029960, 0.000027, 0.000013, 0.000784, 0.001058
4, 0.000000, 0.029987, 0.000027, 0.000013, 0.000784, 0.001059
4, 0.000000, 3.680583, 0.002931, 0.002522, 0.089297, 0.126062
4, 0.000000, 3.680552, 0.002931, 0.002522, 0.089297, 0.126062
4, 0.000000, 3.682331, 0.002931, 0.002521, 0.089320, 0.126064
4, 0.000000, 3.682309, 0.002931, 0.002521, 0.089320, 0.126064
4, 0.000000, 3.681770, 0.002931, 0.002522, 0.089309, 0.126063
4, 0.000000, 3.681754, 0.002931, 0.002522, 0.089309, 0.126063
4, 0.000000, 3.681753, 0.002931, 0.002522, 0.089312, 0.126064
4, 0.000000, 3.681737, 0.002931, 0.002522, 0.089312, 0.126064
4, 0.000000, 3.683177, 0.002931, 0.002522, 0.089323, 0.126068
4, 0.000000, 3.683183, 0.002931, 0.002522, 0.089323, 0.126068
4, 0.000000, 3.683839, 0.002931, 0.002522, 0.089327, 0.126069
4, 0.000000, 3.683850, 0.002931, 0.002522, 0.089328, 0.126069
4, 0.000000, 3.683923, 0.002931, 0.002522, 0.089324, 0.126069
4, 0.000000, 3.683896, 0.002931, 0.002522, 0.089324, 0.126069
4, 0.000000, 3.684269, 0.002931, 0.002522, 0.089331, 0.126071
4, 0.000000, 3.684258, 0.002931, 0.002522, 0.089330, 0.126070
4, 0.000000, 3.684083, 0.002931, 0.002522, 0.089320, 0.126071
5, 0.000000, 0.000294, 0.000000, 0.000000, 0.000006, 0.000012
5, 0.000000, 0.008350, 0.000008, 0.000006, 0.000195, 0.000323
5, 0.000000, 0.008432, 0.000008, 0.000006, 0.000196, 0.000323
5, 0.000000, 0.011229, 0.000010, 0.000007, 0.000256, 0.000398
5, 0.000000, 0.011260, 0.000010, 0.000007, 0.000256, 0.000399
5, 0.000000, 0.011650, 0.000012, 0.000008, 0.000283, 0.000448
5, 0.000000, 0.011677, 0.000012, 0.000008, 0.000283, 0.000449
5, 0.000000, 0.012198, 0.000013, 0.000008, 0.000302, 0.000482
5, 0.000000, 0.012227, 0.000013, 0.000008, 0.000302, 0.000482
5, 0.000000, 0.017935, 0.000017, 0.000012, 0.000436, 0.000648
5, 0.000000, 0.017951, 0.000017, 0.000012, 0.000437, 0.000648
5, 0.000000, 0.018964, 0.000017, 0.000012, 0.000464, 0.000664
5, 0.000000, 0.019006, 0.000017, 0.000012, 0.000464, 0.000665
5, 0.000000, 0.019689, 0.000018, 0.000012, 0.000480, 0.000685
5, 0.000000, 0.019705, 0.000018, 0.000012, 0.000480, 0.000685
5, 0.000000, 0.020095, 0.000018, 0.000012, 0.000494, 0.000723
5, 0.000000, 0.020119, 0.000018, 0.000012, 0.000495, 0.000724
5, 0.000000, 0.021070, 0.000018, 0.000013, 0.000512, 0.000736
5, 0.000000, 0.021097, 0.000018, 0.000013, 0.000512, 0.000736
5, 0.000000, 0.092559, 0.000073, 0.000049, 0.002057, 0.002740
5, 0.000000, 0.092557, 0.000073, 0.000049, 0.002057, 0.002740
5, 0.000000, 0.094824, 0.000076, 0.000052, 0.002113, 0.002794
5, 0.000000, 0.094823, 0.000076, 0.000052, 0.002113, 0.002794
5, 0.000000, 0.095546, 0.000079, 0.000054, 0.002161, 0.002853
5, 0.000000, 0.095542, 0.000079, 0.000054, 0.002161, 0.002853
5, 0.000000, 0.095401, 0.000079, 0.000055, 0.002165, 0.002864
5, 0.000000, 0.095391, 0.000079, 0.000055, 0.002165, 0.002863
5, 0.000000, 0.094789, 0.000079, 0.000055, 0.002155, 0.002867
5, 0.000000, 0.094766, 0.000079, 0.000055, 0.002155, 0.002867
5, 0.000000, 0.095153, 0.000079, 0.000055, 0.002160, 0.002873
5, 0.000000, 0.095170, 0.000079, 0.000055, 0.002160, 0.002873
5, 0.000000, 0.096045, 0.000080, 0.000055, 0.002189, 0.002915
6, 0.000000, 0.000254, 0.000000, 0.000000, 0.000005, 0.000015
6, 0.000000, 0.006650, 0.000006, 0.000004, 0.000155, 0.000218
6, 0.000000, 0.006699, 0.000006, 0.000004, 0.000156, 0.000219
6, 413396.812500, 44855298409627648.000000, 47735568393525.578125, 26429350753075.199219, 1041031850144948.750000, 1417570881450070.750000
6, 413396.812500, 44855298409627648.000000, 47735568393525.578125, 26429350753075.199219, 1041031850144948.750000, 1417570881450070.750000
6, 413396.812500, 44855298409627648.000000, 47735568393525.578125, 26429350753075.199219, 1041031850144948.750000, 1417570881450070.750000
6, 413396.812500, 44855298409627648.000000, 47735568393525.578125, 26429350753075.199219, 1041031850144948.750000, 1417570881450070.750000
6, 413396.812500, 44855298409627648.000000, 47735568393525.578125, 26429350753075.199219, 1041031850144948.750000, 1417570881450070.750000
6, 413396.812500, 44855298409627648.000000, 47735568393525.578125, 26429350753075.199219, 1041031850144948.750000, 1417570881450070.750000
6, 413396.812500, 44855298409627648.000000, 47735568393525.578125, 26429350753075.199219, 1041031850144948.750000, 1417570881450070.750000
6, 413396.812500, 44855298409627648.000000, 47735568393525.578125, 26429350753075.199219, 1041031850144948.750000, 1417570881450070.750000
6, 413396.812500, 44855298409627648.000000, 47735568393525.578125, 26429350753075.199219, 1041031850144948.750000, 1417570881450070.750000
6, 413396.812500, 44855298409627648.000000, 47735568393525.578125, 26429350753075.199219, 1041031850144948.750000, 1417570881450070.750000
6, 413396.812500, 44855298409627648.000000, 47735568393525.578125, 26429350753075.199219, 1041031850144948.750000, 1417570881450070.750000
6, 413396.812500, 44855298409627648.000000, 47735568393525.578125, 26429350753075.199219, 1041031850144948.750000, 1417570881450070.750000
6, 413396.812500, 44855298409627648.000000, 47735568393525.578125, 26429350753075.199219, 1041031850144948.750000, 1417570881450070.750000
6, 413396.812500, 44855298409627648.000000, 47735568393525.578125, 26429350753075.199219, 1041031850144948.750000, 1417570881450070.750000
6, 413396.812500, 44855298409627648.000000, 47735568393525.578125, 26429350753075.199219, 1041031850144948.750000, 1417570881450070.750000
6, 413396.812500, 44855298409627648.000000, 47735568393525.578125, 26429350753075.199219, 1041031850144948.750000, 1417570881450070.750000
6, 413396.812500, 44855298409627648.000000, 47735568393525.578125, 26429350753075.199219, 1041031850144948.750000, 1417570881450070.750000
6, 413396.812500, 44855298409627648.000000, 47735568393525.578125, 26429350753075.199219, 1041031850144948.750000, 1417570881450070.750000
6, 413396.812500, 44855298409627648.000000, 47735568393525.578125, 26429350753075.199219, 1041031850144948.750000, 1417570881450070.750000
6, 413396.812500, 44855298409627648.000000, 47735568393525.578125, 26429350753075.199219, 1041031850144948.750000, 1417570881450070.750000
6, 413396.812500, 44855298409627648.000000, 47735568393525.578125, 26429350753075.199219, 1041031850144948.750000, 1417570881450070.750000
6, 413396.812500, 44855298409627648.000000, 47735568393525.578125, 26429350753075.199219, 1041031850144948.750000, 1417570881450070.750000
6, 413396.812500, 44855298409627648.000000, 47735568393525.578125, 26429350753075.199219, 1041031850144948.750000, 1417570881450070.750000
6, 413396.812500, 44855298409627648.000000, 47735568393525.578125, 26429350753075.199219, 1041031850144948.750000, 1417570881450070.750000
6, 413396.812500, 44855298409627648.000000, 47735568393525.578125, 26429350753075.199219, 1041031850144948.750000, 1417570881450070.750000
6, 413396.812500, 44855298409627648.000000, 47735568393525.578125, 26429350753075.199219, 1041031850144948.750000, 1417570881450070.750000
6, 413396.812500, 44855298409627648.000000, 47735568393525.578125, 26429350753075.199219, 1041031850144948.750000, 1417570881450070.750000
6, 413396.812500, 44855298409627648.000000, 47735568393525.578125, 26429350753075.199219, 1041031850144948.750000, 1417570881450070.750000
6, 413396.812500, 44855298409627648.000000, 47735568393525.578125, 26429350753075.199219, 1041031850144948.750000, 1417570881450070.750000
7, 0.000000, 0.000275, 0.000000, 0.000000, 0.000006, 0.000014
7, 0.000000, 0.002948, 0.000003, 0.000002, 0.000067, 0.000105
7, 0.000000, 0.002998, 0.000003, 0.000002, 0.000069, 0.000107
7, 0.000000, 0.008827, 0.000008, 0.000006, 0.000196, 0.000284
7, 0.000000, 0.008882, 0.000008, 0.000006, 0.000197, 0.000285
7, 0.000000, 0.010698, 0.000011, 0.000007, 0.000252, 0.000379
7, 0.000000, 0.010697, 0.000011, 0.000007, 0.000252, 0.000380
7, 0.000000, 0.018001, 0.000015, 0.000009, 0.000405, 0.000524
7, 0.000000, 0.018013, 0.000015, 0.000009, 0.000405, 0.000524
7, 0.000000, 0.018565, 0.000015, 0.000010, 0.000417, 0.000538
7, 0.000000, 0.018596, 0.000015, 0.000010, 0.000418, 0.000539
7, 0.000000, 0.018923, 0.000016, 0.000011, 0.000427, 0.000553
7, 0.000000, 0.018943, 0.000016, 0.000011, 0.000428, 0.000554
7, 0.000000, 0.020271, 0.000017, 0.000011, 0.000452, 0.000577
7, 0.000000, 0.020271, 0.000017, 0.000011, 0.000452, 0.000577
7, 0.000000, 0.020928, 0.000017, 0.000011, 0.000461, 0.000587
7, 0.000000, 0.020944, 0.000017, 0.000011, 0.000461, 0.000587
7, 0.000000, 0.022260, 0.000019, 0.000014, 0.000486, 0.000615
7, 0.000000, 0.022267, 0.000019, 0.000014, 0.000486, 0.000615
7, 0.000000, 7.002179, 0.006041, 0.003906, 0.153739, 0.180908
7, 0.000000, 7.002189, 0.006041, 0.003906, 0.153740, 0.180908
7, 0.000000, 7.003205, 0.006042, 0.003907, 0.153750, 0.180909
7, 0.000000, 7.003215, 0.006042, 0.003907, 0.153750, 0.180909
7, 0.000000, 7.004135, 0.006043, 0.003908, 0.153775, 0.180908
7, 0.000000, 7.004154, 0.006043, 0.003908, 0.153776, 0.180908
7, 0.000000, 7.003993, 0.006042, 0.003907, 0.153771, 0.180908
7, 0.000000, 7.003961, 0.006042, 0.003907, 0.153770, 0.180908
7, 0.076981, 3115446784.000000, 2457996.907204, 1502248.840993, 68559368.371967, 83576771.561988
7, 0.076981, 3115446784.000000, 2457996.907204, 1502248.840993, 68559368.371967, 83576771.561988
7, 0.076981, 3115446784.000000, 2457996.907204, 1502248.840993, 68559368.371967, 83576771.561988
7, 0.076981, 3115446784.000000, 2457996.907204, 1502248.840993, 68559368.371967, 83576771.561988
7, 0.076981, 3115446784.000000, 2457996.907204, 1502248.840993, 68559368.371967, 83576771.561988
8, 0.000000, 0.000279, 0.000001, 0.000001, 0.000005, 0.000015
8, 0.000000, 0.011044, 0.000013, 0.000009, 0.000254, 0.000384
8, 0.000000, 0.010975, 0.000013, 0.000009, 0.000253, 0.000384
8, 0.000000, 0.011547, 0.000013, 0.000008, 0.000270, 0.000401
8, 0.000000, 0.011601, 0.000013, 0.000009, 0.000271, 0.000402
8, 0.000000, 0.014308, 0.000015, 0.000011, 0.000336, 0.000488
8, 0.000000, 0.014334, 0.000015, 0.000011, 0.000336, 0.000488
8, 0.000000, 0.014933, 0.000016, 0.000012, 0.000351, 0.000511
8, 0.000000, 0.014970, 0.000016, 0.000012, 0.000351, 0.000511
8, 0.000000, 0.017047, 0.000017, 0.000011, 0.000392, 0.000557
8, 0.000000, 0.017046, 0.000017, 0.000011, 0.000392, 0.000557
8, 0.000000, 0.017784, 0.000017, 0.000012, 0.000410, 0.000583
8, 0.000000, 0.017830, 0.000017, 0.000012, 0.000411, 0.000583
8, 0.000000, 0.021630, 0.000020, 0.000013, 0.000490, 0.000659
8, 0.000000, 0.021658, 0.000020, 0.000013, 0.000490, 0.000659
8, 0.000000, 0.025564, 0.000028, 0.000020, 0.000601, 0.000859
8, 0.000000, 0.025586, 0.000028, 0.000020, 0.000601, 0.000859
8, 0.000000, 0.027279, 0.000029, 0.000022, 0.000644, 0.000937
8, 0.000000, 0.027335, 0.000029, 0.000022, 0.000645, 0.000937
8, 0.000000, 0.029160, 0.000032, 0.000024, 0.000688, 0.000994
8, 0.000000, 0.029203, 0.000032, 0.000024, 0.000689, 0.000994
8, 0.000000, 0.030968, 0.000034, 0.000025, 0.000718, 0.001014
8, 0.000000, 0.030982, 0.000034, 0.000025, 0.000718, 0.001015
8, 0.000000, 0.031854, 0.000035, 0.000026, 0.000738, 0.001038
8, 0.000000, 0.031881, 0.000035, 0.000026, 0.000739, 0.001039
8, 0.000000, 0.032156, 0.000035, 0.000026, 0.000747, 0.001049
8, 0.000000, 0.032162, 0.000035, 0.000026, 0.000747, 0.001049
8, 0.000000, 0.041248, 0.000041, 0.000028, 0.000952, 0.001319
8, 0.000000, 0.041263, 0.000041, 0.000028, 0.000952, 0.001319
8, 0.000000, 0.042061, 0.000041, 0.000028, 0.000969, 0.001336
8, 0.000000, 0.042072, 0.000041, 0.000028, 0.000969, 0.001336
8, 0.000000, 0.042545, 0.000041, 0.000028, 0.000980, 0.001352
9, 0.000000, 0.000352, 0.000001, 0.000001, 0.000008, 0.000020
9, 0.000000, 0.005384, 0.000005, 0.000003, 0.000130, 0.000179
9, 0.000000, 0.005409, 0.000005, 0.000003, 0.000131, 0.000179
9, 0.000000, 0.009267, 0.000009, 0.000006, 0.000206, 0.000293
9, 0.000000, 0.009280, 0.000009, 0.000006, 0.000206, 0.000294
9, 0.000000, 0.015236, 0.000021, 0.000022, 0.000366, 0.000549
9, 0.000000, 0.015259, 0.000021, 0.000022, 0.000367, 0.000549
9, 0.000000, 0.017189, 0.000022, 0.000023, 0.000426, 0.000695
9, 0.000000, 0.017204, 0.000022, 0.000023, 0.000426, 0.000695
9, 0.000000, 0.018297, 0.000023, 0.000024, 0.000448, 0.000726
9, 0.000000, 0.018302, 0.000023, 0.000024, 0.000448, 0.000726
9, 0.000000, 0.019108, 0.000024, 0.000024, 0.000476, 0.000766
9, 0.000000, 0.019134, 0.000024, 0.000024, 0.000476, 0.000766
9, 0.000000, 0.020169, 0.000026, 0.000025, 0.000509, 0.000825
9, 0.000000, 0.020190, 0.000026, 0.000025, 0.000510, 0.000825
9, 0.000000, 0.020329, 0.000026, 0.000025, 0.000515, 0.000832
9, 0.000000, 0.020357, 0.000026, 0.000025, 0.000515, 0.000832
9, 0.000000, 0.022194, 0.000027, 0.000026, 0.000548, 0.000868
9, 0.000000, 0.022199, 0.000027, 0.000026, 0.000548, 0.000868
9, 0.000000, 0.024869, 0.000029, 0.000026, 0.000604, 0.000925
9, 0.000000, 0.024843, 0.000029, 0.000026, 0.000604, 0.000925
9, 0.000000, 0.028938, 0.000034, 0.000030, 0.000714, 0.001138
9, 0.000000, 0.028930, 0.000034, 0.000030, 0.000713, 0.001138
9, 0.000000, 0.029434, 0.000035, 0.000030, 0.000723, 0.001149
9, 0.000000, 0.029431, 0.000035, 0.000030, 0.000723, 0.001149
9, 0.000000, 0.030913, 0.000037, 0.000032, 0.000763, 0.001194
9, 0.000000, 0.030918, 0.000037, 0.000032, 0.000764, 0.001195
9, 0.000000, 0.030946, 0.000037, 0.000032, 0.000765, 0.001203
9, 0.000000, 0.030950, 0.000037, 0.000032, 0.000765, 0.001203
9, 0.000000, 0.030938, 0.000037, 0.000033, 0.000766, 0.001214
9, 0.000000, 0.030933, 0.000037, 0.000032, 0.000766, 0.001214
9, 0.000000, 0.031058, 0.000038, 0.000033, 0.000768, 0.001225
10, 0.000000, 0.000259, 0.000000, 0.000000, 0.000006, 0.000010
10, 0.000000, 0.010718, 0.000015, 0.000012, 0.000254, 0.000388
10, 0.000000, 0.010736, 0.000015, 0.000012, 0.000254, 0.000389
10, 0.000000, 0.011589, 0.000016, 0.000012, 0.000272, 0.000411
10, 0.000000, 0.011623, 0.000016, 0.000012, 0.000273, 0.000412
10, 0.000000, 0.012156, 0.000016, 0.000013, 0.000285, 0.000430
10, 0.000000, 0.012177, 0.000016, 0.000013, 0.000286, 0.000431
10, 0.000000, 0.017091, 0.000018, 0.000013, 0.000374, 0.000475
10, 0.000000, 0.017141, 0.000018, 0.000013, 0.000374, 0.000475
10, 0.000000, 0.030531, 0.000034, 0.000020, 0.000747, 0.000982
10, 0.000000, 0.030541, 0.000034, 0.000020, 0.000747, 0.000982
10, 0.000000, 0.031688, 0.000035, 0.000021, 0.000767, 0.001005
10, 0.000000, 0.031694, 0.000035, 0.000021, 0.000767, 0.001005
10, 0.000000, 0.036727, 0.000038, 0.000022, 0.000853, 0.001058
10, 0.000000, 0.036733, 0.000038, 0.000022, 0.000853, 0.001058
10, 0.000000, 0.038019, 0.000038, 0.000022, 0.000873, 0.001067
10, 0.000000, 0.038013, 0.000038, 0.000022, 0.000873, 0.001067
10, 0.000000, 0.039164, 0.000039, 0.000023, 0.000899, 0.001103
10, 0.000000, 0.039153, 0.000039, 0.000023, 0.000899, 0.001103
10, 0.000000, 0.038906, 0.000040, 0.000024, 0.000896, 0.001111
10, 0.000000, 0.038934, 0.000040, 0.000024, 0.000896, 0.001111
10, 0.000000, 0.038837, 0.000041, 0.000026, 0.000898, 0.001128
10, 0.000000, 0.038875, 0.000041, 0.000026, 0.000899, 0.001128
10, 0.000000, 0.040483, 0.000041, 0.000026, 0.000932, 0.001189
10, 0.000000, 0.040504, 0.000041, 0.000026, 0.000932, 0.001190
10, 0.000000, 0.040601, 0.000042, 0.000028, 0.000941, 0.001219
10, 0.000000, 0.040625, 0.000042, 0.000028, 0.000942, 0.001219
10, 0.000000, 0.041417, 0.000042, 0.000027, 0.000955, 0.001231
10, 0.000000, 0.041416, 0.000042, 0.000027, 0.000955, 0.001231
10, 0.000000, 0.048495, 0.000044, 0.000029, 0.001091, 0.001335
10, 0.000000, 0.048532, 0.000045, 0.000029, 0.001092, 0.001335
10, 0.000000, 0.048806, 0.000046, 0.000030, 0.001108, 0.001395
11, 0.000000, 0.000234, 0.000000, 0.000000, 0.000005, 0.000012
11, 0.000000, 0.003101, 0.000003, 0.000002, 0.000066, 0.000091
11, 0.000000, 0.003108, 0.000003, 0.000002, 0.000067, 0.000095
11, 0.000000, 0.004236, 0.000005, 0.000004, 0.000096, 0.000129
11, 0.000000, 0.004261, 0.000005, 0.000004, 0.000097, 0.000134
11, 0.000000, 0.459044, 0.000561, 0.000385, 0.010730, 0.016456
11, 0.000000, 0.459044, 0.000561, 0.000385, 0.010730, 0.016456
11, 0.000000, 0.459970, 0.000561, 0.000383, 0.010742, 0.016464
11, 0.000000, 0.459988, 0.000561, 0.000383, 0.010743, 0.016463
11, 0.000000, 0.461283, 0.000562, 0.000384, 0.010759, 0.016464
11, 0.000000, 0.461320, 0.000562, 0.000384, 0.010759, 0.016464
11, 0.000000, 0.483836, 0.000569, 0.000380, 0.011110, 0.016679
11, 0.000000, 0.483843, 0.000569, 0.000380, 0.011111, 0.016679
11, 0.000000, 0.484890, 0.000569, 0.000380, 0.011135, 0.016679
11, 0.000000, 0.484902, 0.000569, 0.000380, 0.011135, 0.016680
11, 0.000000, 0.484340, 0.000569, 0.000379, 0.011128, 0.016681
11, 0.000000, 0.484387, 0.000569, 0.000379, 0.011128, 0.016681
11, 0.000000, 0.482909, 0.000568, 0.000379, 0.011111, 0.016681
11, 0.000000, 0.482942, 0.000568, 0.000379, 0.011111, 0.016681
11, 0.000000, 0.483414, 0.000568, 0.000379, 0.011118, 0.016684
11, 0.000000, 0.483414, 0.000568, 0.000379, 0.011118, 0.016684
11, 0.000000, 0.486797, 0.000569, 0.000380, 0.011165, 0.016690
11, 0.000000, 0.486825, 0.000569, 0.000380, 0.011166, 0.016690
11, 0.000000, 0.487760, 0.000570, 0.000380, 0.011179, 0.016694
11, 0.000000, 0.487751, 0.000570, 0.000380, 0.011179, 0.016694
11, 0.000000, 0.488259, 0.000570, 0.000381, 0.011185, 0.016693
11, 0.000000, 0.488249, 0.000570, 0.000381, 0.011185, 0.016693
11, 0.000000, 0.488043, 0.000570, 0.000380, 0.011182, 0.016692
11, 0.000000, 0.488024, 0.000570, 0.000380, 0.011182, 0.016692
11, 0.000000, 0.487729, 0.000570, 0.000380, 0.011182, 0.016693
11, 0.000000, 0.487712, 0.000570, 0.000380, 0.011182, 0.016693
11, 0.000000, 0.487642, 0.000570, 0.000380, 0.011184, 0.016693
12, 0.000000, 0.000236, 0.000000, 0.000000, 0.000005, 0.000011
12, 0.000000, 0.005561, 0.000006, 0.000004, 0.000121, 0.000143
12, 0.000000, 0.005648, 0.000006, 0.000004, 0.000122, 0.000143
12, 0.000000, 0.006142, 0.000007, 0.000004, 0.000140, 0.000172
12, 0.000000, 0.006180, 0.000007, 0.000004, 0.000141, 0.000173
12, 0.000000, 0.006685, 0.000008, 0.000005, 0.000165, 0.000241
12, 0.000000, 0.006747, 0.000008, 0.000005, 0.000166, 0.000242
12, 0.000000, 0.010768, 0.000014, 0.000009, 0.000252, 0.000347
12, 0.000000, 0.010781, 0.000014, 0.000009, 0.000252, 0.000347
12, 0.000000, 0.013180, 0.000015, 0.000009, 0.000299, 0.000384
12, 0.000000, 0.013213, 0.000015, 0.000009, 0.000300, 0.000385
12, 0.000000, 0.014983, 0.000016, 0.000009, 0.000344, 0.000447
12, 0.000000, 0.014967, 0.000016, 0.000009, 0.000344, 0.000447
12, 0.000000, 0.014912, 0.000016, 0.000010, 0.000345, 0.000460
12, 0.000000, 0.014965, 0.000016, 0.000010, 0.000346, 0.000461
12, 0.000000, 0.019089, 0.000018, 0.000011, 0.000421, 0.000510
12, 0.000000, 0.019130, 0.000019, 0.000011, 0.000422, 0.000511
12, 0.000000, 0.037358, 0.000035, 0.000019, 0.000821, 0.000997
12, 0.000000, 0.037364, 0.000035, 0.000019, 0.000821, 0.000997
12, 0.000000, 0.038294, 0.000036, 0.000019, 0.000842, 0.001022
12, 0.000000, 0.038315, 0.000036, 0.000019, 0.000843, 0.001022
12, 0.000000, 0.040057, 0.000037, 0.000020, 0.000882, 0.001062
12, 0.000000, 0.040081, 0.000037, 0.000020, 0.000883, 0.001062
12, 0.000000, 0.040604, 0.000037, 0.000021, 0.000892, 0.001074
12, 0.000000, 0.040612, 0.000038, 0.000021, 0.000893, 0.001074
12, 0.000000, 0.040238, 0.000038, 0.000021, 0.000888, 0.001079
12, 0.000000, 0.040273, 0.000038, 0.000021, 0.000889, 0.001079
12, 0.000000, 0.040583, 0.000038, 0.000021, 0.000898, 0.001089
12, 0.000000, 0.040546, 0.000038, 0.000021, 0.000897, 0.001089
12, 0.000000, 0.039643, 0.000038, 0.000022, 0.000889, 0.001104
12, 0.000000, 0.039625, 0.000038, 0.000022, 0.000889, 0.001105
12, 0.000000, 0.063682, 0.000063, 0.000031, 0.001457, 0.001731
13, 0.000000, 0.000251, 0.000000, 0.000000, 0.000006, 0.000014
13, 0.000000, 0.015399, 0.000019, 0.000010, 0.000357, 0.000495
13, 0.000000, 0.015383, 0.000019, 0.000010, 0.000357, 0.000495
13, 0.000000, 0.022966, 0.000027, 0.000014, 0.000564, 0.000808
13, 0.000000, 0.023004, 0.000027, 0.000014, 0.000564, 0.000808
13, 0.000000, 0.024486, 0.000030, 0.000018, 0.000600, 0.000877
13, 0.000000, 0.024470, 0.000030, 0.000018, 0.000599, 0.000877
13, 0.000000, 0.025856, 0.000033, 0.000019, 0.000639, 0.000940
13, 0.000000, 0.025853, 0.000033, 0.000019, 0.000639, 0.000940
13, 0.000000, 0.025650, 0.000033, 0.000019, 0.000641, 0.000946
13, 0.000000, 0.025649, 0.000033, 0.000019, 0.000641, 0.000946
13, 0.000000, 0.030987, 0.000039, 0.000026, 0.000774, 0.001199
13, 0.000000, 0.031022, 0.000039, 0.000026, 0.000774, 0.001199
13, 0.000000, 0.030908, 0.000040, 0.000027, 0.000778, 0.001213
13, 0.000000, 0.030917, 0.000040, 0.000027, 0.000778, 0.001213
13, 0.000000, 0.031081, 0.000041, 0.000027, 0.000784, 0.001222
13, 0.000000, 0.031060, 0.000041, 0.000027, 0.000783, 0.001222
13, 0.000000, 0.032372, 0.000043, 0.000030, 0.000814, 0.001264
13, 0.000000, 0.032371, 0.000043, 0.000030, 0.000814, 0.001264
13, 0.000000, 0.042806, 0.000050, 0.000033, 0.001047, 0.001474
13, 0.000000, 0.042825, 0.000050, 0.000033, 0.001047, 0.001474
13, 0.000000, 0.044027, 0.000052, 0.000034, 0.001077, 0.001494
13, 0.000000, 0.044033, 0.000052, 0.000034, 0.001077, 0.001494
13, 0.000000, 0.044085, 0.000052, 0.000035, 0.001082, 0.001499
13, 0.000000, 0.044087, 0.000052, 0.000035, 0.001082, 0.001499
13, 0.000000, 0.045087, 0.000055, 0.000035, 0.001116, 0.001535
13, 0.000000, 0.045059, 0.000055, 0.000035, 0.001115, 0.001536
13, 0.000000, 0.045759, 0.000055, 0.000036, 0.001127, 0.001549
13, 0.000000, 0.045751, 0.000055, 0.000036, 0.001127, 0.001549
13, 0.000000, 0.048341, 0.000058, 0.000038, 0.001180, 0.001595
13, 0.000000, 0.048372, 0.000058, 0.000038, 0.001181, 0.001595
13, 0.000000, 0.047930, 0.000058, 0.000038, 0.001173, 0.001602
14, 0.000000, 0.000292, 0.000000, 0.000000, 0.000007, 0.000018
14, 0.000000, 0.003122, 0.000004, 0.000002, 0.000073, 0.000105
14, 0.000000, 0.003114, 0.000004, 0.000002, 0.000073, 0.000107
14, 0.000000, 0.005453, 0.000008, 0.000006, 0.000130, 0.000201
14, 0.000000, 0.005441, 0.000008, 0.000006, 0.000130, 0.000201
14, 0.000000, 7.637115, 0.009861, 0.005675, 0.194219, 0.282799
14, 0.000000, 7.637090, 0.009861, 0.005675, 0.194219, 0.282799
14, 0.000000, 7.637191, 0.009861, 0.005674, 0.194218, 0.282797
14, 0.000000, 7.637172, 0.009861, 0.005674, 0.194218, 0.282797
14, 0.000000, 7.637036, 0.009861, 0.005674, 0.194213, 0.282794
14, 0.000000, 7.636981, 0.009861, 0.005674, 0.194212, 0.282794
14, 0.000000, 7.636254, 0.009861, 0.005674, 0.194202, 0.282794
14, 0.000000, 7.636248, 0.009861, 0.005674, 0.194201, 0.282794
14, 0.000000, 7.635656, 0.009861, 0.005674, 0.194193, 0.282794
14, 0.000000, 7.635629, 0.009861, 0.005674, 0.194193, 0.282793
14, 0.000000, 7.636621, 0.009860, 0.005675, 0.194209, 0.282793
14, 0.000000, 7.636616, 0.009860, 0.005675, 0.194208, 0.282792
14, 0.000000, 7.635392, 0.009859, 0.005676, 0.194189, 0.282792
14, 0.000000, 7.635338, 0.009859, 0.005676, 0.194189, 0.282792
14, 0.000000, 7.635651, 0.009860, 0.005673, 0.194178, 0.282785
14, 0.000000, 7.635643, 0.009860, 0.005673, 0.194178, 0.282785
14, 0.000000, 7.635199, 0.009861, 0.005674, 0.194170, 0.282787
14, 0.000000, 7.635175, 0.009861, 0.005674, 0.194170, 0.282787
14, 0.000000, 7.635509, 0.009861, 0.005674, 0.194174, 0.282787
14, 0.000000, 7.635483, 0.009861, 0.005674, 0.194174, 0.282787
14, 0.000000, 7.635775, 0.009861, 0.005674, 0.194178, 0.282790
14, 0.000000, 7.635819, 0.009861, 0.005674, 0.194178, 0.282790
14, 0.000000, 7.633958, 0.009860, 0.005675, 0.194168, 0.282789
14, 0.000000, 7.633957, 0.009860, 0.005675, 0.194168, 0.282789
14, 0.000000, 7.634844, 0.009860, 0.005674, 0.194174, 0.282790
14, 0.000000, 7.634809, 0.009860, 0.005674, 0.194173, 0.282790
14, 0.000000, 7.635657, 0.009858, 0.005673, 0.194178, 0.282786
15, 0.000000, 0.000262, 0.000000, 0.000000, 0.000006, 0.000014
15, 0.000000, 0.006977, 0.000008, 0.000006, 0.000157, 0.000204
15, 0.000000, 0.006988, 0.000008, 0.000006, 0.000157, 0.000204
15, 0.000000, 0.013080, 0.000018, 0.000010, 0.000311, 0.000413
15, 0.000000, 0.013089, 0.000018, 0.000010, 0.000311, 0.000414
15, 0.000000, 0.015604, 0.000021, 0.000013, 0.000364, 0.000479
15, 0.000000, 0.015630, 0.000021, 0.000013, 0.000364, 0.000480
15, 0.000000, 0.017094, 0.000022, 0.000015, 0.000390, 0.000516
15, 0.000000, 0.017121, 0.000022, 0.000015, 0.000390, 0.000517
15, 0.000000, 0.018329, 0.000023, 0.000016, 0.000422, 0.000581
15, 0.000000, 0.018315, 0.000023, 0.000016, 0.000423, 0.000581
15, 0.000000, 0.019182, 0.000024, 0.000016, 0.000441, 0.000598
15, 0.000000, 0.019229, 0.000024, 0.000016, 0.000442, 0.000598
15, 0.000000, 0.019522, 0.000024, 0.000016, 0.000450, 0.000606
15, 0.000000, 0.019540, 0.000024, 0.000016, 0.000450, 0.000606
15, 0.000000, 0.021017, 0.000025, 0.000016, 0.000484, 0.000629
15, 0.000000, 0.021039, 0.000025, 0.000016, 0.000484, 0.000630
15, 0.000000, 0.021496, 0.000027, 0.000017, 0.000523, 0.000692
15, 0.000000, 0.021543, 0.000027, 0.000017, 0.000524, 0.000692
15, 0.000000, 0.022689, 0.000028, 0.000018, 0.000544, 0.000715
15, 0.000000, 0.022669, 0.000028, 0.000018, 0.000544, 0.000715
15, 0.000000, 0.023268, 0.000028, 0.000018, 0.000557, 0.000723
15, 0.000000, 0.023288, 0.000028, 0.000018, 0.000557, 0.000724
15, 0.000000, 0.024789, 0.000029, 0.000018, 0.000579, 0.000735
15, 0.000000, 0.024826, 0.000029, 0.000018, 0.000580, 0.000736
15, 0.000000, 0.026041, 0.000030, 0.000019, 0.000604, 0.000754
15, 0.000000, 0.026065, 0.000030, 0.000019, 0.000604, 0.000754
15, 0.000000, 0.027330, 0.000031, 0.000019, 0.000631, 0.000770
15, 0.000000, 0.027363, 0.000031, 0.000019, 0.000631, 0.000771
15, 0.000000, 0.027379, 0.000031, 0.000019, 0.000635, 0.000782
15, 0.000000, 0.027414, 0.000031, 0.000019, 0.000636, 0.000783
15, 0.000000, 0.028033, 0.000032, 0.000020, 0.000650, 0.000811
16, 0.000000, 0.000268, 0.000000, 0.000001, 0.000006, 0.000015
16, 0.000000, 0.006556, 0.000008, 0.000004, 0.000148, 0.000205
16, 0.000000, 0.006573, 0.000008, 0.000004, 0.000149, 0.000206
16, 0.000000, 0.007389, 0.000009, 0.000006, 0.000175, 0.000237
16, 0.000000, 0.007403, 0.000009, 0.000006, 0.000175, 0.000237
16, 0.000000, 0.009515, 0.000012, 0.000008, 0.000226, 0.000314
16, 0.000000, 0.009537, 0.000012, 0.000008, 0.000226, 0.000315
16, 0.000000, 0.011629, 0.000015, 0.000009, 0.000277, 0.000380
16, 0.000000, 0.011594, 0.000015, 0.000009, 0.000276, 0.000381
16, 0.000000, 0.014236, 0.000017, 0.000010, 0.000330, 0.000428
16, 0.000000, 0.014222, 0.000017, 0.000010, 0.000329, 0.000428
16, 0.000000, 0.022419, 0.000030, 0.000025, 0.000530, 0.000738
16, 0.000000, 0.022373, 0.000030, 0.000025, 0.000529, 0.000738
16, 21612.683594, 3148857152110592.000000, 3624907098064.372070, 2050601338374.023438, 71156462670366.125000, 99353662290876.390625
16, 21612.683594, 3148857152110592.000000, 3624907098064.372070, 2050601338374.023438, 71156462670366.125000, 99353662290876.390625
16, 21612.683594, 3148857152110592.000000, 3624907098064.372070, 2050601338374.023438, 71156462670366.125000, 99353662290876.390625
16, 21612.683594, 3148857152110592.000000, 3624907098064.372070, 2050601338374.023438, 71156462670366.125000, 99353662290876.390625
16, 21612.683594, 3148857152110592.000000, 3624907098064.372070, 2050601338374.023438, 71156462670366.125000, 99353662290876.390625
16, 21612.683594, 3148857152110592.000000, 3624907098064.372070, 2050601338374.023438, 71156462670366.125000, 99353662290876.390625
16, 21612.683594, 3148857152110592.000000, 3624907098064.372070, 2050601338374.023438, 71156462670366.125000, 99353662290876.390625
16, 21612.683594, 3148857152110592.000000, 3624907098064.372070, 2050601338374.023438, 71156462670366.125000, 99353662290876.390625
16, 21612.683594, 3148857152110592.000000, 3624907098064.372070, 2050601338374.023438, 71156462670366.125000, 99353662290876.390625
16, 21612.683594, 3148857152110592.000000, 3624907098064.372070, 2050601338374.023438, 71156462670366.125000, 99353662290876.390625
16, 21612.683594, 3148857152110592.000000, 3624907098064.372070, 2050601338374.023438, 71156462670366.125000, 99353662290876.390625
16, 21612.683594, 3148857152110592.000000, 3624907098064.372070, 2050601338374.023438, 71156462670366.125000, 99353662290876.390625
16, 21612.683594, 3148857152110592.000000, 3624907098064.372070, 2050601338374.023438, 71156462670366.125000, 99353662290876.390625
16, 21612.683594, 3148857152110592.000000, 3624907098064.372070, 2050601338374.023438, 71156462670366.125000, 99353662290876.390625
16, 21612.683594, 3148857152110592.000000, 3624907098064.372070, 2050601338374.023438, 71156462670366.125000, 99353662290876.390625
16, 21612.683594, 3148857152110592.000000, 3624907098064.372070, 2050601338374.023438, 71156462670366.125000, 99353662290876.390625
16, 21612.683594, 3148857152110592.000000, 3624907098064.372070, 2050601338374.023438, 71156462670366.125000, 99353662290876.390625
16, 21612.683594, 3148857152110592.000000, 3624907098064.372070, 2050601338374.023438, 71156462670366.125000, 99353662290876.390625
16, 21612.683594, 3148857152110592.000000, 3624907098064.372070, 2050601338374.023438, 71156462670366.125000, 99353662290876.390625
17, 0.000000, 0.000259, 0.000002, 0.000002, 0.000007, 0.000017
17, 0.000000, 0.004217, 0.000006, 0.000004, 0.000095, 0.000147
17, 0.000000, 0.004242, 0.000006, 0.000004, 0.000096, 0.000149
17, 0.000000, 0.007819, 0.000012, 0.000008, 0.000188, 0.000312
17, 0.000000, 0.007815, 0.000012, 0.000008, 0.000188, 0.000313
17, 0.000000, 0.010092, 0.000014, 0.000009, 0.000244, 0.000376
17, 0.000000, 0.010127, 0.000014, 0.000009, 0.000245, 0.000376
17, 0.000000, 0.011577, 0.000016, 0.000010, 0.000277, 0.000428
17, 0.000000, 0.011562, 0.000016, 0.000010, 0.000277, 0.000428
17, 0.000000, 0.011404, 0.000018, 0.000011, 0.000282, 0.000448
17, 0.000000, 0.011407, 0.000018, 0.000011, 0.000282, 0.000448
17, 0.000000, 0.012435, 0.000019, 0.000012, 0.000305, 0.000477
17, 0.000000, 0.012482, 0.000019, 0.000012, 0.000306, 0.000477
17, 0.000000, 0.014294, 0.000022, 0.000014, 0.000349, 0.000548
17, 0.000000, 0.014259, 0.000022, 0.000014, 0.000349, 0.000549
17, 0.000000, 0.017980, 0.000028, 0.000020, 0.000453, 0.000701
17, 0.000000, 0.018006, 0.000028, 0.000020, 0.000454, 0.000701
17, 0.000000, 5.259454, 0.006667, 0.004609, 0.122052, 0.151634
17, 0.000000, 5.259469, 0.006667, 0.004609, 0.122052, 0.151633
17, 0.000000, 5.259838, 0.006666, 0.004609, 0.122058, 0.151637
17, 0.000000, 5.259842, 0.006666, 0.004609, 0.122058, 0.151637
17, 0.000000, 5.260136, 0.006667, 0.004610, 0.122067, 0.151638
17, 0.000000, 5.260129, 0.006667, 0.004610, 0.122067, 0.151638
17, 0.000000, 5.259501, 0.006665, 0.004608, 0.122056, 0.151634
17, 0.000000, 5.259488, 0.006665, 0.004607, 0.122055, 0.151634
17, 0.000000, 5.259551, 0.006666, 0.004609, 0.122055, 0.151633
17, 0.000000, 5.259576, 0.006666, 0.004609, 0.122055, 0.151633
17, 0.000000, 5.259529, 0.006666, 0.004609, 0.122054, 0.151634
17, 0.000000, 5.259547, 0.006666, 0.004609, 0.122055, 0.151634
17, 0.000000, 5.259408, 0.006668, 0.004611, 0.122047, 0.151635
17, 0.000000, 5.259406, 0.006668, 0.004611, 0.122047, 0.151635
17, 0.000000, 5.260278, 0.006668, 0.004612, 0.122059, 0.151639
18, 0.000000, 0.000324, 0.000001, 0.000001, 0.000008, 0.000024
18, 0.000000, 0.015424, 0.000020, 0.000014, 0.000327, 0.000426
18, 0.000000, 0.015426, 0.000020, 0.000014, 0.000327, 0.000426
18, 0.000000, 0.017724, 0.000025, 0.000017, 0.000392, 0.000553
18, 0.000000, 0.017712, 0.000025, 0.000017, 0.000392, 0.000554
18, 0.000000, 0.018807, 0.000026, 0.000019, 0.000417, 0.000586
18, 0.000000, 0.018809, 0.000026, 0.000019, 0.000417, 0.000586
18, 0.000000, 0.019272, 0.000026, 0.000019, 0.000431, 0.000603
18, 0.000000, 0.019297, 0.000026, 0.000019, 0.000431, 0.000603
18, 0.000000, 0.019656, 0.000028, 0.000020, 0.000453, 0.000632
18, 0.000000, 0.019652, 0.000028, 0.000020, 0.000453, 0.000632
18, 0.000000, 0.020372, 0.000029, 0.000020, 0.000467, 0.000648
18, 0.000000, 0.020369, 0.000029, 0.000020, 0.000467, 0.000648
18, 0.000000, 0.021416, 0.000029, 0.000020, 0.000481, 0.000664
18, 0.000000, 0.021440, 0.000029, 0.000020, 0.000481, 0.000665
18, 0.000000, 0.022995, 0.000030, 0.000021, 0.000504, 0.000694
18, 0.000000, 0.022996, 0.000030, 0.000021, 0.000504, 0.000694
18, 0.000000, 0.022445, 0.000030, 0.000020, 0.000503, 0.000709
18, 0.000000, 0.022480, 0.000030, 0.000020, 0.000504, 0.000709
18, 0.000000, 0.029905, 0.000038, 0.000025, 0.000673, 0.000909
18, 0.000000, 0.029941, 0.000038, 0.000025, 0.000673, 0.000910
18, 0.000000, 0.030103, 0.000038, 0.000025, 0.000682, 0.000932
18, 0.000000, 0.030131, 0.000038, 0.000025, 0.000682, 0.000933
18, 0.000000, 0.030901, 0.000039, 0.000025, 0.000694, 0.000945
18, 0.000000, 0.030908, 0.000039, 0.000026, 0.000694, 0.000945
18, 0.000000, 0.031381, 0.000040, 0.000026, 0.000708, 0.000961
18, 0.000000, 0.031425, 0.000040, 0.000026, 0.000709, 0.000961
18, 0.000000, 0.032070, 0.000042, 0.000027, 0.000731, 0.001016
18, 0.000000, 0.032103, 0.000042, 0.000027, 0.000731, 0.001016
18, 0.000000, 0.032836, 0.000043, 0.000028, 0.000747, 0.001026
18, 0.000000, 0.032851, 0.000043, 0.000028, 0.000748, 0.001026
18, 0.000000, 0.032889, 0.000043, 0.000028, 0.000751, 0.001033
19, 0.000000, 0.000281, 0.000001, 0.000001, 0.000006, 0.000011
19, 0.000000, 0.007017, 0.000009, 0.000006, 0.000161, 0.000242
19, 0.000000, 0.007009, 0.000009, 0.000006, 0.000162, 0.000243
19, 0.000000, 0.007835, 0.000011, 0.000007, 0.000187, 0.000282
19, 0.000000, 0.007837, 0.000011, 0.000007, 0.000187, 0.000282
19, 0.000000, 0.008987, 0.000012, 0.000007, 0.000214, 0.000321
19, 0.000000, 0.009031, 0.000012, 0.000007, 0.000215, 0.000321
19, 0.000000, 0.011306, 0.000013, 0.000007, 0.000257, 0.000350
19, 0.000000, 0.011347, 0.000013, 0.000007, 0.000258, 0.000350
19, 0.000000, 0.011805, 0.000014, 0.000008, 0.000271, 0.000372
19, 0.000000, 0.011812, 0.000014, 0.000008, 0.000271, 0.000373
19, 0.000000, 0.014509, 0.000016, 0.000009, 0.000325, 0.000425
19, 0.000000, 0.014532, 0.000016, 0.000009, 0.000325, 0.000425
19, 0.000000, 0.014108, 0.000017, 0.000011, 0.000329, 0.000458
19, 0.000000, 0.014107, 0.000017, 0.000011, 0.000330, 0.000459
19, 0.000000, 0.014795, 0.000018, 0.000011, 0.000346, 0.000471
19, 0.000000, 0.014834, 0.000018, 0.000011, 0.000347, 0.000473
19, 0.000000, 0.016103, 0.000019, 0.000012, 0.000374, 0.000500
19, 0.000000, 0.016123, 0.000019, 0.000012, 0.000375, 0.000502
19, 0.000000, 0.018025, 0.000022, 0.000013, 0.000417, 0.000540
19, 0.000000, 0.018054, 0.000022, 0.000014, 0.000418, 0.000540
19, 0.000000, 0.018780, 0.000023, 0.000015, 0.000438, 0.000582
19, 0.000000, 0.018776, 0.000023, 0.000015, 0.000438, 0.000582
19, 0.000000, 0.022658, 0.000030, 0.000020, 0.000538, 0.000738
19, 0.000000, 0.022696, 0.000030, 0.000020, 0.000539, 0.000738
19, 0.000000, 0.022948, 0.000030, 0.000020, 0.000547, 0.000782
19, 0.000000, 0.022985, 0.000030, 0.000020, 0.000548, 0.000782
19, 0.000000, 0.024220, 0.000031, 0.000021, 0.000567, 0.000806
19, 0.000000, 0.024220, 0.000031, 0.000021, 0.000567, 0.000806
19, 0.000000, 0.024131, 0.000031, 0.000021, 0.000573, 0.000822
19, 0.000000, 0.024149, 0.000031, 0.000021, 0.000573, 0.000822
19, 0.000000, 0.025719, 0.000034, 0.000023, 0.000605, 0.000863
20, 0.000000, 0.000345, 0.000000, 0.000000, 0.000007, 0.000013
20, 0.000000, 0.007057, 0.000011, 0.000007, 0.000166, 0.000224
20, 0.000000, 0.007052, 0.000011, 0.000007, 0.000166, 0.000225
20, 0.000000, 0.010293, 0.000014, 0.000010, 0.000241, 0.000323
20, 0.000000, 0.010353, 0.000014, 0.000010, 0.000242, 0.000323
20, 0.000000, 0.010416, 0.000017, 0.000012, 0.000261, 0.000386
20, 0.000000, 0.010422, 0.000017, 0.000012, 0.000261, 0.000386
20, 0.000000, 0.012532, 0.000019, 0.000014, 0.000306, 0.000433
20, 0.000000, 0.012555, 0.000019, 0.000014, 0.000306, 0.000434
20, 0.000000, 0.013999, 0.000021, 0.000017, 0.000335, 0.000489
20, 0.000000, 0.013996, 0.000021, 0.000017, 0.000335, 0.000489
20, 0.000000, 0.014085, 0.000022, 0.000018, 0.000342, 0.000499
20, 0.000000, 0.014093, 0.000022, 0.000018, 0.000342, 0.000499
20, 0.000000, 0.018390, 0.000026, 0.000018, 0.000415, 0.000590
20, 0.000000, 0.018397, 0.000026, 0.000018, 0.000416, 0.000590
20, 0.000000, 0.023642, 0.000035, 0.000026, 0.000551, 0.000773
20, 0.000000, 0.023658, 0.000035, 0.000026, 0.000552, 0.000773
20, 0.000000, 0.024432, 0.000036, 0.000026, 0.000565, 0.000794
20, 0.000000, 0.024414, 0.000036, 0.000026, 0.000565, 0.000795
20, 0.000000, 0.024743, 0.000037, 0.000027, 0.000577, 0.000808
20, 0.000000, 0.024793, 0.000037, 0.000027, 0.000578, 0.000808
20, 0.000000, 0.024823, 0.000039, 0.000031, 0.000587, 0.000831
20, 0.000000, 0.024855, 0.000039, 0.000031, 0.000588, 0.000831
20, 0.000000, 0.025063, 0.000040, 0.000032, 0.000594, 0.000842
20, 0.000000, 0.025081, 0.000040, 0.000032, 0.000595, 0.000842
20, 0.000000, 0.453435, 0.000598, 0.000331, 0.010755, 0.014908
20, 0.000000, 0.453463, 0.000598, 0.000331, 0.010756, 0.014908
20, 0.000000, 0.450067, 0.000597, 0.000329, 0.010727, 0.014914
20, 0.000000, 0.450086, 0.000597, 0.000329, 0.010727, 0.014914
20, 0.000000, 0.449328, 0.000597, 0.000329, 0.010719, 0.014913
20, 0.000000, 0.449356, 0.000597, 0.000329, 0.010719, 0.014914
20, 0.000000, 0.449262, 0.000598, 0.000331, 0.010718, 0.014914
21, 0.000000, 0.000285, 0.000000, 0.000000, 0.000007, 0.000018
21, 0.000000, 0.006097, 0.000009, 0.000005, 0.000147, 0.000215
21, 0.000000, 0.006071, 0.000009, 0.000005, 0.000147, 0.000216
21, 0.000000, 0.008300, 0.000012, 0.000008, 0.000195, 0.000292
21, 0.000000, 0.008306, 0.000012, 0.000008, 0.000195, 0.000292
21, 0.000000, 0.009644, 0.000014, 0.000009, 0.000223, 0.000325
21, 0.000000, 0.009623, 0.000014, 0.000009, 0.000223, 0.000325
21, 0.000000, 0.010176, 0.000015, 0.000010, 0.000244, 0.000378
21, 0.000000, 0.010165, 0.000016, 0.000010, 0.000244, 0.000378
21, 0.000000, 0.010605, 0.000016, 0.000011, 0.000254, 0.000396
21, 0.000000, 0.010599, 0.000016, 0.000011, 0.000254, 0.000397
21, 0.000000, 0.014798, 0.000021, 0.000013, 0.000343, 0.000517
21, 0.000000, 0.014819, 0.000021, 0.000013, 0.000343, 0.000517
21, 0.000000, 0.017092, 0.000028, 0.000020, 0.000413, 0.000623
21, 0.000000, 0.017084, 0.000028, 0.000020, 0.000413, 0.000624
21, 0.000000, 0.017383, 0.000029, 0.000022, 0.000423, 0.000642
21, 0.000000, 0.017374, 0.000029, 0.000022, 0.000423, 0.000643
21, 0.000000, 0.024809, 0.000041, 0.000031, 0.000624, 0.000935
21, 0.000000, 0.024806, 0.000041, 0.000031, 0.000624, 0.000936
21, 0.000000, 0.025443, 0.000042, 0.000032, 0.000641, 0.000966
21, 0.000000, 0.025432, 0.000042, 0.000032, 0.000641, 0.000967
21, 0.000000, 0.025720, 0.000042, 0.000031, 0.000646, 0.000973
21, 0.000000, 0.025701, 0.000042, 0.000031, 0.000646, 0.000973
21, 0.000000, 0.025891, 0.000043, 0.000032, 0.000651, 0.000991
21, 0.000000, 0.025891, 0.000043, 0.000032, 0.000651, 0.000991
21, 0.000000, 0.026501, 0.000044, 0.000033, 0.000666, 0.001003
21, 0.000000, 0.026530, 0.000044, 0.000033, 0.000667, 0.001003
21, 0.000000, 0.029087, 0.000049, 0.000038, 0.000736, 0.001086
21, 0.000000, 0.029099, 0.000049, 0.000038, 0.000736, 0.001086
21, 0.000000, 0.035258, 0.000052, 0.000039, 0.000840, 0.001151
21, 0.000000, 0.035250, 0.000052, 0.000039, 0.000840, 0.001151
21, 0.000000, 0.094300, 0.000109, 0.000061, 0.001984, 0.002182
22, 0.000000, 0.000328, 0.000001, 0.000001, 0.000007, 0.000018
22, 0.000000, 0.015954, 0.000025, 0.000014, 0.000368, 0.000466
22, 0.000000, 0.015962, 0.000025, 0.000014, 0.000368, 0.000466
22, 0.000000, 0.017864, 0.000026, 0.000015, 0.000406, 0.000515
22, 0.000000, 0.017863, 0.000026, 0.000015, 0.000406, 0.000516
22, 0.000000, 0.019576, 0.000031, 0.000018, 0.000462, 0.000567
22, 0.000000, 0.019587, 0.000031, 0.000018, 0.000463, 0.000568
22, 0.000000, 0.022361, 0.000036, 0.000022, 0.000533, 0.000662
22, 0.000000, 0.022345, 0.000036, 0.000022, 0.000533, 0.000662
22, 0.000000, 0.022359, 0.000037, 0.000022, 0.000537, 0.000677
22, 0.000000, 0.022392, 0.000037, 0.000022, 0.000538, 0.000678
22, 0.000000, 0.024951, 0.000043, 0.000026, 0.000605, 0.000819
22, 0.000000, 0.024946, 0.000043, 0.000027, 0.000605, 0.000820
22, 0.000000, 0.025376, 0.000048, 0.000030, 0.000630, 0.000869
22, 0.000000, 0.025385, 0.000048, 0.000030, 0.000631, 0.000869
22, 0.000000, 0.025609, 0.000048, 0.000031, 0.000636, 0.000880
22, 0.000000, 0.025604, 0.000048, 0.000032, 0.000636, 0.000880
22, 0.000000, 0.026635, 0.000051, 0.000035, 0.000663, 0.000905
22, 0.000000, 0.026616, 0.000051, 0.000035, 0.000662, 0.000906
22, 0.000000, 0.027834, 0.000052, 0.000037, 0.000685, 0.000918
22, 0.000000, 0.027813, 0.000052, 0.000037, 0.000686, 0.000919
22, 0.000000, 0.027550, 0.000052, 0.000038, 0.000686, 0.000930
22, 0.000000, 0.027537, 0.000052, 0.000038, 0.000686, 0.000931
22, 0.000000, 0.027601, 0.000053, 0.000037, 0.000688, 0.000949
22, 0.000000, 0.027577, 0.000053, 0.000037, 0.000688, 0.000949
22, 0.000000, 0.027648, 0.000053, 0.000037, 0.000697, 0.000956
22, 0.000000, 0.027644, 0.000053, 0.000037, 0.000697, 0.000956
22, 0.000000, 0.027798, 0.000055, 0.000038, 0.000705, 0.000975
22, 0.000000, 0.027801, 0.000055, 0.000038, 0.000705, 0.000975
22, 0.000000, 0.029820, 0.000059, 0.000042, 0.000739, 0.001045
22, 0.000000, 0.029809, 0.000059, 0.000042, 0.000739, 0.001045
22, 0.000000, 0.029865, 0.000059, 0.000041, 0.000746, 0.001054
23, 0.000000, 0.000271, 0.000001, 0.000001, 0.000007, 0.000017
23, 0.000000, 0.005881, 0.000008, 0.000005, 0.000138, 0.000199
23, 0.000000, 0.005917, 0.000008, 0.000005, 0.000138, 0.000200
23, 0.000000, 0.007501, 0.000010, 0.000006, 0.000170, 0.000238
23, 0.000000, 0.007543, 0.000010, 0.000006, 0.000171, 0.000239
23, 0.000000, 0.009608, 0.000015, 0.000010, 0.000220, 0.000348
23, 0.000000, 0.009597, 0.000016, 0.000010, 0.000220, 0.000349
23, 0.000000, 0.009939, 0.000016, 0.000012, 0.000233, 0.000373
23, 0.000000, 0.009972, 0.000016, 0.000012, 0.000234, 0.000373
23, 0.000000, 0.015183, 0.000024, 0.000015, 0.000361, 0.000526
23, 0.000000, 0.015227, 0.000024, 0.000015, 0.000362, 0.000526
23, 0.000000, 0.016309, 0.000026, 0.000017, 0.000388, 0.000565
23, 0.000000, 0.016336, 0.000026, 0.000017, 0.000389, 0.000565
23, 0.000000, 0.016762, 0.000028, 0.000018, 0.000400, 0.000583
23, 0.000000, 0.016797, 0.000028, 0.000018, 0.000401, 0.000583
23, 0.000000, 14.015918, 0.020246, 0.011160, 0.309171, 0.426943
23, 0.000000, 14.015888, 0.020246, 0.011160, 0.309171, 0.426942
23, 0.000000, 14.016101, 0.020245, 0.011160, 0.309165, 0.426935
23, 0.000000, 14.016076, 0.020245, 0.011160, 0.309165, 0.426935
23, 0.000000, 14.016175, 0.020245, 0.011160, 0.309166, 0.426935
23, 0.000000, 14.016186, 0.020245, 0.011160, 0.309166, 0.426935
23, 0.000000, 14.014784, 0.020245, 0.011162, 0.309152, 0.426934
23, 0.000000, 14.014778, 0.020245, 0.011162, 0.309152, 0.426934
23, 0.000000, 14.014878, 0.020246, 0.011163, 0.309152, 0.426934
23, 0.000000, 14.014847, 0.020246, 0.011163, 0.309151, 0.426934
23, 0.000000, 14.011767, 0.020245, 0.011163, 0.309105, 0.426935
23, 0.000000, 14.011775, 0.020245, 0.011163, 0.309106, 0.426935
23, 0.000000, 14.011871, 0.020245, 0.011163, 0.309108, 0.426936
23, 0.000000, 14.011901, 0.020245, 0.011163, 0.309108, 0.426935
23, 0.000000, 14.011775, 0.020246, 0.011165, 0.309112, 0.426935
23, 0.000000, 14.011741, 0.020246, 0.011165, 0.309112, 0.426934
23, 0.000000, 14.012520, 0.020246, 0.011165, 0.309121, 0.426934
24, 0.000000, 0.000250, 0.000001, 0.000001, 0.000007, 0.000014
24, 0.000000, 0.003372, 0.000005, 0.000003, 0.000077, 0.000104
24, 0.000000, 0.003384, 0.000005, 0.000003, 0.000077, 0.000105
24, 0.000000, 0.006876, 0.000010, 0.000006, 0.000155, 0.000244
24, 0.000000, 0.006855, 0.000010, 0.000006, 0.000155, 0.000245
24, 0.000000, 0.013077, 0.000024, 0.000015, 0.000315, 0.000506
24, 0.000000, 0.013092, 0.000024, 0.000015, 0.000315, 0.000507
24, 0.000000, 0.014018, 0.000025, 0.000015, 0.000332, 0.000520
24, 0.000000, 0.014006, 0.000025, 0.000015, 0.000331, 0.000521
24, 0.000000, 0.015496, 0.000026, 0.000015, 0.000358, 0.000565
24, 0.000000, 0.015476, 0.000026, 0.000015, 0.000358, 0.000565
24, 0.000000, 0.015542, 0.000027, 0.000015, 0.000364, 0.000574
24, 0.000000, 0.015548, 0.000027, 0.000015, 0.000364, 0.000575
24, 0.000000, 0.015572, 0.000027, 0.000016, 0.000374, 0.000597
24, 0.000000, 0.015555, 0.000027, 0.000016, 0.000375, 0.000598
24, 0.000000, 0.016774, 0.000029, 0.000017, 0.000400, 0.000618
24, 0.000000, 0.016785, 0.000029, 0.000017, 0.000401, 0.000618
24, 0.000000, 0.018419, 0.000031, 0.000018, 0.000439, 0.000680
24, 0.000000, 0.018449, 0.000031, 0.000018, 0.000440, 0.000680
24, 0.000000, 0.018821, 0.000031, 0.000018, 0.000457, 0.000696
24, 0.000000, 0.018797, 0.000031, 0.000018, 0.000457, 0.000696
24, 0.000000, 0.022942, 0.000038, 0.000020, 0.000563, 0.000814
24, 0.000000, 0.022945, 0.000038, 0.000020, 0.000564, 0.000814
24, 0.000000, 0.025454, 0.000041, 0.000021, 0.000620, 0.000864
24, 0.000000, 0.025485, 0.000041, 0.000021, 0.000621, 0.000865
24, 0.000000, 0.027088, 0.000043, 0.000023, 0.000644, 0.000917
24, 0.000000, 0.027082, 0.000043, 0.000023, 0.000644, 0.000918
24, 0.000000, 0.027232, 0.000043, 0.000023, 0.000652, 0.000931
24, 0.000000, 0.027255, 0.000043, 0.000023, 0.000653, 0.000932
24, 0.000000, 0.027123, 0.000044, 0.000023, 0.000657, 0.000942
24, 0.000000, 0.027145, 0.000044, 0.000023, 0.000658, 0.000943
24, 0.000000, 0.028189, 0.000046, 0.000025, 0.000694, 0.000996
25, 0.000000, 0.000281, 0.000000, 0.000000, 0.000006, 0.000009
25, 0.000000, 0.006808, 0.000009, 0.000004, 0.000161, 0.000199
25, 0.000000, 0.006846, 0.000009, 0.000004, 0.000161, 0.000199
25, 0.000000, 0.010042, 0.000016, 0.000008, 0.000234, 0.000315
25, 0.000000, 0.010077, 0.000016, 0.000008, 0.000235, 0.000316
25, 0.000000, 0.012973, 0.000022, 0.000011, 0.000308, 0.000431
25, 0.000000, 0.013002, 0.000022, 0.000011, 0.000309, 0.000432
25, 0.000000, 4669.245605, 6.584358, 3.161539, 108.099891, 153.512997
25, 0.000000, 4669.245605, 6.584358, 3.161539, 108.099891, 153.512997
25, 0.000000, 4669.246094, 6.584358, 3.161539, 108.099901, 153.512995
25, 0.000000, 4669.246582, 6.584358, 3.161539, 108.099906, 153.512995
25, 0.000000, 4669.247070, 6.584357, 3.161539, 108.099912, 153.512996
25, 0.000000, 4669.247070, 6.584357, 3.161539, 108.099912, 153.512996
25, 0.000000, 4669.245605, 6.584358, 3.161541, 108.099887, 153.512995
25, 0.000000, 4669.245605, 6.584358, 3.161541, 108.099887, 153.512995
25, 0.000000, 5057.144043, 7.109400, 3.427658, 115.679558, 165.658214
25, 0.000000, 5057.144043, 7.109400, 3.427658, 115.679558, 165.658214
25, 0.000000, 5057.145508, 7.109401, 3.427658, 115.679581, 165.658217
25, 0.000000, 5057.145508, 7.109401, 3.427658, 115.679581, 165.658217
25, 0.000000, 5057.145996, 7.109401, 3.427658, 115.679587, 165.658217
25, 0.000000, 5057.145996, 7.109401, 3.427658, 115.679587, 165.658217
25, 0.000000, 5057.145020, 7.109402, 3.427658, 115.679575, 165.658217
25, 0.000000, 5057.145020, 7.109402, 3.427658, 115.679575, 165.658218
25, 0.000000, 5057.144531, 7.109403, 3.427659, 115.679568, 165.658216
25, 0.000000, 5057.144531, 7.109403, 3.427659, 115.679568, 165.658216
25, 0.000000, 5057.144043, 7.109403, 3.427659, 115.679562, 165.658215
25, 0.000000, 5057.144043, 7.109403, 3.427659, 115.679562, 165.658212
25, 0.000000, 5057.144043, 7.109403, 3.427659, 115.679562, 165.658214
25, 0.000000, 5057.144043, 7.109403, 3.427659, 115.679562, 165.658216
25, 0.000000, 5057.142090, 7.109402, 3.427657, 115.679529, 165.658220
25, 0.000000, 5057.142090, 7.109402, 3.427657, 115.679529, 165.658220
25, 0.000000, 5057.143066, 7.109402, 3.427656, 115.679538, 165.658223
26, 0.000000, 0.000283, 0.000000, 0.000000, 0.000006, 0.000015
26, 0.000000, 0.004326, 0.000006, 0.000004, 0.000102, 0.000140
26, 0.000000, 0.004377, 0.000007, 0.000004, 0.000103, 0.000141
26, 0.000000, 0.005321, 0.000010, 0.000007, 0.000132, 0.000194
26, 0.000000, 0.005357, 0.000010, 0.000007, 0.000132, 0.000196
26, 0.000000, 0.005971, 0.000011, 0.000007, 0.000145, 0.000210
26, 0.000000, 0.005957, 0.000011, 0.000007, 0.000146, 0.000211
26, 0.000000, 0.011352, 0.000017, 0.000010, 0.000265, 0.000346
26, 0.000000, 0.011352, 0.000017, 0.000010, 0.000265, 0.000346
26, 0.000000, 0.012124, 0.000018, 0.000011, 0.000286, 0.000381
26, 0.000000, 0.012144, 0.000018, 0.000011, 0.000286, 0.000382
26, 0.000000, 0.014231, 0.000022, 0.000015, 0.000340, 0.000461
26, 0.000000, 0.014258, 0.000022, 0.000015, 0.000340, 0.000462
26, 0.000000, 0.015056, 0.000022, 0.000015, 0.000350, 0.000469
26, 0.000000, 0.015067, 0.000022, 0.000015, 0.000351, 0.000470
26, 0.000000, 0.018332, 0.000031, 0.000022, 0.000443, 0.000615
26, 0.000000, 0.018328, 0.000031, 0.000022, 0.000443, 0.000615
26, 0.000000, 0.021436, 0.000037, 0.000028, 0.000518, 0.000724
26, 0.000000, 0.021441, 0.000037, 0.000028, 0.000519, 0.000725
26, 0.000000, 0.022543, 0.000038, 0.000028, 0.000535, 0.000741
26, 0.000000, 0.022546, 0.000038, 0.000028, 0.000536, 0.000741
26, 0.000000, 0.022473, 0.000038, 0.000028, 0.000538, 0.000757
26, 0.000000, 0.022510, 0.000038, 0.000028, 0.000538, 0.000757
26, 0.000000, 0.023155, 0.000039, 0.000029, 0.000553, 0.000771
26, 0.000000, 0.023136, 0.000039, 0.000029, 0.000553, 0.000772
26, 0.000000, 1.794582, 0.002835, 0.001473, 0.042765, 0.061619
26, 0.000000, 1.794579, 0.002835, 0.001473, 0.042765, 0.061619
26, 0.000000, 1.795199, 0.002835, 0.001473, 0.042772, 0.061617
26, 0.000000, 1.795213, 0.002835, 0.001473, 0.042772, 0.061617
26, 0.000000, 1.795468, 0.002836, 0.001474, 0.042778, 0.061626
26, 0.000000, 1.795499, 0.002836, 0.001474, 0.042779, 0.061626
26, 0.000000, 1.795381, 0.002836, 0.001475, 0.042778, 0.061626
27, 0.000000, 0.000293, 0.000000, 0.000000, 0.000006, 0.000010
27, 0.000000, 0.004901, 0.000009, 0.000005, 0.000119, 0.000176
27, 0.000000, 0.004927, 0.000009, 0.000005, 0.000119, 0.000176
27, 0.000000, 0.007042, 0.000011, 0.000008, 0.000173, 0.000240
27, 0.000000, 0.007051, 0.000011, 0.000008, 0.000174, 0.000242
27, 0.000000, 0.008258, 0.000014, 0.000009, 0.000205, 0.000307
27, 0.000000, 0.008261, 0.000014, 0.000009, 0.000205, 0.000308
27, 0.000000, 0.011555, 0.000018, 0.000011, 0.000281, 0.000390
27, 0.000000, 0.011535, 0.000018, 0.000011, 0.000281, 0.000390
27, 0.000000, 0.011890, 0.000019, 0.000011, 0.000294, 0.000416
27, 0.000000, 0.011901, 0.000019, 0.000011, 0.000295, 0.000417
27, 0.000000, 0.012321, 0.000020, 0.000012, 0.000298, 0.000430
27, 0.000000, 0.012324, 0.000020, 0.000012, 0.000298, 0.000431
27, 0.000000, 0.013454, 0.000022, 0.000013, 0.000333, 0.000476
27, 0.000000, 0.013454, 0.000022, 0.000013, 0.000334, 0.000476
27, 0.000000, 0.015049, 0.000027, 0.000019, 0.000386, 0.000561
27, 0.000000, 0.015071, 0.000027, 0.000019, 0.000387, 0.000561
27, 0.000000, 0.017018, 0.000029, 0.000020, 0.000425, 0.000599
27, 0.000000, 0.017001, 0.000029, 0.000020, 0.000425, 0.000599
27, 0.000000, 0.016668, 0.000029, 0.000021, 0.000428, 0.000625
27, 0.000000, 0.016690, 0.000029, 0.000021, 0.000429, 0.000625
27, 0.000000, 0.021033, 0.000036, 0.000022, 0.000530, 0.000789
27, 0.000000, 0.021023, 0.000036, 0.000022, 0.000531, 0.000789
27, 0.000000, 0.021845, 0.000037, 0.000022, 0.000552, 0.000817
27, 0.000000, 0.021854, 0.000037, 0.000022, 0.000553, 0.000818
27, 0.000000, 0.022474, 0.000038, 0.000023, 0.000567, 0.000833
27, 0.000000, 0.022433, 0.000038, 0.000023, 0.000566, 0.000833
27, 0.000000, 0.026981, 0.000047, 0.000031, 0.000665, 0.000957
27, 0.000000, 0.026989, 0.000047, 0.000031, 0.000665, 0.000957
27, 0.000000, 0.026990, 0.000047, 0.000032, 0.000665, 0.000964
27, 0.000000, 0.026974, 0.000047, 0.000032, 0.000665, 0.000964
27, 0.000000, 0.036379, 0.000065, 0.000044, 0.000875, 0.001277
28, 0.000000, 0.000322, 0.000001, 0.000001, 0.000009, 0.000020
28, 0.000000, 0.005944, 0.000010, 0.000006, 0.000142, 0.000205
28, 0.000000, 0.005923, 0.000010, 0.000006, 0.000142, 0.000205
28, 0.000000, 0.008905, 0.000014, 0.000008, 0.000208, 0.000298
28, 0.000000, 0.008921, 0.000014, 0.000008, 0.000208, 0.000298
28, 0.000000, 0.013950, 0.000021, 0.000011, 0.000315, 0.000417
28, 0.000000, 0.013999, 0.000021, 0.000011, 0.000316, 0.000417
28, 0.000000, 0.014429, 0.000022, 0.000012, 0.000327, 0.000447
28, 0.000000, 0.014393, 0.000022, 0.000012, 0.000327, 0.000447
28, 0.000000, 0.016890, 0.000027, 0.000015, 0.000392, 0.000563
28, 0.000000, 0.016875, 0.000027, 0.000015, 0.000392, 0.000563
28, 0.000000, 0.019970, 0.000031, 0.000020, 0.000462, 0.000628
28, 0.000000, 0.019998, 0.000031, 0.000020, 0.000462, 0.000628
28, 0.000000, 0.020837, 0.000033, 0.000021, 0.000481, 0.000680
28, 0.000000, 0.020855, 0.000033, 0.000021, 0.000481, 0.000681
28, 0.000000, 0.022249, 0.000034, 0.000022, 0.000506, 0.000708
28, 0.000000, 0.022238, 0.000034, 0.000022, 0.000506, 0.000709
28, 0.000000, 0.025668, 0.000038, 0.000026, 0.000580, 0.000766
28, 0.000000, 0.025673, 0.000038, 0.000026, 0.000580, 0.000766
28, 0.000000, 0.026809, 0.000040, 0.000029, 0.000598, 0.000791
28, 0.000000, 0.026806, 0.000040, 0.000029, 0.000599, 0.000792
28, 0.000000, 0.029720, 0.000042, 0.000031, 0.000650, 0.000832
28, 0.000000, 0.029739, 0.000042, 0.000031, 0.000650, 0.000832
28, 0.000000, 0.029198, 0.000043, 0.000031, 0.000645, 0.000846
28, 0.000000, 0.029227, 0.000043, 0.000031, 0.000646, 0.000846
28, 0.000000, 0.029972, 0.000043, 0.000032, 0.000659, 0.000857
28, 0.000000, 0.029963, 0.000043, 0.000032, 0.000659, 0.000857
28, 0.000000, 246.751266, 0.389392, 0.212534, 5.575622, 6.401419
28, 0.000000, 246.751236, 0.389392, 0.212533, 5.575621, 6.401419
28, 0.000000, 246.751297, 0.389392, 0.212535, 5.575619, 6.401417
28, 0.000000, 246.751282, 0.389392, 0.212535, 5.575619, 6.401418
28, 0.000000, 246.750824, 0.389394, 0.212535, 5.575611, 6.401422
29, 0.000000, 0.000268, 0.000000, 0.000000, 0.000005, 0.000010
29, 0.000000, 0.004668, 0.000008, 0.000006, 0.000117, 0.000163
29, 0.000000, 0.004724, 0.000008, 0.000006, 0.000118, 0.000164
29, 0.000000, 0.006890, 0.000014, 0.000012, 0.000175, 0.000272
29, 0.000000, 0.006900, 0.000014, 0.000012, 0.000176, 0.000273
29, 0.000000, 0.012139, 0.000021, 0.000016, 0.000279, 0.000404
29, 0.000000, 0.012128, 0.000021, 0.000016, 0.000279, 0.000404
29, 0.000000, 0.015278, 0.000025, 0.000017, 0.000347, 0.000489
29, 0.000000, 0.015270, 0.000025, 0.000017, 0.000347, 0.000489
29, 0.000000, 0.015307, 0.000026, 0.000017, 0.000357, 0.000518
29, 0.000000, 0.015320, 0.000026, 0.000017, 0.000357, 0.000518
29, 0.000000, 0.015113, 0.000026, 0.000017, 0.000360, 0.000534
29, 0.000000, 0.015101, 0.000026, 0.000017, 0.000360, 0.000535
29, 0.000000, 0.018581, 0.000036, 0.000026, 0.000446, 0.000653
29, 0.000000, 0.018609, 0.000036, 0.000026, 0.000447, 0.000653
29, 0.000000, 0.018238, 0.000036, 0.000026, 0.000443, 0.000675
29, 0.000000, 0.018257, 0.000036, 0.000026, 0.000443, 0.000676
29, 0.000000, 0.019336, 0.000037, 0.000024, 0.000467, 0.000712
29, 0.000000, 0.019364, 0.000037, 0.000024, 0.000467, 0.000712
29, 0.000000, 0.020222, 0.000036, 0.000023, 0.000487, 0.000725
29, 0.000000, 0.020237, 0.000036, 0.000023, 0.000487, 0.000725
29, 0.000000, 0.021005, 0.000037, 0.000023, 0.000501, 0.000737
29, 0.000000, 0.021061, 0.000037, 0.000023, 0.000502, 0.000738
29, 0.000000, 0.024597, 0.000043, 0.000026, 0.000584, 0.000826
29, 0.000000, 0.024646, 0.000043, 0.000026, 0.000585, 0.000826
29, 0.000000, 0.024870, 0.000046, 0.000026, 0.000614, 0.000904
29, 0.000000, 0.024903, 0.000046, 0.000026, 0.000615, 0.000904
29, 0.000000, 0.025122, 0.000046, 0.000027, 0.000621, 0.000912
29, 0.000000, 0.025133, 0.000046, 0.000027, 0.000621, 0.000912
29, 0.000000, 0.025979, 0.000047, 0.000027, 0.000636, 0.000930
29, 0.000000, 0.025981, 0.000047, 0.000028, 0.000637, 0.000930
29, 0.000000, 0.029045, 0.000050, 0.000028, 0.000685, 0.000963
30, 0.000000, 0.000275, 0.000001, 0.000001, 0.000006, 0.000015
30, 0.000000, 0.005889, 0.000011, 0.000009, 0.000140, 0.000225
30, 0.000000, 0.005883, 0.000011, 0.000009, 0.000140, 0.000225
30, 0.000000, 0.695873, 0.000964, 0.000526, 0.015342, 0.019563
30, 0.000000, 0.695856, 0.000964, 0.000526, 0.015342, 0.019563
30, 0.000000, 0.697463, 0.000964, 0.000533, 0.015357, 0.019591
30, 0.000000, 0.697489, 0.000964, 0.000533, 0.015357, 0.019591
30, 0.000000, 0.696988, 0.000964, 0.000533, 0.015353, 0.019590
30, 0.000000, 0.696958, 0.000964, 0.000533, 0.015353, 0.019590
30, 0.000000, 0.696520, 0.000963, 0.000533, 0.015342, 0.019590
30, 0.000000, 0.696524, 0.000963, 0.000533, 0.015342, 0.019590
30, 0.000000, 0.696829, 0.000963, 0.000532, 0.015347, 0.019592
30, 0.000000, 0.696822, 0.000963, 0.000532, 0.015347, 0.019592
30, 0.000000, 0.696611, 0.000963, 0.000532, 0.015345, 0.019592
30, 0.000000, 0.696615, 0.000963, 0.000532, 0.015345, 0.019592
30, 0.000000, 0.695525, 0.000963, 0.000532, 0.015332, 0.019596
30, 0.000000, 0.695539, 0.000963, 0.000532, 0.015332, 0.019596
30, 0.000000, 0.697220, 0.000965, 0.000542, 0.015367, 0.019633
30, 0.000000, 0.697194, 0.000965, 0.000542, 0.015367, 0.019633
30, 0.000000, 0.697292, 0.000966, 0.000544, 0.015372, 0.019634
30, 0.000000, 0.697280, 0.000966, 0.000544, 0.015372, 0.019634
30, 0.000000, 0.697451, 0.000966, 0.000543, 0.015373, 0.019634
30, 0.000000, 0.697449, 0.000966, 0.000543, 0.015373, 0.019634
30, 0.000000, 0.699158, 0.000967, 0.000544, 0.015402, 0.019640
30, 0.000000, 0.699163, 0.000967, 0.000543, 0.015402, 0.019640
30, 0.000000, 0.699899, 0.000967, 0.000543, 0.015410, 0.019638
30, 0.000000, 0.699864, 0.000967, 0.000543, 0.015409, 0.019638
30, 0.000000, 0.700019, 0.000967, 0.000542, 0.015411, 0.019640
30, 0.000000, 0.700016, 0.000967, 0.000542, 0.015411, 0.019640
30, 0.000000, 0.700167, 0.000967, 0.000541, 0.015414, 0.019641
30, 0.000000, 0.700170, 0.000967, 0.000541, 0.015414, 0.019641
30, 0.000000, 0.699964, 0.000968, 0.000541, 0.015410, 0.019642
31, 0.000000, 0.000468, 0.000001, 0.000001, 0.000007, 0.000025
31, 0.000000, 0.011688, 0.000021, 0.000017, 0.000269, 0.000365
31, 0.000000, 0.011690, 0.000021, 0.000018, 0.000269, 0.000365
31, 0.000000, 0.012370, 0.000022, 0.000018, 0.000285, 0.000382
31, 0.000000, 0.012389, 0.000022, 0.000018, 0.000285, 0.000382
31, 0.000000, 0.015031, 0.000026, 0.000020, 0.000333, 0.000426
31, 0.000000, 0.015031, 0.000025, 0.000020, 0.000333, 0.000426
31, 0.000000, 0.015634, 0.000027, 0.000022, 0.000355, 0.000469
31, 0.000000, 0.015634, 0.000027, 0.000022, 0.000355, 0.000470
31, 0.000000, 0.017699, 0.000031, 0.000025, 0.000403, 0.000519
31, 0.000000, 0.017668, 0.000031, 0.000026, 0.000403, 0.000520
31, 0.000000, 0.018884, 0.000033, 0.000025, 0.000437, 0.000562
31, 0.000000, 0.018910, 0.000033, 0.000025, 0.000437, 0.000562
31, 0.000000, 0.019966, 0.000034, 0.000026, 0.000453, 0.000573
31, 0.000000, 0.019980, 0.000034, 0.000026, 0.000453, 0.000574
31, 0.000000, 0.021453, 0.000036, 0.000026, 0.000482, 0.000609
31, 0.000000, 0.021436, 0.000036, 0.000026, 0.000481, 0.000609
31, 0.000000, 2.574394, 0.003737, 0.001902, 0.057460, 0.076730
31, 0.000000, 2.574358, 0.003737, 0.001903, 0.057459, 0.076731
31, 0.000000, 2.574402, 0.003738, 0.001903, 0.057463, 0.076729
31, 0.000000, 2.574372, 0.003738, 0.001903, 0.057463, 0.076729
31, 0.000000, 2.573048, 0.003737, 0.001903, 0.057442, 0.076725
31, 0.000000, 2.573019, 0.003737, 0.001903, 0.057442, 0.076725
31, 0.000000, 2.572449, 0.003737, 0.001903, 0.057436, 0.076726
31, 0.000000, 2.572458, 0.003737, 0.001903, 0.057436, 0.076726
31, 0.000002, 22609.027344, 41.839208, 21.250208, 574.703613, 861.346576
31, 0.000002, 22609.027344, 41.839208, 21.250208, 574.703613, 861.346576
31, 0.000002, 22609.027344, 41.839207, 21.250206, 574.703606, 861.346578
31, 0.000002, 22609.027344, 41.839207, 21.250206, 574.703606, 861.346578
31, 0.000002, 22609.025391, 41.839207, 21.250206, 574.703581, 861.346578
31, 0.000002, 22609.025391, 41.839207, 21.250206, 574.703581, 861.346578
31, 0.000002, 22609.025391, 41.839208, 21.250207, 574.703603, 861.346590
32, 0.000000, 0.000316, 0.000001, 0.000001, 0.000007, 0.000018
32, 0.000000, 0.003945, 0.000006, 0.000003, 0.000091, 0.000134
32, 0.000000, 0.004006, 0.000006, 0.000003, 0.000092, 0.000135
32, 0.000000, 0.005638, 0.000009, 0.000005, 0.000135, 0.000200
32, 0.000000, 0.005692, 0.000009, 0.000005, 0.000136, 0.000200
32, 0.000000, 0.007989, 0.000015, 0.000010, 0.000199, 0.000289
32, 0.000000, 0.008040, 0.000015, 0.000010, 0.000199, 0.000290
32, 0.000000, 0.008502, 0.000015, 0.000011, 0.000207, 0.000296
32, 0.000000, 0.008483, 0.000015, 0.000011, 0.000207, 0.000296
32, 0.000000, 0.008890, 0.000016, 0.000011, 0.000217, 0.000318
32, 0.000000, 0.008928, 0.000016, 0.000011, 0.000218, 0.000319
32, 0.000000, 0.012655, 0.000020, 0.000013, 0.000298, 0.000424
32, 0.000000, 0.012683, 0.000020, 0.000013, 0.000298, 0.000424
32, 0.000000, 0.013544, 0.000020, 0.000013, 0.000312, 0.000443
32, 0.000000, 0.013548, 0.000021, 0.000013, 0.000313, 0.000444
32, 0.000000, 0.034367, 0.000045, 0.000026, 0.000748, 0.000926
32, 0.000000, 0.034399, 0.000045, 0.000026, 0.000748, 0.000926
32, 0.000000, 0.036110, 0.000049, 0.000029, 0.000807, 0.001037
32, 0.000000, 0.036110, 0.000049, 0.000029, 0.000807, 0.001037
32, 0.000000, 0.037727, 0.000052, 0.000030, 0.000840, 0.001069
32, 0.000000, 0.037742, 0.000052, 0.000030, 0.000840, 0.001069
32, 0.000000, 0.037166, 0.000052, 0.000030, 0.000834, 0.001077
32, 0.000000, 0.037158, 0.000052, 0.000030, 0.000834, 0.001077
32, 0.000000, 0.552526, 0.000934, 0.000691, 0.013036, 0.021562
32, 0.000000, 0.552471, 0.000934, 0.000691, 0.013035, 0.021562
32, 0.000000, 0.552434, 0.000933, 0.000691, 0.013034, 0.021562
32, 0.000000, 0.552433, 0.000933, 0.000691, 0.013034, 0.021563
32, 0.000000, 0.557968, 0.000934, 0.000692, 0.013112, 0.021566
32, 0.000000, 0.557967, 0.000934, 0.000692, 0.013112, 0.021566
32, 0.000000, 0.557755, 0.000934, 0.000693, 0.013108, 0.021567
32, 0.000000, 0.557708, 0.000934, 0.000693, 0.013108, 0.021567
32, 0.000000, 0.554531, 0.000935, 0.000695, 0.013071, 0.021563
33, 0.000000, 0.000283, 0.000000, 0.000000, 0.000005, 0.000011
33, 0.000000, 0.006102, 0.000011, 0.000007, 0.000148, 0.000203
33, 0.000000, 0.006127, 0.000011, 0.000007, 0.000148, 0.000203
33, 0.000000, 0.015088, 0.000025, 0.000014, 0.000364, 0.000528
33, 0.000000, 0.015112, 0.000025, 0.000015, 0.000364, 0.000528
33, 0.000000, 0.018124, 0.000029, 0.000017, 0.000425, 0.000600
33, 0.000000, 0.018145, 0.000029, 0.000017, 0.000425, 0.000601
33, 0.000000, 0.017892, 0.000029, 0.000017, 0.000424, 0.000609
33, 0.000000, 0.017909, 0.000029, 0.000017, 0.000424, 0.000609
33, 0.000003, 34187.902344, 46.778597, 23.717037, 805.993664, 1010.104875
33, 0.000003, 34187.902344, 46.778597, 23.717037, 805.993664, 1010.104875
33, 0.000003, 34187.902344, 46.778597, 23.717037, 805.993664, 1010.104875
33, 0.000003, 34187.902344, 46.778597, 23.717037, 805.993664, 1010.104875
33, 0.000003, 34187.902344, 46.778597, 23.717036, 805.993670, 1010.104876
33, 0.000003, 34187.902344, 46.778597, 23.717036, 805.993670, 1010.104876
33, 0.000003, 34187.902344, 46.778597, 23.717036, 805.993670, 1010.104875
33, 0.000003, 34187.902344, 46.778597, 23.717037, 805.993670, 1010.104875
33, 0.000003, 34185.343750, 46.777327, 23.716858, 805.950491, 1010.110999
33, 0.000003, 34185.343750, 46.777328, 23.716858, 805.950491, 1010.110999
33, 0.000003, 34185.347656, 46.777327, 23.716858, 805.950544, 1010.110999
33, 0.000003, 34185.347656, 46.777327, 23.716858, 805.950544, 1010.110999
33, 0.000003, 34185.343750, 46.777327, 23.716858, 805.950498, 1010.111005
33, 0.000003, 34185.343750, 46.777327, 23.716858, 805.950498, 1010.111005
33, 0.000003, 34185.343750, 46.777329, 23.716856, 805.950470, 1010.110975
33, 0.000003, 34185.343750, 46.777329, 23.716856, 805.950470, 1010.110975
33, 0.000003, 34185.339844, 46.777332, 23.716858, 805.950394, 1010.110964
33, 0.000003, 34185.339844, 46.777332, 23.716858, 805.950394, 1010.110966
33, 0.000003, 34185.339844, 46.777333, 23.716859, 805.950395, 1010.110968
33, 0.000003, 34185.339844, 46.777333, 23.716859, 805.950395, 1010.110968
33, 0.000003, 34185.339844, 46.777333, 23.716860, 805.950389, 1010.110967
33, 0.000003, 34185.339844, 46.777333, 23.716860, 805.950389, 1010.110967
33, 0.000003, 34185.339844, 46.777333, 23.716860, 805.950395, 1010.110967
34, 0.000000, 0.000335, 0.000001, 0.000001, 0.000007, 0.000013
34, 0.000000, 0.016983, 0.000031, 0.000015, 0.000415, 0.000560
34, 0.000000, 0.016975, 0.000031, 0.000016, 0.000416, 0.000561
34, 0.000000, 0.030480, 0.000049, 0.000026, 0.000742, 0.000897
34, 0.000000, 0.030455, 0.000049, 0.000025, 0.000742, 0.000897
34, 0.000000, 0.030421, 0.000050, 0.000026, 0.000743, 0.000906
34, 0.000000, 0.030438, 0.000050, 0.000026, 0.000743, 0.000906
34, 0.000000, 0.032022, 0.000051, 0.000029, 0.000782, 0.000936
34, 0.000000, 0.032006, 0.000051, 0.000029, 0.000782, 0.000936
34, 0.000000, 0.032371, 0.000053, 0.000029, 0.000792, 0.000978
34, 0.000000, 0.032328, 0.000053, 0.000030, 0.000792, 0.000978
34, 0.000000, 0.032395, 0.000054, 0.000031, 0.000796, 0.000989
34, 0.000000, 0.032418, 0.000054, 0.000031, 0.000796, 0.000989
34, 0.000000, 0.038396, 0.000069, 0.000054, 0.000948, 0.001192
34, 0.000000, 0.038380, 0.000069, 0.000054, 0.000948, 0.001193
34, 0.000000, 0.039204, 0.000068, 0.000054, 0.000963, 0.001199
34, 0.000000, 0.039204, 0.000068, 0.000053, 0.000963, 0.001199
34, 0.000000, 0.041745, 0.000070, 0.000054, 0.001010, 0.001245
34, 0.000000, 0.041736, 0.000070, 0.000054, 0.001009, 0.001245
34, 0.000000, 0.043212, 0.000071, 0.000054, 0.001035, 0.001254
34, 0.000000, 0.043175, 0.000071, 0.000054, 0.001035, 0.001254
34, 0.000000, 0.044135, 0.000073, 0.000053, 0.001080, 0.001324
34, 0.000000, 0.044132, 0.000073, 0.000052, 0.001080, 0.001325
34, 0.000000, 0.043884, 0.000074, 0.000052, 0.001088, 0.001341
34, 0.000000, 0.043866, 0.000074, 0.000052, 0.001087, 0.001341
34, 0.000000, 0.046346, 0.000075, 0.000054, 0.001137, 0.001361
34, 0.000000, 0.046349, 0.000075, 0.000054, 0.001137, 0.001361
34, 0.000000, 0.046925, 0.000076, 0.000055, 0.001144, 0.001375
34, 0.000000, 0.046911, 0.000076, 0.000055, 0.001144, 0.001375
34, 0.000000, 0.048158, 0.000077, 0.000056, 0.001162, 0.001383
34, 0.000000, 0.048181, 0.000077, 0.000056, 0.001163, 0.001384
34, 0.000000, 0.048738, 0.000077, 0.000056, 0.001181, 0.001392
35, 0.000000, 0.000279, 0.000001, 0.000001, 0.000006, 0.000008
35, 0.000000, 0.005823, 0.000012, 0.000012, 0.000136, 0.000203
35, 0.000000, 0.005825, 0.000013, 0.000012, 0.000137, 0.000203
35, 0.000000, 0.006033, 0.000013, 0.000012, 0.000144, 0.000217
35, 0.000000, 0.006054, 0.000013, 0.000012, 0.000144, 0.000219
35, 0.000000, 0.007720, 0.000015, 0.000013, 0.000177, 0.000255
35, 0.000000, 0.007739, 0.000015, 0.000012, 0.000177, 0.000255
35, 0.000000, 0.009706, 0.000019, 0.000013, 0.000230, 0.000320
35, 0.000000, 0.009728, 0.000019, 0.000013, 0.000231, 0.000320
35, 0.000000, 0.010854, 0.000022, 0.000016, 0.000258, 0.000370
35, 0.000000, 0.010859, 0.000022, 0.000016, 0.000259, 0.000370
35, 0.000000, 0.012934, 0.000025, 0.000018, 0.000314, 0.000465
35, 0.000000, 0.012947, 0.000025, 0.000018, 0.000315, 0.000466
35, 0.000000, 0.017020, 0.000032, 0.000025, 0.000406, 0.000571
35, 0.000000, 0.017005, 0.000032, 0.000025, 0.000406, 0.000572
35, 0.000000, 0.018534, 0.000036, 0.000025, 0.000453, 0.000637
35, 0.000000, 0.018506, 0.000036, 0.000026, 0.000453, 0.000638
35, 0.000000, 0.025481, 0.000040, 0.000029, 0.000591, 0.000757
35, 0.000000, 0.025487, 0.000040, 0.000030, 0.000592, 0.000758
35, 0.000000, 0.025119, 0.000042, 0.000033, 0.000587, 0.000768
35, 0.000000, 0.025078, 0.000042, 0.000033, 0.000586, 0.000768
35, 0.000000, 0.025813, 0.000044, 0.000035, 0.000605, 0.000802
35, 0.000000, 0.025796, 0.000044, 0.000035, 0.000605, 0.000802
35, 0.000000, 0.026142, 0.000046, 0.000034, 0.000626, 0.000839
35, 0.000000, 0.026137, 0.000046, 0.000034, 0.000626, 0.000839
35, 0.000000, 0.026446, 0.000048, 0.000037, 0.000641, 0.000860
35, 0.000000, 0.026429, 0.000048, 0.000037, 0.000641, 0.000860
35, 0.000000, 0.025482, 0.000049, 0.000037, 0.000632, 0.000884
35, 0.000000, 0.025486, 0.000049, 0.000037, 0.000633, 0.000884
35, 0.000000, 0.025589, 0.000050, 0.000038, 0.000638, 0.000895
35, 0.000000, 0.025558, 0.000050, 0.000038, 0.000637, 0.000895
35, 0.000000, 0.026398, 0.000051, 0.000038, 0.000665, 0.000929
36, 0.000000, 0.000249, 0.000000, 0.000000, 0.000006, 0.000010
36, 0.000000, 0.006295, 0.000009, 0.000006, 0.000139, 0.000199
36, 0.000000, 0.006230, 0.000009, 0.000006, 0.000138, 0.000199
36, 0.000000, 0.007464, 0.000013, 0.000010, 0.000185, 0.000274
36, 0.000000, 0.007460, 0.000013, 0.000010, 0.000185, 0.000275
36, 0.000000, 0.008464, 0.000015, 0.000011, 0.000210, 0.000310
36, 0.000000, 0.008448, 0.000015, 0.000010, 0.000210, 0.000311
36, 0.000000, 0.014597, 0.000023, 0.000015, 0.000356, 0.000514
36, 0.000000, 0.014611, 0.000023, 0.000015, 0.000356, 0.000515
36, 0.000000, 0.018182, 0.000029, 0.000020, 0.000437, 0.000589
36, 0.000000, 0.018202, 0.000029, 0.000020, 0.000437, 0.000589
36, 0.000000, 0.018710, 0.000030, 0.000021, 0.000450, 0.000608
36, 0.000000, 0.018710, 0.000030, 0.000021, 0.000450, 0.000609
36, 0.000000, 0.020946, 0.000036, 0.000024, 0.000504, 0.000686
36, 0.000000, 0.020947, 0.000036, 0.000024, 0.000504, 0.000687
36, 0.000000, 0.100453, 0.000182, 0.000114, 0.002459, 0.003547
36, 0.000000, 0.100471, 0.000182, 0.000114, 0.002459, 0.003547
36, 0.000000, 0.101286, 0.000184, 0.000116, 0.002476, 0.003563
36, 0.000000, 0.101272, 0.000184, 0.000116, 0.002476, 0.003563
36, 0.000000, 0.104629, 0.000185, 0.000116, 0.002518, 0.003596
36, 0.000000, 0.104636, 0.000185, 0.000116, 0.002517, 0.003597
36, 0.000000, 0.104951, 0.000185, 0.000115, 0.002524, 0.003600
36, 0.000000, 0.104911, 0.000185, 0.000115, 0.002523, 0.003600
36, 0.000000, 0.104179, 0.000184, 0.000114, 0.002515, 0.003602
36, 0.000000, 0.104214, 0.000184, 0.000114, 0.002515, 0.003603
36, 0.000000, 0.104189, 0.000183, 0.000113, 0.002519, 0.003614
36, 0.000000, 0.104188, 0.000183, 0.000113, 0.002519, 0.003614
36, 0.000000, 0.103066, 0.000185, 0.000113, 0.002514, 0.003624
36, 0.000000, 0.103078, 0.000185, 0.000113, 0.002514, 0.003624
36, 0.000000, 0.103741, 0.000183, 0.000112, 0.002524, 0.003629
36, 0.000000, 0.103762, 0.000183, 0.000112, 0.002524, 0.003629
36, 0.000000, 0.103641, 0.000180, 0.000107, 0.002527, 0.003639
37, 0.000000, 0.000276, 0.000001, 0.000000, 0.000006, 0.000014
37, 0.000000, 0.009266, 0.000014, 0.000009, 0.000211, 0.000286
37, 0.000000, 0.009290, 0.000015, 0.000009, 0.000212, 0.000287
37, 0.000000, 166.521133, 0.385356, 0.261336, 4.370334, 6.057632
37, 0.000000, 166.521149, 0.385356, 0.261336, 4.370334, 6.057632
37, 0.000000, 166.521729, 0.385353, 0.261335, 4.370342, 6.057634
37, 0.000000, 166.521759, 0.385353, 0.261335, 4.370342, 6.057634
37, 0.000000, 166.520096, 0.385352, 0.261337, 4.370320, 6.057631
37, 0.000000, 166.520111, 0.385352, 0.261337, 4.370320, 6.057631
37, 0.000000, 166.520126, 0.385352, 0.261336, 4.370317, 6.057627
37, 0.000000, 166.520157, 0.385352, 0.261336, 4.370318, 6.057627
37, 0.000000, 166.521271, 0.385356, 0.261342, 4.370331, 6.057623
37, 0.000000, 166.521271, 0.385356, 0.261342, 4.370331, 6.057622
37, 0.000000, 166.520462, 0.385359, 0.261348, 4.370320, 6.057626
37, 0.000000, 166.520447, 0.385359, 0.261348, 4.370319, 6.057626
37, 0.000000, 166.520462, 0.385360, 0.261349, 4.370320, 6.057626
37, 0.000000, 166.520477, 0.385360, 0.261349, 4.370320, 6.057627
37, 0.000000, 166.520111, 0.385362, 0.261352, 4.370316, 6.057629
37, 0.000000, 166.520126, 0.385362, 0.261352, 4.370316, 6.057630
37, 0.000000, 166.520798, 0.385364, 0.261355, 4.370329, 6.057638
37, 0.000000, 166.520813, 0.385364, 0.261355, 4.370329, 6.057638
37, 0.000000, 166.520447, 0.385365, 0.261357, 4.370326, 6.057637
37, 0.000000, 166.520447, 0.385365, 0.261357, 4.370327, 6.057637
37, 0.000000, 166.521683, 0.385363, 0.261352, 4.370334, 6.057634
37, 0.000000, 166.521683, 0.385363, 0.261352, 4.370334, 6.057634
37, 0.000000, 172.923019, 0.388636, 0.258340, 4.520991, 6.140057
37, 0.000000, 172.923035, 0.388636, 0.258340, 4.520991, 6.140057
37, 0.000000, 172.923004, 0.388636, 0.258341, 4.520993, 6.140059
37, 0.000000, 172.923019, 0.388636, 0.258341, 4.520993, 6.140060
37, 0.000000, 172.922836, 0.388636, 0.258341, 4.520995, 6.140060
37, 0.000000, 172.922836, 0.388636, 0.258341, 4.520995, 6.140060
37, 0.000000, 172.922501, 0.388634, 0.258338, 4.520989, 6.140057
38, 0.000000, 0.000366, 0.000001, 0.000001, 0.000006, 0.000021
38, 0.000000, 2.089352, 0.002943, 0.002235, 0.045228, 0.062090
38, 0.000000, 2.089327, 0.002943, 0.002235, 0.045227, 0.062090
38, 0.000000, 2.089676, 0.002942, 0.002235, 0.045231, 0.062091
38, 0.000000, 2.089681, 0.002942, 0.002235, 0.045231, 0.062091
38, 0.000000, 2.089913, 0.002942, 0.002235, 0.045236, 0.062090
38, 0.000000, 2.089869, 0.002942, 0.002235, 0.045236, 0.062091
38, 0.000000, 2.090895, 0.002941, 0.002235, 0.045244, 0.062092
38, 0.000000, 2.090935, 0.002941, 0.002235, 0.045245, 0.062092
38, 0.000000, 2.088479, 0.002941, 0.002234, 0.045221, 0.062097
38, 0.000000, 2.088478, 0.002941, 0.002234, 0.045221, 0.062097
38, 0.000000, 2.088826, 0.002941, 0.002234, 0.045226, 0.062099
38, 0.000000, 2.088803, 0.002941, 0.002234, 0.045226, 0.062099
38, 0.000000, 2.086416, 0.002941, 0.002234, 0.045190, 0.062100
38, 0.000000, 2.086469, 0.002941, 0.002234, 0.045191, 0.062101
38, 0.000000, 2.086449, 0.002943, 0.002234, 0.045192, 0.062101
38, 0.000000, 2.086424, 0.002943, 0.002234, 0.045192, 0.062101
38, 0.000000, 2.086754, 0.002943, 0.002233, 0.045195, 0.062102
38, 0.000000, 2.086773, 0.002943, 0.002233, 0.045196, 0.062102
38, 0.000000, 2.086495, 0.002942, 0.002232, 0.045193, 0.062100
38, 0.000000, 2.086515, 0.002942, 0.002232, 0.045193, 0.062100
38, 0.000000, 2.087380, 0.002943, 0.002233, 0.045207, 0.062108
38, 0.000000, 2.087359, 0.002943, 0.002233, 0.045207, 0.062108
38, 0.000000, 2.087490, 0.002943, 0.002232, 0.045212, 0.062108
38, 0.000000, 2.087493, 0.002943, 0.002232, 0.045212, 0.062108
38, 0.000000, 2.086189, 0.002946, 0.002231, 0.045198, 0.062115
38, 0.000000, 2.086176, 0.002946, 0.002231, 0.045198, 0.062115
38, 0.000000, 2.086816, 0.002946, 0.002231, 0.045206, 0.062111
38, 0.000000, 2.086787, 0.002946, 0.002231, 0.045206, 0.062111
38, 0.000000, 2.086204, 0.002945, 0.002231, 0.045197, 0.062108
38, 0.000000, 2.086193, 0.002945, 0.002231, 0.045197, 0.062108
38, 0.000000, 2.084812, 0.002942, 0.002232, 0.045182, 0.062102
39, 0.000000, 0.000290, 0.000001, 0.000000, 0.000006, 0.000013
39, 0.000000, 0.002900, 0.000005, 0.000003, 0.000065, 0.000104
39, 0.000000, 0.002903, 0.000005, 0.000003, 0.000065, 0.000105
39, 0.000000, 0.007555, 0.000013, 0.000007, 0.000181, 0.000277
39, 0.000000, 0.007542, 0.000013, 0.000007, 0.000181, 0.000278
39, 0.000000, 0.009162, 0.000015, 0.000009, 0.000215, 0.000329
39, 0.000000, 0.009152, 0.000015, 0.000009, 0.000215, 0.000330
39, 0.000000, 0.010704, 0.000018, 0.000010, 0.000253, 0.000363
39, 0.000000, 0.010693, 0.000018, 0.000010, 0.000253, 0.000364
39, 0.000000, 0.011346, 0.000019, 0.000011, 0.000273, 0.000403
39, 0.000000, 0.011337, 0.000019, 0.000011, 0.000273, 0.000403
39, 0.000000, 0.013679, 0.000025, 0.000019, 0.000327, 0.000473
39, 0.000000, 0.013691, 0.000025, 0.000019, 0.000327, 0.000473
39, 0.000000, 0.015037, 0.000028, 0.000023, 0.000357, 0.000508
39, 0.000000, 0.015066, 0.000028, 0.000023, 0.000358, 0.000508
39, 0.000000, 0.031840, 0.000063, 0.000038, 0.000760, 0.001072
39, 0.000000, 0.031884, 0.000063, 0.000038, 0.000760, 0.001072
39, 0.000000, 0.033601, 0.000063, 0.000037, 0.000789, 0.001082
39, 0.000000, 0.033614, 0.000063, 0.000038, 0.000789, 0.001082
39, 0.000000, 0.034430, 0.000064, 0.000038, 0.000802, 0.001092
39, 0.000000, 0.034444, 0.000064, 0.000038, 0.000803, 0.001092
39, 0.000000, 0.034950, 0.000064, 0.000038, 0.000811, 0.001095
39, 0.000000, 0.034948, 0.000064, 0.000038, 0.000811, 0.001095
39, 0.000000, 0.034999, 0.000068, 0.000039, 0.000826, 0.001125
39, 0.000000, 0.035039, 0.000068, 0.000039, 0.000827, 0.001125
39, 0.000000, 0.035925, 0.000068, 0.000038, 0.000851, 0.001163
39, 0.000000, 0.035940, 0.000068, 0.000038, 0.000851, 0.001163
39, 0.000000, 0.035868, 0.000070, 0.000042, 0.000859, 0.001176
39, 0.000000, 0.035891, 0.000070, 0.000042, 0.000859, 0.001176
39, 0.000000, 0.038225, 0.000076, 0.000045, 0.000909, 0.001251
39, 0.000000, 0.038223, 0.000076, 0.000045, 0.000909, 0.001251
39, 0.000000, 0.040584, 0.000074, 0.000048, 0.000952, 0.001292
40, 0.000000, 0.000253, 0.000001, 0.000001, 0.000007, 0.000018
40, 0.000000, 0.005511, 0.000010, 0.000007, 0.000126, 0.000190
40, 0.000000, 0.005502, 0.000010, 0.000007, 0.000126, 0.000192
40, 0.000000, 0.014471, 0.000026, 0.000015, 0.000343, 0.000515
40, 0.000000, 0.014479, 0.000026, 0.000015, 0.000343, 0.000516
40, 0.000000, 0.016802, 0.000029, 0.000017, 0.000389, 0.000566
40, 0.000000, 0.016822, 0.000029, 0.000017, 0.000389, 0.000566
40, 0.000000, 0.017589, 0.000030, 0.000017, 0.000405, 0.000578
40, 0.000000, 0.017631, 0.000030, 0.000017, 0.000406, 0.000578
40, 0.000000, 0.021810, 0.000036, 0.000020, 0.000505, 0.000668
40, 0.000000, 0.021850, 0.000036, 0.000020, 0.000506, 0.000669
40, 0.000000, 0.022728, 0.000039, 0.000024, 0.000526, 0.000704
40, 0.000000, 0.022723, 0.000039, 0.000024, 0.000526, 0.000704
40, 0.000000, 0.022498, 0.000039, 0.000024, 0.000533, 0.000720
40, 0.000000, 0.022518, 0.000039, 0.000024, 0.000533, 0.000720
40, 0.000000, 0.022122, 0.000039, 0.000024, 0.000532, 0.000732
40, 0.000000, 0.022120, 0.000039, 0.000024, 0.000532, 0.000733
40, 0.000000, 0.022375, 0.000039, 0.000023, 0.000538, 0.000747
40, 0.000000, 0.022401, 0.000039, 0.000023, 0.000539, 0.000747
40, 0.000000, 0.022219, 0.000040, 0.000024, 0.000547, 0.000771
40, 0.000000, 0.022218, 0.000040, 0.000024, 0.000547, 0.000773
40, 0.000000, 0.022818, 0.000042, 0.000025, 0.000562, 0.000804
40, 0.000000, 0.022850, 0.000042, 0.000025, 0.000563, 0.000804
40, 0.000000, 0.024048, 0.000044, 0.000026, 0.000582, 0.000833
40, 0.000000, 0.024124, 0.000044, 0.000026, 0.000583, 0.000833
40, 0.000000, 0.025131, 0.000045, 0.000027, 0.000604, 0.000864
40, 0.000000, 0.025150, 0.000045, 0.000027, 0.000604, 0.000865
40, 0.000000, 0.027449, 0.000050, 0.000031, 0.000653, 0.000939
40, 0.000000, 0.027482, 0.000050, 0.000031, 0.000653, 0.000939
40, 0.000000, 0.028671, 0.000051, 0.000032, 0.000681, 0.000955
40, 0.000000, 0.028680, 0.000051, 0.000032, 0.000681, 0.000956
40, 0.000000, 0.028417, 0.000054, 0.000036, 0.000684, 0.000984
41, 0.000000, 0.000236, 0.000001, 0.000001, 0.000006, 0.000012
41, 0.000000, 0.003482, 0.000005, 0.000002, 0.000077, 0.000098
41, 0.000000, 0.003526, 0.000005, 0.000003, 0.000078, 0.000100
41, 0.000000, 191.200607, 0.306290, 0.171724, 4.393890, 5.239892
41, 0.000000, 191.200562, 0.306290, 0.171724, 4.393890, 5.239892
41, 0.000000, 191.200378, 0.306290, 0.171724, 4.393878, 5.239888
41, 0.000000, 191.200409, 0.306290, 0.171724, 4.393879, 5.239889
41, 0.000000, 191.199066, 0.306287, 0.171722, 4.393853, 5.239892
41, 0.000000, 191.199112, 0.306287, 0.171722, 4.393853, 5.239892
41, 0.000000, 191.198929, 0.306286, 0.171722, 4.393847, 5.239887
41, 0.000000, 191.198944, 0.306286, 0.171722, 4.393848, 5.239887
41, 0.000000, 191.199478, 0.306288, 0.171722, 4.393853, 5.239892
41, 0.000000, 191.199478, 0.306288, 0.171722, 4.393853, 5.239892
41, 0.000000, 191.199753, 0.306290, 0.171723, 4.393859, 5.239895
41, 0.000000, 191.199722, 0.306290, 0.171723, 4.393858, 5.239894
41, 0.000000, 191.199387, 0.306290, 0.171724, 4.393850, 5.239896
41, 0.000000, 191.199387, 0.306290, 0.171724, 4.393850, 5.239895
41, 0.000000, 191.199783, 0.306289, 0.171724, 4.393855, 5.239897
41, 0.000000, 191.199768, 0.306289, 0.171724, 4.393855, 5.239897
41, 0.000000, 191.200058, 0.306284, 0.171722, 4.393844, 5.239884
41, 0.000000, 191.200058, 0.306284, 0.171722, 4.393843, 5.239883
41, 0.000000, 191.200424, 0.306284, 0.171723, 4.393850, 5.239885
41, 0.000000, 191.200470, 0.306284, 0.171723, 4.393850, 5.239885
41, 0.000000, 191.199753, 0.306282, 0.171722, 4.393840, 5.239883
41, 0.000000, 191.199768, 0.306282, 0.171722, 4.393840, 5.239883
41, 0.000000, 191.200302, 0.306283, 0.171722, 4.393849, 5.239883
41, 0.000000, 191.200287, 0.306283, 0.171722, 4.393849, 5.239883
41, 0.000000, 191.200211, 0.306284, 0.171724, 4.393848, 5.239890
41, 0.000000, 191.200241, 0.306284, 0.171724, 4.393849, 5.239890
41, 0.000000, 191.200256, 0.306285, 0.171724, 4.393852, 5.239891
41, 0.000000, 191.200287, 0.306285, 0.171724, 4.393852, 5.239891
41, 0.000000, 191.199905, 0.306285, 0.171724, 4.393851, 5.239891
42, 0.000000, 0.000308, 0.000001, 0.000001, 0.000006, 0.000015
42, 0.000000, 0.005294, 0.000015, 0.000013, 0.000138, 0.000220
42, 0.000000, 0.005320, 0.000015, 0.000013, 0.000139, 0.000221
42, 0.000000, 0.008200, 0.000024, 0.000019, 0.000217, 0.000341
42, 0.000000, 0.008228, 0.000024, 0.000019, 0.000218, 0.000341
42, 0.000000, 0.009524, 0.000026, 0.000022, 0.000240, 0.000363
42, 0.000000, 0.009524, 0.000026, 0.000023, 0.000241, 0.000364
42, 0.000000, 0.011951, 0.000030, 0.000025, 0.000291, 0.000424
42, 0.000000, 0.011966, 0.000030, 0.000025, 0.000291, 0.000424
42, 0.000000, 0.013933, 0.000034, 0.000028, 0.000338, 0.000481
42, 0.000000, 0.013940, 0.000034, 0.000029, 0.000340, 0.000483
42, 0.000000, 0.014331, 0.000035, 0.000031, 0.000350, 0.000504
42, 0.000000, 0.014330, 0.000035, 0.000031, 0.000350, 0.000505
42, 0.000000, 0.015208, 0.000035, 0.000032, 0.000373, 0.000534
42, 0.000000, 0.015225, 0.000035, 0.000032, 0.000374, 0.000534
42, 0.000000, 0.016982, 0.000038, 0.000033, 0.000434, 0.000601
42, 0.000000, 0.016972, 0.000038, 0.000033, 0.000434, 0.000601
42, 0.000000, 0.017903, 0.000038, 0.000033, 0.000451, 0.000620
42, 0.000000, 0.017936, 0.000038, 0.000033, 0.000452, 0.000620
42, 0.000000, 0.019117, 0.000043, 0.000039, 0.000476, 0.000645
42, 0.000000, 0.019136, 0.000043, 0.000039, 0.000476, 0.000645
42, 0.000000, 0.021320, 0.000046, 0.000041, 0.000514, 0.000687
42, 0.000000, 0.021291, 0.000046, 0.000041, 0.000514, 0.000687
42, 0.000000, 0.024325, 0.000051, 0.000045, 0.000574, 0.000775
42, 0.000000, 0.024303, 0.000051, 0.000045, 0.000574, 0.000776
42, 0.000000, 0.026356, 0.000051, 0.000044, 0.000610, 0.000823
42, 0.000000, 0.026353, 0.000051, 0.000045, 0.000611, 0.000824
42, 0.000000, 0.027075, 0.000052, 0.000046, 0.000624, 0.000833
42, 0.000000, 0.027101, 0.000052, 0.000046, 0.000624, 0.000833
42, 0.000000, 0.026722, 0.000052, 0.000046, 0.000632, 0.000856
42, 0.000000, 0.026722, 0.000052, 0.000046, 0.000632, 0.000857
42, 0.000000, 0.025976, 0.000051, 0.000043, 0.000629, 0.000879
43, 0.000000, 0.000268, 0.000000, 0.000000, 0.000006, 0.000011
43, 0.000000, 0.011513, 0.000018, 0.000014, 0.000251, 0.000326
43, 0.000000, 0.011486, 0.000018, 0.000014, 0.000251, 0.000327
43, 0.000000, 0.012168, 0.000019, 0.000015, 0.000275, 0.000363
43, 0.000000, 0.012127, 0.000019, 0.000015, 0.000275, 0.000364
43, 0.000352, 7922168.000000, 12202.192360, 8434.582215, 172245.404244, 214116.353740
43, 0.000352, 7922168.000000, 12202.192360, 8434.582215, 172245.404244, 214116.353740
43, 0.000352, 7922168.000000, 12202.192360, 8434.582215, 172245.404244, 214116.353740
43, 0.000352, 7922168.000000, 12202.192360, 8434.582215, 172245.404244, 214116.353740
43, 0.000352, 7922168.000000, 12202.192360, 8434.582215, 172245.404244, 214116.353740
43, 0.000352, 7922168.000000, 12202.192360, 8434.582215, 172245.404244, 214116.353740
43, 0.000352, 7922168.000000, 12202.192360, 8434.582215, 172245.404244, 214116.353740
43, 0.000352, 7922168.000000, 12202.192360, 8434.582215, 172245.404244, 214116.353740
43, 0.000352, 7922168.000000, 12202.192360, 8434.582215, 172245.404244, 214116.353740
43, 0.000352, 7922168.000000, 12202.192360, 8434.582215, 172245.404244, 214116.353740
43, 0.000352, 7922168.000000, 12202.192357, 8434.582163, 172245.404237, 214116.352251
43, 0.000352, 7922168.000000, 12202.192357, 8434.582163, 172245.404237, 214116.352251
43, 0.000352, 7922168.000000, 12202.192357, 8434.582163, 172245.404237, 214116.352251
43, 0.000352, 7922168.000000, 12202.192357, 8434.582163, 172245.404237, 214116.352251
43, 0.000352, 7922168.000000, 12202.192357, 8434.582163, 172245.404237, 214116.352251
43, 0.000352, 7922168.000000, 12202.192357, 8434.582163, 172245.404237, 214116.352251
43, 0.000352, 7922168.000000, 12202.192357, 8434.582163, 172245.404237, 214116.352251
43, 0.000352, 7922168.000000, 12202.192357, 8434.582163, 172245.404237, 214116.352251
43, 0.000352, 7922168.000000, 12202.192357, 8434.582163, 172245.404237, 214116.352251
43, 0.000352, 7922168.000000, 12202.192357, 8434.582163, 172245.404237, 214116.352251
43, 0.000352, 7922168.000000, 12202.192357, 8434.582163, 172245.404237, 214116.352251
43, 0.000352, 7922168.000000, 12202.192357, 8434.582163, 172245.404237, 214116.352251
43, 0.000352, 7922168.000000, 12202.192357, 8434.582163, 172245.404237, 214116.352251
43, 0.000352, 7922168.000000, 12202.192357, 8434.582163, 172245.404237, 214116.352251
43, 0.000352, 7922168.000000, 12202.192357, 8434.582163, 172245.404237, 214116.352251
43, 0.000352, 7922168.000000, 12202.192357, 8434.582163, 172245.404237, 214116.352251
43, 0.000352, 7922168.000000, 12202.192357, 8434.582163, 172245.404237, 214116.352251
44, 0.000000, 0.000239, 0.000001, 0.000001, 0.000006, 0.000013
44, 0.000000, 0.008306, 0.000010, 0.000005, 0.000165, 0.000184
44, 0.000000, 0.008313, 0.000010, 0.000005, 0.000166, 0.000185
44, 0.000000, 0.027702, 0.000039, 0.000022, 0.000592, 0.000706
44, 0.000000, 0.027730, 0.000039, 0.000021, 0.000592, 0.000706
44, 0.000000, 0.027640, 0.000038, 0.000021, 0.000592, 0.000719
44, 0.000000, 0.027696, 0.000038, 0.000021, 0.000593, 0.000719
44, 0.000000, 0.027397, 0.000040, 0.000022, 0.000596, 0.000766
44, 0.000000, 0.027416, 0.000040, 0.000022, 0.000596, 0.000766
44, 0.000000, 0.044291, 0.000076, 0.000041, 0.001106, 0.001631
44, 0.000000, 0.044258, 0.000076, 0.000041, 0.001106, 0.001631
44, 0.000000, 0.045994, 0.000079, 0.000044, 0.001131, 0.001662
44, 0.000000, 0.045998, 0.000079, 0.000044, 0.001131, 0.001662
44, 0.000000, 0.045837, 0.000079, 0.000043, 0.001132, 0.001666
44, 0.000000, 0.045822, 0.000079, 0.000043, 0.001132, 0.001665
44, 0.000000, 2.470317, 0.005233, 0.002604, 0.062480, 0.101162
44, 0.000000, 2.470331, 0.005233, 0.002604, 0.062480, 0.101162
44, 0.000000, 2.470667, 0.005234, 0.002603, 0.062481, 0.101163
44, 0.000000, 2.470647, 0.005234, 0.002603, 0.062481, 0.101163
44, 0.000000, 2.472260, 0.005231, 0.002601, 0.062502, 0.101166
44, 0.000000, 2.472229, 0.005231, 0.002601, 0.062501, 0.101166
44, 0.000000, 2.475527, 0.005226, 0.002598, 0.062536, 0.101168
44, 0.000000, 2.475522, 0.005225, 0.002598, 0.062537, 0.101168
44, 0.000000, 2.474963, 0.005225, 0.002598, 0.062528, 0.101164
44, 0.000000, 2.474956, 0.005225, 0.002598, 0.062528, 0.101164
44, 0.000000, 2.475037, 0.005227, 0.002599, 0.062525, 0.101164
44, 0.000000, 2.475016, 0.005227, 0.002599, 0.062524, 0.101164
44, 0.000000, 2.474799, 0.005227, 0.002599, 0.062521, 0.101163
44, 0.000000, 2.474776, 0.005227, 0.002599, 0.062520, 0.101163
44, 0.000000, 2.474961, 0.005227, 0.002598, 0.062521, 0.101163
44, 0.000000, 2.474927, 0.005227, 0.002598, 0.062520, 0.101163
44, 0.000000, 2.476371, 0.005226, 0.002598, 0.062538, 0.101168
45, 0.000000, 0.000520, 0.000001, 0.000001, 0.000007, 0.000020
45, 0.000000, 0.010314, 0.000014, 0.000008, 0.000218, 0.000259
45, 0.000000, 0.010249, 0.000014, 0.000008, 0.000217, 0.000259
45, 0.000000, 0.012257, 0.000018, 0.000013, 0.000263, 0.000319
45, 0.000000, 0.012229, 0.000018, 0.000013, 0.000262, 0.000319
45, 0.000000, 0.031979, 0.000053, 0.000032, 0.000767, 0.001132
45, 0.000000, 0.031950, 0.000053, 0.000032, 0.000767, 0.001132
45, 0.000000, 0.032027, 0.000054, 0.000031, 0.000770, 0.001154
45, 0.000000, 0.032020, 0.000054, 0.000031, 0.000770, 0.001155
45, 0.000000, 0.032476, 0.000055, 0.000033, 0.000779, 0.001163
45, 0.000000, 0.032451, 0.000055, 0.000033, 0.000779, 0.001163
45, 0.000000, 0.033521, 0.000055, 0.000034, 0.000804, 0.001204
45, 0.000000, 0.033515, 0.000055, 0.000034, 0.000804, 0.001205
45, 0.000000, 0.035489, 0.000063, 0.000044, 0.000856, 0.001289
45, 0.000000, 0.035467, 0.000063, 0.000044, 0.000856, 0.001289
45, 0.000000, 0.037677, 0.000072, 0.000055, 0.000933, 0.001439
45, 0.000000, 0.037673, 0.000072, 0.000055, 0.000933, 0.001439
45, 0.000000, 0.038026, 0.000073, 0.000057, 0.000947, 0.001451
45, 0.000000, 0.038050, 0.000073, 0.000057, 0.000947, 0.001451
45, 0.000000, 0.038774, 0.000073, 0.000057, 0.000961, 0.001460
45, 0.000000, 0.038761, 0.000073, 0.000057, 0.000961, 0.001460
45, 0.000000, 0.040105, 0.000075, 0.000060, 0.000991, 0.001491
45, 0.000000, 0.040124, 0.000075, 0.000060, 0.000991, 0.001492
45, 0.000000, 0.047840, 0.000093, 0.000070, 0.001214, 0.002008
45, 0.000000, 0.047817, 0.000093, 0.000070, 0.001213, 0.002009
45, 0.000000, 0.048307, 0.000094, 0.000073, 0.001226, 0.002024
45, 0.000000, 0.048296, 0.000094, 0.000073, 0.001226, 0.002024
45, 0.000000, 0.048030, 0.000093, 0.000070, 0.001225, 0.002031
45, 0.000000, 0.048038, 0.000093, 0.000070, 0.001225, 0.002031
45, 0.000000, 0.047925, 0.000094, 0.000070, 0.001225, 0.002042
45, 0.000000, 0.047922, 0.000094, 0.000070, 0.001225, 0.002042
45, 0.000000, 0.053168, 0.000102, 0.000077, 0.001322, 0.002136
46, 0.000000, 0.000267, 0.000001, 0.000001, 0.000006, 0.000014
46, 0.000000, 0.002268, 0.000003, 0.000002, 0.000052, 0.000072
46, 0.000000, 0.002297, 0.000004, 0.000002, 0.000052, 0.000076
46, 0.000000, 0.011368, 0.000020, 0.000010, 0.000251, 0.000315
46, 0.000000, 0.011369, 0.000020, 0.000010, 0.000251, 0.000316
46, 0.000000, 0.019862, 0.000039, 0.000018, 0.000459, 0.000621
46, 0.000000, 0.019895, 0.000039, 0.000019, 0.000460, 0.000622
46, 0.000000, 0.022320, 0.000039, 0.000020, 0.000498, 0.000663
46, 0.000000, 0.022333, 0.000039, 0.000020, 0.000498, 0.000663
46, 0.000000, 0.022825, 0.000042, 0.000022, 0.000529, 0.000735
46, 0.000000, 0.022801, 0.000042, 0.000022, 0.000529, 0.000736
46, 0.000000, 0.023755, 0.000042, 0.000022, 0.000544, 0.000747
46, 0.000000, 0.023777, 0.000042, 0.000022, 0.000545, 0.000748
46, 0.000000, 0.025353, 0.000044, 0.000026, 0.000581, 0.000787
46, 0.000000, 0.025338, 0.000044, 0.000026, 0.000581, 0.000788
46, 0.000000, 0.024876, 0.000045, 0.000027, 0.000580, 0.000811
46, 0.000000, 0.024872, 0.000045, 0.000028, 0.000581, 0.000811
46, 0.000000, 0.024522, 0.000048, 0.000029, 0.000590, 0.000841
46, 0.000000, 0.024499, 0.000048, 0.000029, 0.000590, 0.000841
46, 0.000000, 0.026667, 0.000049, 0.000030, 0.000628, 0.000874
46, 0.000000, 0.026670, 0.000049, 0.000030, 0.000628, 0.000874
46, 0.000000, 0.028369, 0.000050, 0.000031, 0.000654, 0.000886
46, 0.000000, 0.028373, 0.000050, 0.000031, 0.000654, 0.000887
46, 0.000000, 0.029089, 0.000050, 0.000032, 0.000662, 0.000893
46, 0.000000, 0.029134, 0.000050, 0.000032, 0.000663, 0.000893
46, 0.000000, 0.030203, 0.000050, 0.000032, 0.000694, 0.000941
46, 0.000000, 0.030183, 0.000051, 0.000033, 0.000696, 0.000943
46, 0.000000, 0.030403, 0.000051, 0.000034, 0.000707, 0.000963
46, 0.000000, 0.030355, 0.000051, 0.000033, 0.000706, 0.000963
46, 0.000000, 0.029386, 0.000052, 0.000035, 0.000698, 0.000979
46, 0.000000, 0.029392, 0.000052, 0.000034, 0.000698, 0.000980
46, 0.000000, 0.029223, 0.000053, 0.000035, 0.000700, 0.000986
47, 0.000000, 0.000274, 0.000001, 0.000001, 0.000006, 0.000016
47, 0.000000, 0.006622, 0.000012, 0.000010, 0.000151, 0.000191
47, 0.000000, 0.006591, 0.000012, 0.000010, 0.000151, 0.000192
47, 0.000000, 0.013468, 0.000026, 0.000021, 0.000331, 0.000508
47, 0.000000, 0.013444, 0.000026, 0.000021, 0.000330, 0.000508
47, 0.000000, 0.032127, 0.000049, 0.000027, 0.000704, 0.000813
47, 0.000000, 0.032108, 0.000050, 0.000027, 0.000704, 0.000813
47, 0.000000, 94.786713, 0.148940, 0.066683, 2.097839, 2.823623
47, 0.000000, 94.786697, 0.148939, 0.066683, 2.097839, 2.823623
47, 0.000000, 94.788788, 0.148941, 0.066682, 2.097854, 2.823622
47, 0.000000, 94.788757, 0.148941, 0.066682, 2.097854, 2.823622
47, 0.000000, 94.789223, 0.148941, 0.066683, 2.097861, 2.823621
47, 0.000000, 94.789223, 0.148941, 0.066683, 2.097861, 2.823621
47, 0.000000, 94.790756, 0.148942, 0.066684, 2.097883, 2.823621
47, 0.000000, 94.790726, 0.148942, 0.066684, 2.097882, 2.823621
47, 0.000000, 94.790047, 0.148942, 0.066684, 2.097878, 2.823621
47, 0.000000, 94.790024, 0.148942, 0.066684, 2.097878, 2.823621
47, 0.000000, 94.786575, 0.148942, 0.066687, 2.097822, 2.823619
47, 0.000000, 94.786552, 0.148942, 0.066687, 2.097822, 2.823619
47, 0.000000, 94.782005, 0.148941, 0.066688, 2.097766, 2.823613
47, 0.000000, 94.782005, 0.148941, 0.066688, 2.097767, 2.823613
47, 0.000000, 94.781448, 0.148941, 0.066689, 2.097763, 2.823612
47, 0.000000, 94.781410, 0.148941, 0.066689, 2.097762, 2.823612
47, 0.000000, 94.781990, 0.148941, 0.066689, 2.097769, 2.823614
47, 0.000000, 94.781990, 0.148941, 0.066689, 2.097769, 2.823614
47, 0.000000, 94.783318, 0.148940, 0.066690, 2.097784, 2.823619
47, 0.000000, 94.783318, 0.148940, 0.066690, 2.097784, 2.823619
47, 0.000000, 94.785912, 0.148940, 0.066690, 2.097823, 2.823622
47, 0.000000, 94.785889, 0.148940, 0.066690, 2.097823, 2.823622
47, 0.000000, 94.787201, 0.148939, 0.066689, 2.097831, 2.823624
47, 0.000000, 94.787209, 0.148939, 0.066689, 2.097831, 2.823624
47, 0.000000, 94.786018, 0.148938, 0.066689, 2.097816, 2.823623
48, 0.000000, 0.000304, 0.000001, 0.000001, 0.000006, 0.000012
48, 0.000000, 0.006150, 0.000013, 0.000007, 0.000146, 0.000214
48, 0.000000, 0.006185, 0.000013, 0.000007, 0.000146, 0.000215
48, 0.000000, 0.007644, 0.000017, 0.000011, 0.000179, 0.000264
48, 0.000000, 0.007667, 0.000017, 0.000011, 0.000179, 0.000265
48, 0.000000, 0.013097, 0.000023, 0.000015, 0.000294, 0.000410
48, 0.000000, 0.013118, 0.000023, 0.000015, 0.000295, 0.000411
48, 0.000000, 0.015547, 0.000024, 0.000014, 0.000348, 0.000453
48, 0.000000, 0.015569, 0.000024, 0.000014, 0.000348, 0.000453
48, 0.000000, 0.016676, 0.000026, 0.000015, 0.000375, 0.000485
48, 0.000000, 0.016703, 0.000026, 0.000015, 0.000376, 0.000485
48, 0.000000, 0.023020, 0.000041, 0.000032, 0.000529, 0.000751
48, 0.000000, 0.023039, 0.000041, 0.000032, 0.000530, 0.000752
48, 0.000000, 0.023004, 0.000042, 0.000034, 0.000537, 0.000776
48, 0.000000, 0.023051, 0.000042, 0.000033, 0.000538, 0.000775
48, 0.000000, 0.022627, 0.000045, 0.000038, 0.000545, 0.000798
48, 0.000000, 0.022700, 0.000045, 0.000038, 0.000547, 0.000798
48, 0.000000, 0.022711, 0.000047, 0.000042, 0.000552, 0.000826
48, 0.000000, 0.022771, 0.000047, 0.000042, 0.000552, 0.000825
48, 0.000000, 0.022562, 0.000047, 0.000041, 0.000555, 0.000844
48, 0.000000, 0.022654, 0.000047, 0.000041, 0.000556, 0.000844
48, 0.000000, 0.022667, 0.000048, 0.000041, 0.000556, 0.000860
48, 0.000000, 0.022746, 0.000048, 0.000041, 0.000558, 0.000861
48, 0.000000, 0.025677, 0.000054, 0.000044, 0.000655, 0.001045
48, 0.000000, 0.025708, 0.000054, 0.000044, 0.000655, 0.001045
48, 0.000000, 0.026117, 0.000055, 0.000044, 0.000667, 0.001062
48, 0.000000, 0.026166, 0.000055, 0.000044, 0.000668, 0.001062
48, 0.000000, 0.026785, 0.000055, 0.000044, 0.000680, 0.001073
48, 0.000000, 0.026843, 0.000055, 0.000044, 0.000681, 0.001074
48, 0.000000, 0.027026, 0.000056, 0.000045, 0.000682, 0.001092
48, 0.000000, 0.027080, 0.000056, 0.000045, 0.000683, 0.001092
48, 0.000000, 0.029872, 0.000059, 0.000046, 0.000739, 0.001149
49, 0.000000, 0.000288, 0.000001, 0.000000, 0.000006, 0.000013
49, 0.000000, 0.005774, 0.000014, 0.000009, 0.000140, 0.000214
49, 0.000000, 0.005783, 0.000014, 0.000009, 0.000141, 0.000215
49, 0.000000, 0.007178, 0.000015, 0.000010, 0.000170, 0.000260
49, 0.000000, 0.007210, 0.000015, 0.000010, 0.000170, 0.000261
49, 0.000000, 0.009470, 0.000018, 0.000012, 0.000227, 0.000340
49, 0.000000, 0.009469, 0.000018, 0.000012, 0.000228, 0.000341
49, 0.000000, 0.010972, 0.000020, 0.000013, 0.000261, 0.000386
49, 0.000000, 0.010976, 0.000020, 0.000013, 0.000261, 0.000386
49, 0.000000, 0.011362, 0.000021, 0.000013, 0.000271, 0.000404
49, 0.000000, 0.011392, 0.000021, 0.000014, 0.000272, 0.000404
49, 0.000000, 0.012964, 0.000023, 0.000016, 0.000305, 0.000450
49, 0.000000, 0.013001, 0.000023, 0.000016, 0.000306, 0.000451
49, 0.000000, 0.016599, 0.000029, 0.000021, 0.000392, 0.000585
49, 0.000000, 0.016641, 0.000029, 0.000021, 0.000393, 0.000586
49, 0.000000, 0.021979, 0.000046, 0.000042, 0.000557, 0.000807
49, 0.000000, 0.022020, 0.000046, 0.000042, 0.000558, 0.000807
49, 0.000000, 0.023133, 0.000048, 0.000044, 0.000582, 0.000840
49, 0.000000, 0.023181, 0.000049, 0.000045, 0.000584, 0.000840
49, 0.000000, 0.043583, 0.000070, 0.000047, 0.001000, 0.001245
49, 0.000000, 0.043599, 0.000070, 0.000047, 0.001000, 0.001245
49, 0.000000, 0.043386, 0.000070, 0.000048, 0.001001, 0.001271
49, 0.000000, 0.043394, 0.000070, 0.000048, 0.001001, 0.001271
49, 0.000000, 0.042839, 0.000071, 0.000051, 0.000998, 0.001286
49, 0.000000, 0.042866, 0.000071, 0.000051, 0.000999, 0.001287
49, 0.000000, 0.042960, 0.000071, 0.000052, 0.001003, 0.001292
49, 0.000000, 0.042989, 0.000071, 0.000052, 0.001003, 0.001292
49, 0.000000, 0.041474, 0.000073, 0.000057, 0.000993, 0.001350
49, 0.000000, 0.041505, 0.000073, 0.000057, 0.000993, 0.001350
49, 0.000000, 0.046069, 0.000076, 0.000060, 0.001069, 0.001390
49, 0.000000, 0.046092, 0.000076, 0.000060, 0.001070, 0.001390
49, 0.000000, 0.048290, 0.000078, 0.000064, 0.001104, 0.001405
50, 0.000000, 0.000270, 0.000000, 0.000000, 0.000006, 0.000014
50, 0.000000, 0.021024, 0.000036, 0.000016, 0.000482, 0.000591
50, 0.000000, 0.021035, 0.000035, 0.000016, 0.000483, 0.000591
50, 0.000000, 0.021948, 0.000036, 0.000016, 0.000498, 0.000608
50, 0.000000, 0.021945, 0.000036, 0.000016, 0.000499, 0.000608
50, 0.000000, 0.022452, 0.000040, 0.000019, 0.000525, 0.000648
50, 0.000000, 0.022463, 0.000040, 0.000019, 0.000526, 0.000648
50, 0.000000, 0.024209, 0.000044, 0.000021, 0.000568, 0.000692
50, 0.000000, 0.024229, 0.000044, 0.000021, 0.000568, 0.000692
50, 0.000000, 0.025245, 0.000045, 0.000023, 0.000588, 0.000718
50, 0.000000, 0.025253, 0.000045, 0.000023, 0.000589, 0.000718
50, 0.000050, 2828600.750000, 4058.864606, 2028.699305, 65875.509507, 82022.361737
50, 0.000050, 2828600.750000, 4058.864606, 2028.699305, 65875.509507, 82022.361737
50, 0.000050, 2828600.750000, 4058.864588, 2028.699306, 65875.509499, 82022.361615
50, 0.000050, 2828600.750000, 4058.864588, 2028.699306, 65875.509499, 82022.361615
50, 0.000050, 2828600.750000, 4058.864588, 2028.699306, 65875.509499, 82022.361615
50, 0.000050, 2828600.750000, 4058.864588, 2028.699306, 65875.509499, 82022.361615
50, 0.000050, 2828600.750000, 4058.864588, 2028.699306, 65875.509499, 82022.361615
50, 0.000050, 2828600.750000, 4058.864588, 2028.699306, 65875.509499, 82022.361615
50, 0.000050, 2828600.750000, 4058.864588, 2028.699306, 65875.509499, 82022.361615
50, 0.000050, 2828600.750000, 4058.864588, 2028.699306, 65875.509499, 82022.361615
50, 0.000050, 2828600.750000, 4058.864588, 2028.699306, 65875.509499, 82022.361615
50, 0.000050, 2828600.750000, 4058.864588, 2028.699306, 65875.509499, 82022.361615
50, 0.000050, 2828600.750000, 4058.864588, 2028.699306, 65875.509499, 82022.361615
50, 0.000050, 2828600.750000, 4058.864588, 2028.699306, 65875.509499, 82022.361615
50, 0.000050, 2828600.750000, 4058.864588, 2028.699306, 65875.509499, 82022.361615
50, 0.000050, 2828600.750000, 4058.864588, 2028.699306, 65875.509499, 82022.361615
50, 0.000050, 2828600.750000, 4058.864588, 2028.699306, 65875.509499, 82022.361615
50, 0.000050, 2828600.750000, 4058.864588, 2028.699306, 65875.509499, 82022.361615
50, 0.000050, 2828600.750000, 4058.864588, 2028.699306, 65875.509499, 82022.361615
50, 0.000050, 2828600.750000, 4058.864588, 2028.699306, 65875.509499, 82022.361615
50, 0.000050, 2828600.750000, 4058.864588, 2028.699306, 65875.509499, 82022.361615
51, 0.000000, 0.000287, 0.000001, 0.000001, 0.000006, 0.000014
51, 0.000000, 0.004754, 0.000009, 0.000007, 0.000116, 0.000174
51, 0.000000, 0.004723, 0.000009, 0.000007, 0.000116, 0.000175
51, 0.000000, 12.359856, 0.028235, 0.021868, 0.310321, 0.464017
51, 0.000000, 12.359837, 0.028235, 0.021869, 0.310321, 0.464016
51, 0.000000, 12.360520, 0.028234, 0.021864, 0.310334, 0.464026
51, 0.000000, 12.360483, 0.028234, 0.021864, 0.310334, 0.464026
51, 0.000000, 12.360998, 0.028235, 0.021866, 0.310343, 0.464028
51, 0.000000, 12.360969, 0.028235, 0.021866, 0.310343, 0.464028
51, 0.000000, 12.360433, 0.028235, 0.021867, 0.310335, 0.464026
51, 0.000000, 12.360427, 0.028235, 0.021867, 0.310334, 0.464027
51, 0.000000, 12.358721, 0.028236, 0.021867, 0.310316, 0.464035
51, 0.000000, 12.358692, 0.028236, 0.021867, 0.310315, 0.464035
51, 0.000000, 12.358586, 0.028238, 0.021871, 0.310311, 0.464037
51, 0.000000, 12.358580, 0.028238, 0.021871, 0.310311, 0.464036
51, 0.000000, 12.359004, 0.028237, 0.021870, 0.310312, 0.464035
51, 0.000000, 12.359011, 0.028237, 0.021870, 0.310312, 0.464035
51, 0.000000, 12.359083, 0.028237, 0.021869, 0.310312, 0.464035
51, 0.000000, 12.359079, 0.028237, 0.021869, 0.310312, 0.464035
51, 0.000000, 12.358115, 0.028238, 0.021873, 0.310296, 0.464027
51, 0.000000, 12.358088, 0.028238, 0.021873, 0.310295, 0.464026
51, 0.000000, 12.357812, 0.028236, 0.021868, 0.310286, 0.464024
51, 0.000000, 12.357798, 0.028236, 0.021868, 0.310286, 0.464024
51, 0.000000, 12.357410, 0.028237, 0.021869, 0.310282, 0.464023
51, 0.000000, 12.357392, 0.028237, 0.021869, 0.310282, 0.464023
51, 0.000000, 12.356701, 0.028237, 0.021875, 0.310293, 0.464038
51, 0.000000, 12.356688, 0.028237, 0.021875, 0.310293, 0.464038
51, 0.000000, 12.356223, 0.028237, 0.021874, 0.310292, 0.464039
51, 0.000000, 12.356224, 0.028237, 0.021874, 0.310292, 0.464039
51, 0.000000, 12.356923, 0.028237, 0.021873, 0.310300, 0.464038
51, 0.000000, 12.356934, 0.028237, 0.021873, 0.310299, 0.464038
51, 0.000000, 12.356601, 0.028237, 0.021873, 0.310296, 0.464040
52, 0.000000, 0.000316, 0.000000, 0.000000, 0.000006, 0.000010
52, 0.000000, 0.003953, 0.000007, 0.000004, 0.000097, 0.000146
52, 0.000000, 0.003975, 0.000007, 0.000004, 0.000098, 0.000148
52, 0.000000, 0.006363, 0.000012, 0.000007, 0.000159, 0.000236
52, 0.000000, 0.006361, 0.000012, 0.000007, 0.000159, 0.000237
52, 0.000000, 0.980697, 0.001555, 0.001283, 0.023064, 0.034802
52, 0.000000, 0.980685, 0.001555, 0.001283, 0.023064, 0.034803
52, 0.000000, 0.981200, 0.001555, 0.001284, 0.023068, 0.034807
52, 0.000000, 0.981215, 0.001555, 0.001284, 0.023068, 0.034807
52, 0.000000, 0.981223, 0.001555, 0.001283, 0.023073, 0.034805
52, 0.000000, 0.981227, 0.001555, 0.001284, 0.023073, 0.034805
52, 0.000000, 0.980437, 0.001555, 0.001285, 0.023063, 0.034805
52, 0.000000, 0.980436, 0.001555, 0.001285, 0.023063, 0.034805
52, 0.000000, 0.980500, 0.001555, 0.001285, 0.023068, 0.034803
52, 0.000000, 0.980475, 0.001555, 0.001285, 0.023067, 0.034804
52, 0.000000, 0.980304, 0.001556, 0.001286, 0.023073, 0.034816
52, 0.000000, 0.980294, 0.001556, 0.001285, 0.023073, 0.034816
52, 0.000000, 0.980833, 0.001557, 0.001286, 0.023081, 0.034818
52, 0.000000, 0.980843, 0.001557, 0.001286, 0.023081, 0.034818
52, 0.000000, 0.981261, 0.001557, 0.001286, 0.023091, 0.034818
52, 0.000000, 0.981263, 0.001557, 0.001286, 0.023091, 0.034818
52, 0.000000, 0.981813, 0.001558, 0.001287, 0.023100, 0.034824
52, 0.000000, 0.981784, 0.001558, 0.001287, 0.023100, 0.034824
52, 0.000000, 0.982065, 0.001557, 0.001289, 0.023110, 0.034825
52, 0.000000, 0.982057, 0.001558, 0.001289, 0.023111, 0.034825
52, 0.000000, 0.980880, 0.001559, 0.001288, 0.023118, 0.034841
52, 0.000000, 0.980901, 0.001559, 0.001288, 0.023118, 0.034840
52, 0.000000, 0.981613, 0.001560, 0.001289, 0.023134, 0.034846
52, 0.000000, 0.981648, 0.001560, 0.001289, 0.023134, 0.034846
52, 0.000000, 0.981940, 0.001560, 0.001290, 0.023141, 0.034848
52, 0.000000, 0.981965, 0.001560, 0.001290, 0.023141, 0.034848
52, 0.000000, 0.979332, 0.001562, 0.001278, 0.023087, 0.034852
53, 0.000000, 0.000293, 0.000001, 0.000001, 0.000006, 0.000014
53, 0.000000, 3.423074, 0.005616, 0.003009, 0.073367, 0.100108
53, 0.000000, 3.423085, 0.005616, 0.003009, 0.073367, 0.100108
53, 0.000000, 3.423068, 0.005616, 0.003009, 0.073363, 0.100107
53, 0.000000, 3.423114, 0.005616, 0.003009, 0.073363, 0.100107
53, 0.000000, 3.423890, 0.005616, 0.003008, 0.073373, 0.100099
53, 0.000000, 3.423860, 0.005616, 0.003008, 0.073373, 0.100099
53, 0.000000, 3.425803, 0.005616, 0.003008, 0.073402, 0.100101
53, 0.000000, 3.425828, 0.005616, 0.003008, 0.073402, 0.100101
53, 0.000000, 3.425757, 0.005615, 0.003008, 0.073398, 0.100103
53, 0.000000, 3.425758, 0.005615, 0.003008, 0.073398, 0.100103
53, 0.000000, 3.426215, 0.005614, 0.003008, 0.073404, 0.100102
53, 0.000000, 3.426208, 0.005614, 0.003008, 0.073404, 0.100103
53, 0.000000, 3.426431, 0.005615, 0.003008, 0.073405, 0.100109
53, 0.000000, 3.426445, 0.005615, 0.003008, 0.073406, 0.100109
53, 0.000000, 3.425767, 0.005615, 0.003008, 0.073395, 0.100109
53, 0.000000, 3.425757, 0.005615, 0.003008, 0.073395, 0.100109
53, 0.000000, 3.425833, 0.005615, 0.003008, 0.073395, 0.100108
53, 0.000000, 3.425817, 0.005615, 0.003008, 0.073395, 0.100108
53, 0.000000, 3.425356, 0.005615, 0.003009, 0.073390, 0.100110
53, 0.000000, 3.425342, 0.005615, 0.003009, 0.073390, 0.100111
53, 0.000000, 3.425182, 0.005615, 0.003009, 0.073387, 0.100112
53, 0.000000, 3.425182, 0.005615, 0.003009, 0.073387, 0.100112
53, 0.000000, 3.428555, 0.005617, 0.003012, 0.073443, 0.100108
53, 0.000000, 3.428547, 0.005617, 0.003012, 0.073442, 0.100108
53, 0.000000, 3.428193, 0.005617, 0.003012, 0.073437, 0.100109
53, 0.000000, 3.428205, 0.005617, 0.003012, 0.073437, 0.100109
53, 0.000000, 3.427783, 0.005618, 0.003012, 0.073434, 0.100109
53, 0.000000, 3.427763, 0.005618, 0.003012, 0.073434, 0.100109
53, 0.000000, 3.427517, 0.005617, 0.003013, 0.073430, 0.100108
53, 0.000000, 3.427519, 0.005617, 0.003013, 0.073430, 0.100109
53, 0.000000, 3.428204, 0.005616, 0.003011, 0.073436, 0.100106
54, 0.000000, 0.000323, 0.000004, 0.000004, 0.000009, 0.000017
54, 0.000000, 0.012025, 0.000022, 0.000014, 0.000281, 0.000383
54, 0.000000, 0.011999, 0.000022, 0.000015, 0.000281, 0.000383
54, 0.000000, 0.013678, 0.000024, 0.000013, 0.000315, 0.000422
54, 0.000000, 0.013713, 0.000024, 0.000013, 0.000315, 0.000422
54, 0.000000, 0.018769, 0.000031, 0.000017, 0.000421, 0.000560
54, 0.000000, 0.018778, 0.000031, 0.000017, 0.000421, 0.000560
54, 0.000000, 0.023441, 0.000036, 0.000019, 0.000510, 0.000644
54, 0.000000, 0.023461, 0.000036, 0.000019, 0.000511, 0.000644
54, 0.000000, 0.024364, 0.000037, 0.000019, 0.000530, 0.000658
54, 0.000000, 0.024369, 0.000037, 0.000019, 0.000530, 0.000659
54, 0.000000, 0.025106, 0.000038, 0.000019, 0.000544, 0.000670
54, 0.000000, 0.025159, 0.000038, 0.000020, 0.000545, 0.000671
54, 0.000000, 0.025354, 0.000040, 0.000020, 0.000552, 0.000685
54, 0.000000, 0.025384, 0.000040, 0.000021, 0.000552, 0.000686
54, 0.227514, 3225406976.000000, 7193512.739462, 5249141.027022, 81514048.158594, 128792763.627757
54, 0.227514, 3225406976.000000, 7193512.739462, 5249141.027022, 81514048.158594, 128792763.627757
54, 0.227514, 3225406976.000000, 7193512.739462, 5249141.027022, 81514048.158594, 128792763.627757
54, 0.227514, 3225406976.000000, 7193512.739462, 5249141.027022, 81514048.158594, 128792763.627757
54, 0.227514, 3225406976.000000, 7193512.739462, 5249141.027022, 81514048.158594, 128792763.627757
54, 0.227514, 3225406976.000000, 7193512.739462, 5249141.027022, 81514048.158594, 128792763.627757
54, 0.227514, 3225406976.000000, 7193512.739462, 5249141.027022, 81514048.158594, 128792763.627757
54, 0.227514, 3225406976.000000, 7193512.739462, 5249141.027022, 81514048.158594, 128792763.627757
54, 0.227514, 3225406976.000000, 7193512.739462, 5249141.027022, 81514048.158594, 128792763.627757
54, 0.227514, 3225406976.000000, 7193512.739462, 5249141.027022, 81514048.158594, 128792763.627757
54, 0.227514, 3225406976.000000, 7193512.739462, 5249141.027022, 81514048.158594, 128792763.627757
54, 0.227514, 3225406976.000000, 7193512.739462, 5249141.027022, 81514048.158594, 128792763.627757
54, 0.227514, 3225406976.000000, 7193512.739462, 5249141.027022, 81514048.158594, 128792763.627757
54, 0.227514, 3225406976.000000, 7193512.739462, 5249141.027022, 81514048.158594, 128792763.627757
54, 0.227514, 3225406976.000000, 7193512.739462, 5249141.027022, 81514048.158594, 128792763.627757
54, 0.227514, 3225406976.000000, 7193512.739462, 5249141.027022, 81514048.158594, 128792763.627757
54, 0.227514, 3225406976.000000, 7193512.739462, 5249141.027022, 81514048.158594, 128792763.627757
55, 0.000000, 0.000306, 0.000001, 0.000001, 0.000007, 0.000017
55, 0.000000, 0.004275, 0.000007, 0.000004, 0.000096, 0.000133
55, 0.000000, 0.004303, 0.000007, 0.000004, 0.000096, 0.000134
55, 0.000000, 0.012605, 0.000026, 0.000017, 0.000303, 0.000496
55, 0.000000, 0.012638, 0.000026, 0.000017, 0.000304, 0.000496
55, 0.000000, 0.013845, 0.000027, 0.000017, 0.000338, 0.000536
55, 0.000000, 0.013849, 0.000027, 0.000017, 0.000338, 0.000536
55, 0.000000, 60.411991, 0.095646, 0.056730, 1.401363, 1.959213
55, 0.000000, 60.412010, 0.095646, 0.056730, 1.401364, 1.959213
55, 0.000000, 60.412327, 0.095645, 0.056728, 1.401366, 1.959214
55, 0.000000, 60.412346, 0.095645, 0.056729, 1.401366, 1.959214
55, 0.000000, 60.412762, 0.095645, 0.056729, 1.401371, 1.959214
55, 0.000000, 60.412754, 0.095645, 0.056729, 1.401371, 1.959215
55, 0.000000, 60.413086, 0.095644, 0.056728, 1.401374, 1.959223
55, 0.000000, 60.413063, 0.095644, 0.056728, 1.401373, 1.959223
55, 0.000000, 60.412640, 0.095644, 0.056728, 1.401365, 1.959223
55, 0.000000, 60.412663, 0.095644, 0.056727, 1.401366, 1.959223
55, 0.000000, 60.412533, 0.095643, 0.056726, 1.401361, 1.959224
55, 0.000000, 60.412552, 0.095643, 0.056726, 1.401361, 1.959224
55, 0.000000, 60.412369, 0.095642, 0.056724, 1.401355, 1.959223
55, 0.000000, 60.412380, 0.095642, 0.056724, 1.401355, 1.959223
55, 0.000000, 60.412476, 0.095642, 0.056723, 1.401358, 1.959223
55, 0.000000, 60.412502, 0.095642, 0.056723, 1.401358, 1.959223
55, 0.000000, 60.413311, 0.095642, 0.056722, 1.401368, 1.959224
55, 0.000000, 60.413342, 0.095642, 0.056722, 1.401369, 1.959224
55, 0.000000, 60.413612, 0.095643, 0.056724, 1.401375, 1.959225
55, 0.000000, 60.413616, 0.095643, 0.056724, 1.401375, 1.959225
55, 0.000000, 60.413124, 0.095642, 0.056724, 1.401368, 1.959224
55, 0.000000, 60.413136, 0.095642, 0.056724, 1.401368, 1.959224
55, 0.000000, 60.412853, 0.095641, 0.056722, 1.401370, 1.959227
55, 0.000000, 60.412849, 0.095641, 0.056722, 1.401370, 1.959227
55, 0.000000, 60.414192, 0.095643, 0.056722, 1.401397, 1.959236
56, 0.000000, 0.000290, 0.000000, 0.000000, 0.000006, 0.000012
56, 0.000000, 0.005765, 0.000010, 0.000005, 0.000137, 0.000185
56, 0.000000, 0.005799, 0.000010, 0.000006, 0.000138, 0.000186
56, 0.000000, 0.006828, 0.000013, 0.000007, 0.000165, 0.000228
56, 0.000000, 0.006847, 0.000013, 0.000007, 0.000165, 0.000228
56, 0.000000, 0.011128, 0.000019, 0.000011, 0.000257, 0.000363
56, 0.000000, 0.011181, 0.000019, 0.000011, 0.000258, 0.000363
56, 0.000000, 0.013217, 0.000022, 0.000012, 0.000299, 0.000402
56, 0.000000, 0.013223, 0.000022, 0.000012, 0.000299, 0.000402
56, 0.000000, 0.016393, 0.000028, 0.000015, 0.000378, 0.000512
56, 0.000000, 0.016386, 0.000028, 0.000015, 0.000378, 0.000513
56, 0.000000, 0.017885, 0.000030, 0.000017, 0.000409, 0.000558
56, 0.000000, 0.017899, 0.000030, 0.000017, 0.000409, 0.000559
56, 0.000000, 0.018967, 0.000031, 0.000017, 0.000430, 0.000584
56, 0.000000, 0.018968, 0.000031, 0.000017, 0.000430, 0.000585
56, 0.000000, 0.020893, 0.000034, 0.000019, 0.000468, 0.000625
56, 0.000000, 0.020873, 0.000034, 0.000019, 0.000468, 0.000625
56, 0.000000, 0.020301, 0.000036, 0.000021, 0.000477, 0.000657
56, 0.000000, 0.020287, 0.000036, 0.000021, 0.000477, 0.000658
56, 0.000000, 0.020734, 0.000038, 0.000022, 0.000494, 0.000692
56, 0.000000, 0.020700, 0.000038, 0.000022, 0.000494, 0.000692
56, 0.000000, 0.020824, 0.000038, 0.000022, 0.000497, 0.000699
56, 0.000000, 0.020848, 0.000038, 0.000022, 0.000498, 0.000700
56, 0.000000, 0.022224, 0.000040, 0.000023, 0.000523, 0.000721
56, 0.000000, 0.022224, 0.000040, 0.000023, 0.000523, 0.000721
56, 0.000000, 0.024455, 0.000047, 0.000029, 0.000587, 0.000858
56, 0.000000, 0.024462, 0.000047, 0.000029, 0.000588, 0.000858
56, 0.000000, 0.024810, 0.000047, 0.000029, 0.000595, 0.000867
56, 0.000000, 0.024824, 0.000047, 0.000029, 0.000595, 0.000867
56, 0.000000, 0.025545, 0.000048, 0.000031, 0.000607, 0.000883
56, 0.000000, 0.025557, 0.000048, 0.000030, 0.000607, 0.000883
56, 0.000000, 0.026256, 0.000049, 0.000031, 0.000622, 0.000895
57, 0.000000, 0.000264, 0.000001, 0.000001, 0.000006, 0.000013
57, 0.000000, 0.005869, 0.000009, 0.000006, 0.000139, 0.000184
57, 0.000000, 0.005846, 0.000010, 0.000006, 0.000138, 0.000185
57, 0.000000, 0.008771, 0.000014, 0.000009, 0.000209, 0.000312
57, 0.000000, 0.008754, 0.000014, 0.000009, 0.000209, 0.000312
57, 0.000000, 0.009602, 0.000017, 0.000011, 0.000232, 0.000360
57, 0.000000, 0.009608, 0.000017, 0.000011, 0.000232, 0.000360
57, 0.000000, 0.013388, 0.000022, 0.000013, 0.000310, 0.000444
57, 0.000000, 0.013388, 0.000022, 0.000013, 0.000310, 0.000444
57, 0.000000, 0.018197, 0.000028, 0.000016, 0.000408, 0.000570
57, 0.000000, 0.018177, 0.000028, 0.000016, 0.000408, 0.000570
57, 0.000000, 0.020041, 0.000032, 0.000019, 0.000450, 0.000616
57, 0.000000, 0.020077, 0.000032, 0.000019, 0.000451, 0.000617
57, 0.000000, 0.019799, 0.000036, 0.000022, 0.000470, 0.000677
57, 0.000000, 0.019814, 0.000036, 0.000022, 0.000470, 0.000678
57, 0.000000, 0.020708, 0.000037, 0.000022, 0.000490, 0.000712
57, 0.000000, 0.020693, 0.000037, 0.000022, 0.000490, 0.000712
57, 0.000000, 0.024386, 0.000042, 0.000028, 0.000571, 0.000799
57, 0.000000, 0.024390, 0.000042, 0.000028, 0.000571, 0.000800
57, 0.000000, 0.024127, 0.000042, 0.000028, 0.000574, 0.000819
57, 0.000000, 0.024161, 0.000042, 0.000028, 0.000574, 0.000820
57, 0.000000, 0.024482, 0.000042, 0.000028, 0.000581, 0.000822
57, 0.000000, 0.024513, 0.000042, 0.000028, 0.000581, 0.000823
57, 0.000000, 0.023593, 0.000042, 0.000029, 0.000575, 0.000838
57, 0.000000, 0.023603, 0.000042, 0.000029, 0.000575, 0.000839
57, 0.000000, 0.037081, 0.000054, 0.000032, 0.000848, 0.001076
57, 0.000000, 0.037039, 0.000054, 0.000032, 0.000847, 0.001076
57, 0.000000, 0.038445, 0.000058, 0.000034, 0.000873, 0.001097
57, 0.000000, 0.038439, 0.000058, 0.000034, 0.000872, 0.001098
57, 0.000000, 0.039180, 0.000059, 0.000034, 0.000891, 0.001128
57, 0.000000, 0.039189, 0.000059, 0.000034, 0.000891, 0.001129
57, 0.000000, 0.039450, 0.000059, 0.000036, 0.000897, 0.001154
58, 0.000000, 0.000274, 0.000002, 0.000002, 0.000008, 0.000016
58, 0.000000, 0.007124, 0.000013, 0.000009, 0.000162, 0.000217
58, 0.000000, 0.007128, 0.000013, 0.000009, 0.000162, 0.000217
58, 0.000000, 0.008031, 0.000016, 0.000010, 0.000199, 0.000304
58, 0.000000, 0.008034, 0.000016, 0.000010, 0.000199, 0.000307
58, 0.000000, 0.011086, 0.000024, 0.000018, 0.000279, 0.000463
58, 0.000000, 0.011078, 0.000024, 0.000018, 0.000279, 0.000463
58, 0.000000, 0.012300, 0.000026, 0.000021, 0.000315, 0.000511
58, 0.000000, 0.012325, 0.000026, 0.000021, 0.000316, 0.000512
58, 0.386128, 29869574144.000000, 51385057.892805, 24205354.461397, 714241420.394577, 916123213.803317
58, 0.386128, 29869574144.000000, 51385057.892805, 24205354.461397, 714241420.394577, 916123213.803317
58, 0.386128, 29869574144.000000, 51385057.892805, 24205354.461397, 714241420.394577, 916123213.803317
58, 0.386128, 29869574144.000000, 51385057.892805, 24205354.461397, 714241420.394577, 916123213.803317
58, 0.386128, 29869574144.000000, 51385057.892805, 24205354.461397, 714241420.394577, 916123213.803317
58, 0.386128, 29869574144.000000, 51385057.892805, 24205354.461397, 714241420.394577, 916123213.803317
58, 0.386128, 29869574144.000000, 51385057.892805, 24205354.461397, 714241420.394577, 916123213.803317
58, 0.386128, 29869574144.000000, 51385057.892805, 24205354.461397, 714241420.394577, 916123213.803317
58, 0.386128, 29869574144.000000, 51385057.892805, 24205354.461397, 714241420.394577, 916123213.803317
58, 0.386128, 29869574144.000000, 51385057.892805, 24205354.461397, 714241420.394577, 916123213.803317
58, 0.386128, 29869574144.000000, 51385057.892805, 24205354.461397, 714241420.394577, 916123213.803317
58, 0.386128, 29869574144.000000, 51385057.892805, 24205354.461397, 714241420.394577, 916123213.803317
58, 0.386128, 29869574144.000000, 51385057.892805, 24205354.461397, 714241420.394577, 916123213.803317
58, 0.386128, 29869574144.000000, 51385057.892805, 24205354.461397, 714241420.394577, 916123213.803317
58, 0.386128, 29869574144.000000, 51385057.892805, 24205354.461397, 714241420.394577, 916123213.803317
58, 0.386128, 29869574144.000000, 51385057.892805, 24205354.461397, 714241420.394577, 916123213.803317
58, 0.386128, 29869574144.000000, 51385057.892805, 24205354.461397, 714241420.394577, 916123213.803317
58, 0.386128, 29869574144.000000, 51385057.892805, 24205354.461397, 714241420.394577, 916123213.803317
58, 0.386128, 29869574144.000000, 51385057.892805, 24205354.461397, 714241420.394577, 916123213.803317
58, 0.386128, 29869574144.000000, 51385057.892805, 24205354.461397, 714241420.394577, 916123213.803317
58, 0.386128, 29869574144.000000, 51385057.892805, 24205354.461397, 714241420.394577, 916123213.803317
58, 0.386128, 29869574144.000000, 51385057.892805, 24205354.461397, 714241420.394577, 916123213.803317
58, 0.386128, 29869574144.000000, 51385057.892805, 24205354.461397, 714241420.394577, 916123213.803317
59, 0.000000, 0.000266, 0.000001, 0.000001, 0.000007, 0.000015
59, 0.000000, 0.003584, 0.000007, 0.000005, 0.000086, 0.000119
59, 0.000000, 0.003581, 0.000007, 0.000005, 0.000086, 0.000120
59, 0.000000, 0.012467, 0.000019, 0.000011, 0.000270, 0.000363
59, 0.000000, 0.012551, 0.000019, 0.000011, 0.000271, 0.000363
59, 0.000000, 0.013684, 0.000021, 0.000011, 0.000308, 0.000402
59, 0.000000, 0.013670, 0.000021, 0.000012, 0.000308, 0.000403
59, 0.000000, 0.012822, 0.000023, 0.000013, 0.000311, 0.000443
59, 0.000000, 0.012837, 0.000023, 0.000014, 0.000311, 0.000444
59, 0.000000, 0.014521, 0.000025, 0.000015, 0.000345, 0.000487
59, 0.000000, 0.014541, 0.000025, 0.000015, 0.000345, 0.000487
59, 0.000000, 0.015011, 0.000027, 0.000016, 0.000360, 0.000521
59, 0.000000, 0.015012, 0.000027, 0.000016, 0.000360, 0.000521
59, 0.000000, 0.019513, 0.000042, 0.000025, 0.000461, 0.000650
59, 0.000000, 0.019512, 0.000042, 0.000025, 0.000461, 0.000650
59, 0.000000, 0.022566, 0.000046, 0.000028, 0.000528, 0.000743
59, 0.000000, 0.022599, 0.000046, 0.000028, 0.000529, 0.000743
59, 0.000000, 0.023248, 0.000046, 0.000028, 0.000542, 0.000765
59, 0.000000, 0.023273, 0.000046, 0.000028, 0.000542, 0.000766
59, 0.000000, 0.025514, 0.000048, 0.000029, 0.000581, 0.000799
59, 0.000000, 0.025530, 0.000048, 0.000029, 0.000581, 0.000799
59, 0.000000, 0.029786, 0.000056, 0.000032, 0.000687, 0.000950
59, 0.000000, 0.029803, 0.000056, 0.000032, 0.000688, 0.000951
59, 0.000000, 0.030280, 0.000056, 0.000033, 0.000702, 0.000969
59, 0.000000, 0.030285, 0.000056, 0.000033, 0.000702, 0.000969
59, 0.000000, 0.032771, 0.000059, 0.000034, 0.000748, 0.000997
59, 0.000000, 0.032766, 0.000059, 0.000034, 0.000748, 0.000997
59, 0.000000, 0.036013, 0.000069, 0.000038, 0.000855, 0.001130
59, 0.000000, 0.036028, 0.000069, 0.000038, 0.000855, 0.001130
59, 0.000000, 0.039915, 0.000071, 0.000038, 0.000911, 0.001205
59, 0.000000, 0.039930, 0.000071, 0.000038, 0.000911, 0.001205
59, 0.000000, 0.039866, 0.000072, 0.000039, 0.000917, 0.001219
60, 0.000000, 0.000230, 0.000000, 0.000001, 0.000005, 0.000012
60, 0.000000, 0.006763, 0.000012, 0.000009, 0.000160, 0.000217
60, 0.000000, 0.006796, 0.000012, 0.000009, 0.000160, 0.000219
60, 0.000000, 0.015317, 0.000027, 0.000016, 0.000377, 0.000577
60, 0.000000, 0.015327, 0.000027, 0.000016, 0.000378, 0.000577
60, 0.000000, 0.015868, 0.000027, 0.000016, 0.000397, 0.000600
60, 0.000000, 0.015903, 0.000027, 0.000017, 0.000397, 0.000600
60, 0.000000, 0.016301, 0.000031, 0.000020, 0.000414, 0.000629
60, 0.000000, 0.016333, 0.000031, 0.000020, 0.000415, 0.000630
60, 0.000000, 0.018316, 0.000033, 0.000021, 0.000460, 0.000667
60, 0.000000, 0.018346, 0.000033, 0.000021, 0.000461, 0.000667
60, 0.000000, 0.018373, 0.000034, 0.000022, 0.000465, 0.000686
60, 0.000000, 0.018394, 0.000034, 0.000022, 0.000466, 0.000687
60, 0.000000, 0.019556, 0.000037, 0.000025, 0.000487, 0.000734
60, 0.000000, 0.019568, 0.000037, 0.000025, 0.000487, 0.000734
60, 0.000000, 0.020200, 0.000037, 0.000025, 0.000496, 0.000746
60, 0.000000, 0.020221, 0.000037, 0.000025, 0.000497, 0.000746
60, 0.000000, 0.028186, 0.000050, 0.000033, 0.000679, 0.000936
60, 0.000000, 0.028175, 0.000050, 0.000033, 0.000679, 0.000937
60, 0.000000, 0.028763, 0.000051, 0.000033, 0.000687, 0.000942
60, 0.000000, 0.028727, 0.000051, 0.000033, 0.000686, 0.000942
60, 0.000000, 0.028713, 0.000052, 0.000033, 0.000691, 0.000953
60, 0.000000, 0.028697, 0.000052, 0.000033, 0.000691, 0.000954
60, 0.000000, 0.032091, 0.000054, 0.000035, 0.000745, 0.000996
60, 0.000000, 0.032095, 0.000054, 0.000035, 0.000745, 0.000997
60, 0.000000, 0.032552, 0.000055, 0.000036, 0.000756, 0.001005
60, 0.000000, 0.032544, 0.000055, 0.000036, 0.000756, 0.001005
60, 0.000000, 0.032469, 0.000056, 0.000036, 0.000758, 0.001013
60, 0.000000, 0.032460, 0.000056, 0.000036, 0.000758, 0.001013
60, 0.000000, 0.033294, 0.000056, 0.000036, 0.000772, 0.001025
60, 0.000000, 0.033291, 0.000056, 0.000036, 0.000773, 0.001025
60, 0.000000, 0.033631, 0.000056, 0.000036, 0.000776, 0.001031
61, 0.000000, 0.000332, 0.000001, 0.000001, 0.000007, 0.000012
61, 0.000000, 0.004191, 0.000008, 0.000006, 0.000101, 0.000142
61, 0.000000, 0.004231, 0.000008, 0.000006, 0.000102, 0.000143
61, 0.000000, 0.009833, 0.000017, 0.000010, 0.000214, 0.000275
61, 0.000000, 0.009858, 0.000017, 0.000010, 0.000215, 0.000276
61, 0.000000, 0.010493, 0.000018, 0.000010, 0.000229, 0.000301
61, 0.000000, 0.010523, 0.000018, 0.000010, 0.000230, 0.000302
61, 0.000000, 0.012261, 0.000023, 0.000017, 0.000277, 0.000374
61, 0.000000, 0.012309, 0.000023, 0.000017, 0.000278, 0.000375
61, 0.000000, 0.013257, 0.000024, 0.000017, 0.000297, 0.000391
61, 0.000000, 0.013308, 0.000024, 0.000017, 0.000298, 0.000392
61, 0.000000, 0.015407, 0.000028, 0.000024, 0.000351, 0.000445
61, 0.000000, 0.015459, 0.000028, 0.000024, 0.000352, 0.000446
61, 0.000000, 0.017793, 0.000033, 0.000032, 0.000417, 0.000529
61, 0.000000, 0.017824, 0.000034, 0.000032, 0.000419, 0.000531
61, 0.000000, 0.019331, 0.000040, 0.000040, 0.000448, 0.000569
61, 0.000000, 0.019376, 0.000040, 0.000040, 0.000448, 0.000569
61, 0.000000, 0.020118, 0.000040, 0.000039, 0.000470, 0.000588
61, 0.000000, 0.020127, 0.000040, 0.000039, 0.000470, 0.000589
61, 0.000000, 0.021070, 0.000043, 0.000042, 0.000495, 0.000625
61, 0.000000, 0.021076, 0.000043, 0.000042, 0.000495, 0.000626
61, 0.000000, 0.021578, 0.000044, 0.000043, 0.000511, 0.000657
61, 0.000000, 0.021600, 0.000044, 0.000043, 0.000512, 0.000658
61, 0.000000, 0.022852, 0.000045, 0.000044, 0.000544, 0.000699
61, 0.000000, 0.022880, 0.000045, 0.000044, 0.000545, 0.000699
61, 0.000019, 182842.515625, 340.681263, 191.146206, 4470.860230, 6050.027349
61, 0.000019, 182842.515625, 340.681263, 191.146206, 4470.860230, 6050.027349
61, 0.000019, 182842.515625, 340.681263, 191.146206, 4470.860230, 6050.027352
61, 0.000019, 182842.515625, 340.681263, 191.146206, 4470.860230, 6050.027352
61, 0.000019, 182842.515625, 340.681263, 191.146207, 4470.860230, 6050.027378
61, 0.000019, 182842.515625, 340.681263, 191.146207, 4470.860230, 6050.027378
61, 0.000019, 182842.515625, 340.681264, 191.146207, 4470.860231, 6050.027333
62, 0.000000, 0.000315, 0.000001, 0.000001, 0.000008, 0.000015
62, 0.000000, 0.003454, 0.000006, 0.000003, 0.000080, 0.000107
62, 0.000000, 0.003487, 0.000006, 0.000003, 0.000081, 0.000107
62, 0.000000, 0.004533, 0.000010, 0.000008, 0.000115, 0.000157
62, 0.000000, 0.004566, 0.000010, 0.000008, 0.000116, 0.000157
62, 0.000000, 0.006862, 0.000014, 0.000012, 0.000176, 0.000260
62, 0.000000, 0.006904, 0.000014, 0.000012, 0.000176, 0.000261
62, 0.000000, 0.015238, 0.000027, 0.000019, 0.000339, 0.000437
62, 0.000000, 0.015274, 0.000027, 0.000020, 0.000340, 0.000437
62, 0.000000, 0.021772, 0.000038, 0.000026, 0.000494, 0.000648
62, 0.000000, 0.021744, 0.000038, 0.000026, 0.000494, 0.000649
62, 0.000000, 0.022677, 0.000039, 0.000027, 0.000513, 0.000680
62, 0.000000, 0.022685, 0.000039, 0.000027, 0.000513, 0.000680
62, 0.000000, 0.024090, 0.000045, 0.000033, 0.000547, 0.000731
62, 0.000000, 0.024119, 0.000045, 0.000033, 0.000547, 0.000732
62, 0.000000, 0.026399, 0.000048, 0.000038, 0.000587, 0.000773
62, 0.000000, 0.026409, 0.000048, 0.000038, 0.000587, 0.000774
62, 0.000000, 0.027526, 0.000049, 0.000039, 0.000611, 0.000805
62, 0.000000, 0.027556, 0.000049, 0.000039, 0.000612, 0.000806
62, 0.000000, 0.028198, 0.000050, 0.000038, 0.000630, 0.000835
62, 0.000000, 0.028192, 0.000050, 0.000039, 0.000630, 0.000835
62, 0.000005, 51277.914062, 104.434136, 85.184497, 1208.136402, 1759.469231
62, 0.000005, 51277.914062, 104.434136, 85.184497, 1208.136402, 1759.469231
62, 0.000005, 51277.914062, 104.434135, 85.184496, 1208.136400, 1759.469204
62, 0.000005, 51277.914062, 104.434134, 85.184496, 1208.136400, 1759.469204
62, 0.000005, 51277.914062, 104.434132, 85.184491, 1208.136388, 1759.469215
62, 0.000005, 51277.914062, 104.434132, 85.184491, 1208.136388, 1759.469218
62, 0.000005, 51277.914062, 104.434129, 85.184486, 1208.136385, 1759.469197
62, 0.000005, 51277.914062, 104.434129, 85.184486, 1208.136385, 1759.469196
62, 0.000005, 51277.914062, 104.434128, 85.184486, 1208.136385, 1759.469196
62, 0.000005, 51277.914062, 104.434128, 85.184486, 1208.136385, 1759.469196
62, 0.000005, 51277.910156, 104.434131, 85.184487, 1208.136346, 1759.469233
63, 0.000000, 0.000297, 0.000001, 0.000001, 0.000007, 0.000015
63, 0.000000, 57.970825, 0.138886, 0.075385, 1.382069, 2.045522
63, 0.000000, 57.970840, 0.138886, 0.075385, 1.382069, 2.045523
63, 0.000000, 57.971031, 0.138885, 0.075385, 1.382069, 2.045521
63, 0.000000, 57.971043, 0.138885, 0.075385, 1.382069, 2.045521
63, 0.000000, 57.970932, 0.138886, 0.075385, 1.382067, 2.045522
63, 0.000000, 57.970921, 0.138886, 0.075385, 1.382067, 2.045522
63, 0.000000, 57.972565, 0.138887, 0.075386, 1.382085, 2.045519
63, 0.000000, 57.972591, 0.138887, 0.075386, 1.382085, 2.045519
63, 0.000000, 57.971992, 0.138886, 0.075385, 1.382075, 2.045518
63, 0.000000, 57.972004, 0.138886, 0.075385, 1.382075, 2.045518
63, 0.000000, 57.972191, 0.138886, 0.075386, 1.382081, 2.045516
63, 0.000000, 57.972202, 0.138886, 0.075386, 1.382081, 2.045516
63, 0.000000, 57.972713, 0.138884, 0.075385, 1.382087, 2.045516
63, 0.000000, 57.972729, 0.138884, 0.075385, 1.382087, 2.045516
63, 0.000000, 57.973392, 0.138883, 0.075385, 1.382104, 2.045515
63, 0.000000, 57.973419, 0.138883, 0.075385, 1.382105, 2.045515
63, 0.000005, 106023.281250, 250.608423, 187.001208, 2672.678213, 3681.618570
63, 0.000005, 106023.281250, 250.608423, 187.001208, 2672.678213, 3681.618570
63, 0.000005, 106023.281250, 250.608418, 187.001202, 2672.678212, 3681.618531
63, 0.000005, 106023.281250, 250.608418, 187.001202, 2672.678212, 3681.618542
63, 0.000005, 106023.281250, 250.608415, 187.001202, 2672.678213, 3681.618538
63, 0.000005, 106023.281250, 250.608415, 187.001202, 2672.678213, 3681.618538
63, 0.000005, 106023.281250, 250.608417, 187.001203, 2672.678213, 3681.618542
63, 0.000005, 106023.281250, 250.608417, 187.001203, 2672.678213, 3681.618542
63, 0.000005, 106023.281250, 250.608416, 187.001203, 2672.678214, 3681.618539
63, 0.000005, 106023.281250, 250.608416, 187.001203, 2672.678214, 3681.618539
63, 0.000005, 106023.281250, 250.608415, 187.001203, 2672.678214, 3681.618539
63, 0.000005, 106023.281250, 250.608415, 187.001203, 2672.678214, 3681.618539
63, 0.000005, 106023.281250, 250.608409, 187.001196, 2672.678213, 3681.618534
63, 0.000005, 106023.281250, 250.608409, 187.001196, 2672.678213, 3681.618537
63, 0.000005, 106023.281250, 250.608394, 187.001170, 2672.678228, 3681.618513
64, 0.000000, 0.000283, 0.000001, 0.000001, 0.000006, 0.000016
64, 0.000000, 0.005279, 0.000010, 0.000008, 0.000128, 0.000187
64, 0.000000, 0.005270, 0.000010, 0.000008, 0.000128, 0.000189
64, 0.000000, 0.006522, 0.000017, 0.000016, 0.000157, 0.000229
64, 0.000000, 0.006537, 0.000017, 0.000016, 0.000158, 0.000230
64, 0.000000, 0.007776, 0.000020, 0.000017, 0.000197, 0.000283
64, 0.000000, 0.007748, 0.000020, 0.000017, 0.000196, 0.000284
64, 0.000000, 0.009122, 0.000023, 0.000020, 0.000229, 0.000343
64, 0.000000, 0.009144, 0.000022, 0.000019, 0.000229, 0.000344
64, 0.000000, 0.011506, 0.000024, 0.000018, 0.000277, 0.000387
64, 0.000000, 0.011557, 0.000024, 0.000018, 0.000278, 0.000388
64, 0.000000, 0.014215, 0.000026, 0.000018, 0.000338, 0.000477
64, 0.000000, 0.014245, 0.000026, 0.000018, 0.000339, 0.000477
64, 0.000000, 0.013995, 0.000027, 0.000020, 0.000338, 0.000485
64, 0.000000, 0.014010, 0.000027, 0.000021, 0.000338, 0.000487
64, 0.000000, 0.016265, 0.000029, 0.000019, 0.000392, 0.000558
64, 0.000000, 0.016314, 0.000029, 0.000018, 0.000393, 0.000558
64, 0.000000, 0.016977, 0.000030, 0.000019, 0.000408, 0.000576
64, 0.000000, 0.017031, 0.000030, 0.000019, 0.000408, 0.000576
64, 0.000000, 0.021271, 0.000039, 0.000028, 0.000514, 0.000743
64, 0.000000, 0.021284, 0.000039, 0.000028, 0.000514, 0.000743
64, 0.000000, 0.021430, 0.000042, 0.000033, 0.000528, 0.000766
64, 0.000000, 0.021429, 0.000042, 0.000033, 0.000529, 0.000767
64, 0.000000, 0.021862, 0.000043, 0.000035, 0.000537, 0.000776
64, 0.000000, 0.021900, 0.000043, 0.000035, 0.000537, 0.000777
64, 0.000000, 0.022674, 0.000044, 0.000035, 0.000555, 0.000794
64, 0.000000, 0.022721, 0.000044, 0.000035, 0.000556, 0.000795
64, 0.000000, 0.024501, 0.000050, 0.000040, 0.000600, 0.000848
64, 0.000000, 0.024528, 0.000050, 0.000040, 0.000600, 0.000848
64, 0.000000, 0.024692, 0.000051, 0.000040, 0.000603, 0.000864
64, 0.000000, 0.024728, 0.000051, 0.000041, 0.000604, 0.000865
64, 0.000000, 0.030047, 0.000066, 0.000061, 0.000742, 0.001042
65, 0.000000, 0.000313, 0.000001, 0.000000, 0.000006, 0.000012
65, 0.000000, 0.005993, 0.000011, 0.000009, 0.000145, 0.000229
65, 0.000000, 0.006036, 0.000011, 0.000009, 0.000146, 0.000229
65, 0.000000, 0.008530, 0.000016, 0.000013, 0.000204, 0.000304
65, 0.000000, 0.008564, 0.000017, 0.000014, 0.000206, 0.000306
65, 0.000000, 0.010933, 0.000020, 0.000016, 0.000264, 0.000450
65, 0.000000, 0.010923, 0.000020, 0.000016, 0.000264, 0.000451
65, 0.000000, 0.012278, 0.000022, 0.000018, 0.000286, 0.000474
65, 0.000000, 0.012305, 0.000022, 0.000018, 0.000288, 0.000476
65, 0.000000, 0.013408, 0.000026, 0.000023, 0.000310, 0.000504
65, 0.000000, 0.013412, 0.000027, 0.000024, 0.000311, 0.000505
65, 0.000000, 0.014149, 0.000027, 0.000022, 0.000330, 0.000525
65, 0.000000, 0.014173, 0.000027, 0.000023, 0.000331, 0.000525
65, 0.000000, 0.014474, 0.000031, 0.000026, 0.000345, 0.000555
65, 0.000000, 0.014488, 0.000031, 0.000026, 0.000345, 0.000555
65, 0.000000, 0.015176, 0.000034, 0.000029, 0.000359, 0.000575
65, 0.000000, 0.015219, 0.000034, 0.000029, 0.000359, 0.000575
65, 0.000000, 0.017587, 0.000038, 0.000033, 0.000404, 0.000612
65, 0.000000, 0.017604, 0.000038, 0.000033, 0.000405, 0.000612
65, 0.000000, 0.018676, 0.000038, 0.000032, 0.000423, 0.000628
65, 0.000000, 0.018680, 0.000038, 0.000032, 0.000423, 0.000628
65, 0.000000, 0.414394, 0.000810, 0.000524, 0.010119, 0.016489
65, 0.000000, 0.414400, 0.000810, 0.000524, 0.010119, 0.016489
65, 0.000000, 296.789429, 0.572677, 0.449247, 7.113672, 10.399643
65, 0.000000, 296.789520, 0.572677, 0.449247, 7.113673, 10.399643
65, 0.000000, 296.789856, 0.572677, 0.449246, 7.113675, 10.399644
65, 0.000000, 296.789917, 0.572677, 0.449246, 7.113676, 10.399644
65, 0.000000, 296.789490, 0.572673, 0.449245, 7.113669, 10.399630
65, 0.000000, 296.789520, 0.572673, 0.449245, 7.113669, 10.399630
65, 0.000000, 296.790649, 0.572672, 0.449237, 7.113681, 10.399615
65, 0.000000, 296.790680, 0.572672, 0.449237, 7.113682, 10.399615
65, 0.000000, 296.790710, 0.572670, 0.449235, 7.113679, 10.399610
66, 0.000000, 0.000271, 0.000001, 0.000001, 0.000006, 0.000016
66, 0.000000, 0.003298, 0.000006, 0.000003, 0.000079, 0.000118
66, 0.000000, 0.003304, 0.000006, 0.000004, 0.000079, 0.000120
66, 0.000000, 0.005972, 0.000013, 0.000008, 0.000139, 0.000194
66, 0.000000, 0.005952, 0.000013, 0.000008, 0.000139, 0.000196
66, 0.000000, 0.009519, 0.000016, 0.000011, 0.000209, 0.000282
66, 0.000000, 0.009508, 0.000016, 0.000011, 0.000209, 0.000282
66, 0.000000, 0.010282, 0.000019, 0.000016, 0.000232, 0.000315
66, 0.000000, 0.010302, 0.000019, 0.000016, 0.000232, 0.000315
66, 0.000000, 0.014124, 0.000027, 0.000026, 0.000345, 0.000485
66, 0.000000, 0.014120, 0.000027, 0.000026, 0.000345, 0.000486
66, 0.000000, 0.015902, 0.000030, 0.000029, 0.000384, 0.000571
66, 0.000000, 0.015951, 0.000030, 0.000029, 0.000384, 0.000572
66, 0.000000, 0.021311, 0.000039, 0.000029, 0.000499, 0.000711
66, 0.000000, 0.021333, 0.000039, 0.000030, 0.000500, 0.000712
66, 0.000000, 0.022167, 0.000040, 0.000031, 0.000513, 0.000741
66, 0.000000, 0.022209, 0.000040, 0.000031, 0.000514, 0.000743
66, 0.000000, 0.022529, 0.000040, 0.000031, 0.000523, 0.000755
66, 0.000000, 0.022566, 0.000040, 0.000031, 0.000524, 0.000755
66, 0.000000, 0.033186, 0.000054, 0.000044, 0.000745, 0.001013
66, 0.000000, 0.033205, 0.000054, 0.000044, 0.000745, 0.001013
66, 0.000000, 0.034301, 0.000055, 0.000044, 0.000767, 0.001036
66, 0.000000, 0.034318, 0.000055, 0.000044, 0.000767, 0.001036
66, 0.000000, 0.034224, 0.000055, 0.000044, 0.000766, 0.001047
66, 0.000000, 0.034190, 0.000055, 0.000044, 0.000766, 0.001047
66, 0.000000, 0.034618, 0.000057, 0.000044, 0.000781, 0.001073
66, 0.000000, 0.034658, 0.000057, 0.000045, 0.000783, 0.001074
66, 0.000000, 0.035603, 0.000061, 0.000048, 0.000823, 0.001150
66, 0.000000, 0.035631, 0.000061, 0.000048, 0.000824, 0.001150
66, 0.000000, 0.038012, 0.000065, 0.000053, 0.000867, 0.001172
66, 0.000000, 0.038005, 0.000065, 0.000053, 0.000867, 0.001173
66, 0.000000, 0.037522, 0.000065, 0.000053, 0.000866, 0.001186
67, 0.000000, 0.000256, 0.000001, 0.000001, 0.000005, 0.000013
67, 0.000000, 0.005939, 0.000013, 0.000011, 0.000146, 0.000230
67, 0.000000, 0.005969, 0.000013, 0.000011, 0.000147, 0.000231
67, 0.000000, 0.007623, 0.000015, 0.000011, 0.000183, 0.000276
67, 0.000000, 0.007645, 0.000015, 0.000011, 0.000183, 0.000277
67, 0.000000, 0.021527, 0.000041, 0.000022, 0.000542, 0.000713
67, 0.000000, 0.021578, 0.000041, 0.000022, 0.000543, 0.000713
67, 0.000000, 0.027491, 0.000059, 0.000050, 0.000711, 0.001022
67, 0.000000, 0.027500, 0.000059, 0.000050, 0.000711, 0.001022
67, 0.000000, 0.027826, 0.000060, 0.000049, 0.000726, 0.001050
67, 0.000000, 0.027835, 0.000060, 0.000049, 0.000726, 0.001050
67, 0.000000, 0.027596, 0.000061, 0.000050, 0.000729, 0.001079
67, 0.000000, 0.027591, 0.000061, 0.000050, 0.000729, 0.001079
67, 0.000000, 0.028643, 0.000061, 0.000050, 0.000747, 0.001085
67, 0.000000, 0.028644, 0.000061, 0.000050, 0.000747, 0.001086
67, 0.000000, 0.028811, 0.000061, 0.000050, 0.000748, 0.001090
67, 0.000000, 0.028816, 0.000061, 0.000050, 0.000748, 0.001090
67, 0.000000, 0.028819, 0.000061, 0.000048, 0.000750, 0.001105
67, 0.000000, 0.028798, 0.000061, 0.000048, 0.000749, 0.001105
67, 0.000000, 0.029645, 0.000062, 0.000047, 0.000767, 0.001128
67, 0.000000, 0.029658, 0.000062, 0.000047, 0.000768, 0.001128
67, 0.000000, 0.030276, 0.000062, 0.000048, 0.000780, 0.001140
67, 0.000000, 0.030283, 0.000062, 0.000048, 0.000780, 0.001141
67, 0.000000, 0.030483, 0.000064, 0.000050, 0.000788, 0.001165
67, 0.000000, 0.030507, 0.000064, 0.000050, 0.000788, 0.001165
67, 0.000000, 0.036627, 0.000074, 0.000056, 0.000903, 0.001319
67, 0.000000, 0.036655, 0.000074, 0.000056, 0.000903, 0.001320
67, 0.000000, 0.039962, 0.000078, 0.000058, 0.000967, 0.001384
67, 0.000000, 0.039985, 0.000078, 0.000058, 0.000967, 0.001384
67, 0.000000, 0.040221, 0.000078, 0.000058, 0.000972, 0.001394
67, 0.000000, 0.040279, 0.000078, 0.000058, 0.000972, 0.001394
67, 0.000000, 0.104423, 0.000192, 0.000135, 0.002523, 0.003878
68, 0.000000, 0.000252, 0.000001, 0.000001, 0.000006, 0.000012
68, 0.000000, 0.006485, 0.000011, 0.000008, 0.000158, 0.000220
68, 0.000000, 0.006473, 0.000011, 0.000008, 0.000158, 0.000221
68, 0.000000, 0.022675, 0.000043, 0.000030, 0.000559, 0.000714
68, 0.000000, 0.022673, 0.000043, 0.000030, 0.000559, 0.000714
68, 0.000000, 0.025709, 0.000046, 0.000031, 0.000603, 0.000746
68, 0.000000, 0.025736, 0.000046, 0.000031, 0.000603, 0.000746
68, 0.000000, 0.025998, 0.000049, 0.000032, 0.000623, 0.000796
68, 0.000000, 0.026050, 0.000049, 0.000032, 0.000624, 0.000796
68, 0.000000, 0.034116, 0.000056, 0.000035, 0.000774, 0.000935
68, 0.000000, 0.034161, 0.000056, 0.000035, 0.000775, 0.000935
68, 0.000000, 0.035086, 0.000058, 0.000035, 0.000810, 0.001003
68, 0.000000, 0.035119, 0.000058, 0.000035, 0.000810, 0.001003
68, 0.000000, 0.036963, 0.000062, 0.000040, 0.000850, 0.001053
68, 0.000000, 0.036982, 0.000062, 0.000040, 0.000850, 0.001054
68, 0.000000, 0.052102, 0.000089, 0.000057, 0.001189, 0.001447
68, 0.000000, 0.052139, 0.000089, 0.000057, 0.001190, 0.001448
68, 0.000000, 0.056298, 0.000116, 0.000072, 0.001315, 0.001687
68, 0.000000, 0.056291, 0.000116, 0.000072, 0.001315, 0.001687
68, 0.000000, 0.057359, 0.000116, 0.000072, 0.001330, 0.001698
68, 0.000000, 0.057370, 0.000116, 0.000072, 0.001331, 0.001698
68, 0.000000, 0.059134, 0.000119, 0.000073, 0.001360, 0.001720
68, 0.000000, 0.059162, 0.000119, 0.000073, 0.001361, 0.001720
68, 0.000000, 0.059317, 0.000119, 0.000074, 0.001372, 0.001749
68, 0.000000, 0.059282, 0.000119, 0.000075, 0.001372, 0.001750
68, 0.000000, 0.059933, 0.000120, 0.000076, 0.001387, 0.001769
68, 0.000000, 0.059958, 0.000120, 0.000076, 0.001387, 0.001769
68, 0.000000, 0.060503, 0.000120, 0.000076, 0.001393, 0.001772
68, 0.000000, 0.060519, 0.000120, 0.000076, 0.001393, 0.001772
68, 0.000000, 0.066190, 0.000135, 0.000079, 0.001534, 0.001974
68, 0.000000, 0.066233, 0.000135, 0.000079, 0.001535, 0.001974
68, 0.000000, 0.065889, 0.000136, 0.000079, 0.001533, 0.001981
69, 0.000000, 0.000323, 0.000001, 0.000001, 0.000007, 0.000012
69, 0.021568, 367996416.000000, 524267.531392, 306253.577034, 7921428.765513, 9208884.408120
69, 0.021568, 367996416.000000, 524267.531392, 306253.577034, 7921428.765513, 9208884.408120
69, 0.021568, 367996416.000000, 524267.532124, 306253.579354, 7921428.770123, 9208884.409716
69, 0.021568, 367996416.000000, 524267.532124, 306253.579354, 7921428.770123, 9208884.409716
69, 0.021568, 367996416.000000, 524267.532124, 306253.579354, 7921428.770123, 9208884.409716
69, 0.021568, 367996416.000000, 524267.532124, 306253.579354, 7921428.770123, 9208884.409716
69, 0.021568, 367996416.000000, 524267.532124, 306253.579354, 7921428.770123, 9208884.409716
69, 0.021568, 367996416.000000, 524267.532124, 306253.579354, 7921428.770123, 9208884.409716
69, 0.021568, 367996416.000000, 524267.532124, 306253.579354, 7921428.770123, 9208884.409716
69, 0.021568, 367996416.000000, 524267.532124, 306253.579354, 7921428.770123, 9208884.409716
69, 0.021568, 367996416.000000, 524267.532124, 306253.579354, 7921428.770123, 9208884.409716
69, 0.021568, 367996416.000000, 524267.532124, 306253.579354, 7921428.770123, 9208884.409716
69, 0.021568, 367996416.000000, 524267.532124, 306253.579354, 7921428.770123, 9208884.409716
69, 0.021568, 367996416.000000, 524267.532124, 306253.579354, 7921428.770123, 9208884.409716
69, 0.021568, 367996416.000000, 524267.532124, 306253.579354, 7921428.770123, 9208884.409716
69, 0.021568, 367996416.000000, 524267.532124, 306253.579354, 7921428.770123, 9208884.409716
69, 0.021568, 367996416.000000, 524267.532124, 306253.579354, 7921428.770123, 9208884.409716
69, 0.021568, 367996416.000000, 524267.532124, 306253.579354, 7921428.770123, 9208884.409716
69, 0.021568, 367996416.000000, 524267.532124, 306253.579354, 7921428.770123, 9208884.409716
69, 0.021568, 367996416.000000, 524267.532124, 306253.579354, 7921428.770123, 9208884.409716
69, 0.021568, 367996416.000000, 524267.532124, 306253.579354, 7921428.770123, 9208884.409716
69, 0.021568, 367996416.000000, 524267.532124, 306253.579354, 7921428.770123, 9208884.409716
69, 0.021568, 367996416.000000, 524267.532124, 306253.579354, 7921428.770123, 9208884.409716
69, 0.021568, 367996416.000000, 524267.532124, 306253.579354, 7921428.770123, 9208884.409716
69, 0.021568, 367996416.000000, 524267.532124, 306253.579354, 7921428.770123, 9208884.409716
69, 0.021568, 367996416.000000, 524267.532124, 306253.579354, 7921428.770123, 9208884.409716
69, 0.021568, 367996416.000000, 524267.532124, 306253.579354, 7921428.770123, 9208884.409716
69, 0.021568, 367996416.000000, 524267.532124, 306253.579354, 7921428.770123, 9208884.409716
69, 0.021568, 367996416.000000, 524267.532124, 306253.579354, 7921428.770123, 9208884.409716
69, 0.021568, 367996416.000000, 524267.532124, 306253.579354, 7921428.770123, 9208884.409716
69, 0.021568, 367996416.000000, 524267.532124, 306253.579354, 7921428.770123, 9208884.409716
70, 0.000000, 0.000316, 0.000001, 0.000001, 0.000007, 0.000013
70, 0.000000, 0.005060, 0.000011, 0.000008, 0.000127, 0.000212
70, 0.000000, 0.005058, 0.000011, 0.000008, 0.000127, 0.000212
70, 0.000000, 0.010273, 0.000017, 0.000012, 0.000235, 0.000338
70, 0.000000, 0.010275, 0.000017, 0.000012, 0.000235, 0.000339
70, 0.000000, 0.015894, 0.000030, 0.000022, 0.000373, 0.000567
70, 0.000000, 0.015896, 0.000030, 0.000022, 0.000373, 0.000567
70, 0.000000, 0.017004, 0.000033, 0.000023, 0.000394, 0.000599
70, 0.000000, 0.016969, 0.000033, 0.000023, 0.000394, 0.000600
70, 0.000000, 0.018529, 0.000037, 0.000027, 0.000446, 0.000690
70, 0.000000, 0.018536, 0.000037, 0.000027, 0.000446, 0.000690
70, 0.000000, 0.019433, 0.000042, 0.000031, 0.000477, 0.000767
70, 0.000000, 0.019422, 0.000042, 0.000031, 0.000477, 0.000767
70, 0.000000, 0.021489, 0.000045, 0.000035, 0.000519, 0.000835
70, 0.000000, 0.021482, 0.000045, 0.000035, 0.000519, 0.000835
70, 0.000000, 0.022798, 0.000045, 0.000034, 0.000542, 0.000846
70, 0.000000, 0.022808, 0.000045, 0.000035, 0.000542, 0.000846
70, 0.000000, 0.023193, 0.000048, 0.000038, 0.000559, 0.000889
70, 0.000000, 0.023231, 0.000048, 0.000038, 0.000560, 0.000891
70, 0.000000, 0.024356, 0.000051, 0.000040, 0.000600, 0.000943
70, 0.000000, 0.024372, 0.000051, 0.000040, 0.000600, 0.000943
70, 0.000000, 0.026123, 0.000053, 0.000043, 0.000636, 0.000974
70, 0.000000, 0.026165, 0.000053, 0.000043, 0.000637, 0.000974
70, 0.000000, 0.029638, 0.000053, 0.000038, 0.000686, 0.001004
70, 0.000000, 0.029644, 0.000053, 0.000039, 0.000687, 0.001004
70, 0.000000, 0.032092, 0.000057, 0.000042, 0.000732, 0.001080
70, 0.000000, 0.032096, 0.000057, 0.000042, 0.000732, 0.001080
70, 0.000000, 0.032408, 0.000057, 0.000042, 0.000740, 0.001087
70, 0.000000, 0.032437, 0.000057, 0.000042, 0.000741, 0.001087
70, 0.000000, 0.032232, 0.000058, 0.000043, 0.000742, 0.001102
70, 0.000000, 0.032236, 0.000058, 0.000043, 0.000742, 0.001102
70, 0.000000, 0.032420, 0.000059, 0.000044, 0.000751, 0.001118
71, 0.000000, 0.000262, 0.000001, 0.000001, 0.000006, 0.000016
71, 0.001224, 9451927.000000, 14551.927456, 10176.595356, 221656.367451, 303548.505606
71, 0.001224, 9451927.000000, 14551.927456, 10176.595356, 221656.367451, 303548.505606
71, 0.001224, 9451927.000000, 14551.927456, 10176.595356, 221656.367451, 303548.505606
71, 0.001224, 9451927.000000, 14551.927456, 10176.595356, 221656.367451, 303548.505606
71, 0.001210, 39350240.000000, 77468.254715, 55597.861862, 936772.875877, 1464712.694268
71, 0.001210, 39350240.000000, 77468.254715, 55597.861862, 936772.875877, 1464712.694268
71, 0.001210, 39350240.000000, 77468.254715, 55597.861862, 936772.875877, 1464712.694268
71, 0.001210, 39350240.000000, 77468.254715, 55597.861862, 936772.875877, 1464712.694268
71, 0.001210, 39350240.000000, 77468.254715, 55597.861862, 936772.875877, 1464712.694268
71, 0.001210, 39350240.000000, 77468.254715, 55597.861862, 936772.875877, 1464712.694268
71, 0.001210, 39350240.000000, 77468.254715, 55597.861862, 936772.875877, 1464712.694268
71, 0.001210, 39350240.000000, 77468.254715, 55597.861862, 936772.875877, 1464712.694268
71, 0.001210, 39350240.000000, 77468.254715, 55597.861862, 936772.875877, 1464712.694268
71, 0.001210, 39350240.000000, 77468.254715, 55597.861862, 936772.875877, 1464712.694268
71, 0.001210, 39350240.000000, 77468.254715, 55597.861862, 936772.875877, 1464712.694268
71, 0.001210, 39350240.000000, 77468.254715, 55597.861862, 936772.875877, 1464712.694268
71, 0.001210, 39350240.000000, 77468.254715, 55597.861862, 936772.875877, 1464712.694268
71, 0.001210, 39350240.000000, 77468.254715, 55597.861862, 936772.875877, 1464712.694268
71, 0.001210, 39350240.000000, 77468.254715, 55597.861862, 936772.875877, 1464712.694268
71, 0.001210, 39350240.000000, 77468.254715, 55597.861862, 936772.875877, 1464712.694268
71, 0.001210, 39350240.000000, 77468.254715, 55597.861862, 936772.875877, 1464712.694268
71, 0.001210, 39350240.000000, 77468.254715, 55597.861862, 936772.875877, 1464712.694268
71, 0.001210, 39350240.000000, 77468.254715, 55597.861862, 936772.875877, 1464712.694268
71, 0.001210, 39350240.000000, 77468.254715, 55597.861862, 936772.875877, 1464712.694268
71, 0.001210, 39350240.000000, 77468.254715, 55597.861862, 936772.875877, 1464712.694268
71, 0.001210, 39350240.000000, 77468.254715, 55597.861862, 936772.875877, 1464712.694268
71, 0.001210, 39350240.000000, 77468.254715, 55597.861862, 936772.875877, 1464712.694268
71, 0.001210, 39350240.000000, 77468.254715, 55597.861862, 936772.875877, 1464712.694268
71, 0.001210, 39350240.000000, 77468.254715, 55597.861862, 936772.875877, 1464712.694268
71, 0.001210, 39350240.000000, 77468.254715, 55597.861862, 936772.875877, 1464712.694268
71, 24.754932, 627407978496.000000, 1211461203.569767, 755592071.588235, 16834796467.670588, 23940617257.666981
72, 0.000000, 0.000345, 0.000001, 0.000001, 0.000006, 0.000017
72, 0.000000, 0.027105, 0.000057, 0.000039, 0.000689, 0.001029
72, 0.000000, 0.027055, 0.000057, 0.000039, 0.000688, 0.001029
72, 0.000000, 0.027583, 0.000057, 0.000038, 0.000698, 0.001040
72, 0.000000, 0.027550, 0.000057, 0.000038, 0.000697, 0.001040
72, 0.000000, 0.028578, 0.000058, 0.000036, 0.000720, 0.001062
72, 0.000000, 0.028543, 0.000058, 0.000036, 0.000720, 0.001062
72, 0.000000, 0.029216, 0.000056, 0.000036, 0.000731, 0.001078
72, 0.000000, 0.029235, 0.000056, 0.000036, 0.000732, 0.001079
72, 0.000000, 0.029504, 0.000057, 0.000036, 0.000740, 0.001090
72, 0.000000, 0.029505, 0.000057, 0.000036, 0.000740, 0.001090
72, 0.000000, 0.031272, 0.000059, 0.000037, 0.000779, 0.001112
72, 0.000000, 0.031279, 0.000059, 0.000037, 0.000779, 0.001112
72, 0.000000, 0.031177, 0.000061, 0.000037, 0.000781, 0.001122
72, 0.000000, 0.031168, 0.000061, 0.000037, 0.000781, 0.001123
72, 0.000000, 0.030785, 0.000062, 0.000040, 0.000788, 0.001159
72, 0.000000, 0.030810, 0.000062, 0.000040, 0.000788, 0.001159
72, 0.000000, 0.033628, 0.000073, 0.000050, 0.000848, 0.001258
72, 0.000000, 0.033633, 0.000073, 0.000050, 0.000848, 0.001258
72, 0.000000, 0.033982, 0.000074, 0.000049, 0.000854, 0.001276
72, 0.000000, 0.033994, 0.000074, 0.000049, 0.000854, 0.001276
72, 0.000000, 0.034153, 0.000074, 0.000048, 0.000871, 0.001322
72, 0.000000, 0.034173, 0.000075, 0.000048, 0.000871, 0.001322
72, 0.000000, 0.034999, 0.000075, 0.000048, 0.000882, 0.001329
72, 0.000000, 0.035001, 0.000075, 0.000048, 0.000882, 0.001329
72, 0.000000, 0.034950, 0.000075, 0.000048, 0.000883, 0.001338
72, 0.000000, 0.034963, 0.000075, 0.000048, 0.000884, 0.001338
72, 0.000000, 0.034979, 0.000076, 0.000048, 0.000891, 0.001348
72, 0.000000, 0.034987, 0.000076, 0.000048, 0.000891, 0.001348
72, 0.000000, 0.035819, 0.000079, 0.000049, 0.000916, 0.001372
72, 0.000000, 0.035810, 0.000079, 0.000049, 0.000916, 0.001372
72, 0.000000, 0.036207, 0.000079, 0.000051, 0.000914, 0.001394
73, 0.000000, 0.000245, 0.000000, 0.000000, 0.000005, 0.000008
73, 0.000000, 0.005076, 0.000008, 0.000006, 0.000115, 0.000148
73, 0.000000, 0.005064, 0.000008, 0.000006, 0.000115, 0.000148
73, 0.000000, 0.005284, 0.000010, 0.000007, 0.000127, 0.000176
73, 0.000000, 0.005306, 0.000010, 0.000007, 0.000127, 0.000176
73, 0.000000, 0.008167, 0.000015, 0.000009, 0.000200, 0.000271
73, 0.000000, 0.008197, 0.000015, 0.000009, 0.000201, 0.000272
73, 0.000000, 0.012205, 0.000021, 0.000014, 0.000277, 0.000347
73, 0.000000, 0.012175, 0.000021, 0.000013, 0.000276, 0.000347
73, 0.000000, 0.017004, 0.000028, 0.000016, 0.000374, 0.000486
73, 0.000000, 0.017017, 0.000028, 0.000016, 0.000374, 0.000486
73, 0.000000, 0.020376, 0.000032, 0.000018, 0.000442, 0.000538
73, 0.000000, 0.020375, 0.000033, 0.000018, 0.000443, 0.000539
73, 0.000000, 0.023200, 0.000037, 0.000020, 0.000507, 0.000621
73, 0.000000, 0.023178, 0.000037, 0.000020, 0.000507, 0.000622
73, 0.000000, 0.022948, 0.000037, 0.000021, 0.000507, 0.000636
73, 0.000000, 0.022939, 0.000037, 0.000021, 0.000507, 0.000637
73, 0.000000, 0.022328, 0.000038, 0.000021, 0.000505, 0.000652
73, 0.000000, 0.022307, 0.000038, 0.000021, 0.000505, 0.000653
73, 0.000000, 0.021886, 0.000039, 0.000022, 0.000511, 0.000687
73, 0.000000, 0.021842, 0.000039, 0.000022, 0.000510, 0.000687
73, 0.000000, 0.022511, 0.000041, 0.000024, 0.000535, 0.000740
73, 0.000000, 0.022510, 0.000041, 0.000024, 0.000536, 0.000740
73, 0.000000, 0.025501, 0.000046, 0.000027, 0.000598, 0.000812
73, 0.000000, 0.025500, 0.000046, 0.000027, 0.000598, 0.000812
73, 0.000000, 0.054154, 0.000099, 0.000055, 0.001290, 0.001799
73, 0.000000, 0.054101, 0.000099, 0.000055, 0.001290, 0.001799
73, 0.000000, 0.053867, 0.000101, 0.000057, 0.001293, 0.001817
73, 0.000000, 0.053857, 0.000101, 0.000057, 0.001293, 0.001817
73, 0.000000, 0.054531, 0.000101, 0.000057, 0.001302, 0.001820
73, 0.000000, 0.054537, 0.000101, 0.000057, 0.001304, 0.001821
73, 0.000000, 0.055049, 0.000102, 0.000058, 0.001318, 0.001836
74, 0.000000, 0.000248, 0.000001, 0.000001, 0.000005, 0.000009
74, 0.000000, 0.008510, 0.000017, 0.000013, 0.000210, 0.000372
74, 0.000000, 0.008473, 0.000018, 0.000013, 0.000210, 0.000373
74, 0.000000, 0.010533, 0.000021, 0.000013, 0.000263, 0.000433
74, 0.000000, 0.010538, 0.000021, 0.000013, 0.000263, 0.000433
74, 0.000000, 0.018213, 0.000032, 0.000020, 0.000440, 0.000584
74, 0.000000, 0.018195, 0.000032, 0.000020, 0.000440, 0.000585
74, 0.000000, 0.018981, 0.000033, 0.000020, 0.000455, 0.000603
74, 0.000000, 0.018967, 0.000033, 0.000020, 0.000456, 0.000603
74, 0.000000, 0.020423, 0.000035, 0.000025, 0.000480, 0.000646
74, 0.000000, 0.020359, 0.000036, 0.000025, 0.000480, 0.000647
74, 0.000000, 0.020783, 0.000038, 0.000026, 0.000499, 0.000699
74, 0.000000, 0.020764, 0.000038, 0.000026, 0.000499, 0.000699
74, 0.000000, 0.021640, 0.000040, 0.000027, 0.000520, 0.000741
74, 0.000000, 0.021629, 0.000040, 0.000027, 0.000520, 0.000741
74, 0.000000, 0.022680, 0.000044, 0.000031, 0.000554, 0.000805
74, 0.000000, 0.022651, 0.000044, 0.000031, 0.000553, 0.000805
74, 0.000000, 0.024282, 0.000046, 0.000034, 0.000587, 0.000832
74, 0.000000, 0.024262, 0.000046, 0.000035, 0.000588, 0.000832
74, 0.000000, 0.024573, 0.000046, 0.000035, 0.000599, 0.000843
74, 0.000000, 0.024543, 0.000047, 0.000035, 0.000599, 0.000844
74, 0.000000, 0.025057, 0.000048, 0.000035, 0.000613, 0.000873
74, 0.000000, 0.025044, 0.000048, 0.000035, 0.000613, 0.000873
74, 0.000000, 0.024676, 0.000048, 0.000035, 0.000612, 0.000897
74, 0.000000, 0.024639, 0.000048, 0.000035, 0.000612, 0.000898
74, 0.000000, 0.027409, 0.000050, 0.000038, 0.000654, 0.000937
74, 0.000000, 0.027344, 0.000050, 0.000038, 0.000653, 0.000937
74, 0.000000, 0.029532, 0.000056, 0.000044, 0.000714, 0.001064
74, 0.000000, 0.029498, 0.000056, 0.000044, 0.000714, 0.001064
74, 0.000000, 0.030568, 0.000059, 0.000052, 0.000741, 0.001107
74, 0.000000, 0.030519, 0.000059, 0.000051, 0.000740, 0.001107
74, 0.000000, 0.030028, 0.000059, 0.000051, 0.000735, 0.001124
75, 0.000000, 0.000318, 0.000001, 0.000001, 0.000007, 0.000019
75, 0.000000, 0.003067, 0.000005, 0.000003, 0.000070, 0.000100
75, 0.000000, 0.003101, 0.000005, 0.000003, 0.000070, 0.000101
75, 0.000000, 0.005322, 0.000009, 0.000005, 0.000123, 0.000160
75, 0.000000, 0.005341, 0.000009, 0.000005, 0.000124, 0.000160
75, 0.000000, 0.011906, 0.000019, 0.000010, 0.000261, 0.000323
75, 0.000000, 0.011913, 0.000019, 0.000010, 0.000261, 0.000324
75, 0.000000, 0.011913, 0.000020, 0.000012, 0.000270, 0.000351
75, 0.000000, 0.011899, 0.000020, 0.000012, 0.000270, 0.000352
75, 0.000000, 0.012157, 0.000021, 0.000013, 0.000288, 0.000400
75, 0.000000, 0.012161, 0.000021, 0.000013, 0.000288, 0.000400
75, 0.000000, 0.022049, 0.000037, 0.000023, 0.000517, 0.000677
75, 0.000000, 0.022071, 0.000037, 0.000023, 0.000517, 0.000677
75, 0.000000, 0.028014, 0.000049, 0.000032, 0.000663, 0.000863
75, 0.000000, 0.028017, 0.000048, 0.000032, 0.000662, 0.000863
75, 0.000000, 0.027268, 0.000048, 0.000031, 0.000646, 0.000868
75, 0.000000, 0.027240, 0.000048, 0.000031, 0.000645, 0.000868
75, 0.000000, 0.026232, 0.000048, 0.000031, 0.000630, 0.000876
75, 0.000000, 0.026252, 0.000048, 0.000031, 0.000630, 0.000877
75, 0.000000, 0.026568, 0.000051, 0.000032, 0.000640, 0.000933
75, 0.000000, 0.026563, 0.000051, 0.000032, 0.000640, 0.000934
75, 0.000000, 0.026373, 0.000052, 0.000034, 0.000637, 0.000944
75, 0.000000, 0.026382, 0.000052, 0.000034, 0.000637, 0.000945
75, 0.000000, 0.028047, 0.000053, 0.000035, 0.000665, 0.000965
75, 0.000000, 0.028053, 0.000054, 0.000035, 0.000666, 0.000966
75, 0.000000, 0.028123, 0.000055, 0.000036, 0.000674, 0.000980
75, 0.000000, 0.028134, 0.000055, 0.000036, 0.000674, 0.000980
75, 0.000000, 0.030673, 0.000059, 0.000037, 0.000732, 0.001038
75, 0.000000, 0.030652, 0.000059, 0.000037, 0.000732, 0.001038
75, 0.000000, 0.030101, 0.000059, 0.000038, 0.000727, 0.001044
75, 0.000000, 0.030131, 0.000059, 0.000038, 0.000728, 0.001044
75, 0.000000, 0.030644, 0.000060, 0.000038, 0.000740, 0.001054
76, 0.000000, 0.000247, 0.000001, 0.000001, 0.000006, 0.000012
76, 0.000000, 0.005453, 0.000009, 0.000006, 0.000124, 0.000205
76, 0.000000, 0.005484, 0.000009, 0.000007, 0.000125, 0.000207
76, 0.000000, 0.007362, 0.000015, 0.000010, 0.000186, 0.000315
76, 0.000000, 0.007399, 0.000015, 0.000010, 0.000187, 0.000316
76, 0.000000, 0.432685, 0.000810, 0.000413, 0.010597, 0.013412
76, 0.000000, 0.432720, 0.000810, 0.000413, 0.010597, 0.013412
76, 0.000000, 3.782315, 0.006783, 0.004410, 0.089504, 0.147937
76, 0.000000, 3.782368, 0.006783, 0.004410, 0.089504, 0.147937
76, 0.000000, 3.781829, 0.006783, 0.004410, 0.089495, 0.147932
76, 0.000000, 3.781852, 0.006783, 0.004410, 0.089496, 0.147932
76, 0.000000, 3.781407, 0.006783, 0.004409, 0.089490, 0.147935
76, 0.000000, 3.781455, 0.006783, 0.004409, 0.089490, 0.147935
76, 0.000000, 3.781729, 0.006786, 0.004412, 0.089494, 0.147939
76, 0.000000, 3.781759, 0.006786, 0.004412, 0.089495, 0.147939
76, 0.000000, 3.782359, 0.006785, 0.004413, 0.089500, 0.147948
76, 0.000000, 3.782372, 0.006785, 0.004413, 0.089500, 0.147947
76, 0.000000, 3.783273, 0.006785, 0.004413, 0.089509, 0.147945
76, 0.000000, 3.783284, 0.006785, 0.004413, 0.089509, 0.147944
76, 0.000000, 3.782958, 0.006784, 0.004413, 0.089504, 0.147940
76, 0.000000, 3.782986, 0.006784, 0.004413, 0.089505, 0.147940
76, 0.000000, 3.783644, 0.006784, 0.004413, 0.089513, 0.147941
76, 0.000000, 3.783688, 0.006784, 0.004413, 0.089514, 0.147941
76, 0.000000, 3.782672, 0.006783, 0.004415, 0.089497, 0.147941
76, 0.000000, 3.782711, 0.006783, 0.004415, 0.089498, 0.147941
76, 0.000000, 3.781806, 0.006784, 0.004416, 0.089486, 0.147940
76, 0.000000, 3.781862, 0.006784, 0.004416, 0.089487, 0.147940
76, 0.000000, 3.782233, 0.006785, 0.004417, 0.089490, 0.147942
76, 0.000000, 3.782301, 0.006784, 0.004418, 0.089491, 0.147941
76, 0.000000, 3.781386, 0.006784, 0.004422, 0.089481, 0.147952
76, 0.000000, 3.781438, 0.006784, 0.004422, 0.089481, 0.147952
76, 0.000000, 3.780980, 0.006784, 0.004422, 0.089470, 0.147952
77, 0.000000, 0.000456, 0.000001, 0.000001, 0.000008, 0.000024
77, 0.000000, 0.003825, 0.000007, 0.000004, 0.000091, 0.000125
77, 0.000000, 0.003857, 0.000007, 0.000004, 0.000091, 0.000126
77, 0.000000, 0.013820, 0.000021, 0.000011, 0.000314, 0.000421
77, 0.000000, 0.013870, 0.000021, 0.000011, 0.000316, 0.000422
77, 0.000000, 0.014520, 0.000022, 0.000012, 0.000329, 0.000435
77, 0.000000, 0.014539, 0.000022, 0.000012, 0.000329, 0.000435
77, 0.000000, 0.018495, 0.000034, 0.000021, 0.000416, 0.000530
77, 0.000000, 0.018559, 0.000034, 0.000021, 0.000417, 0.000531
77, 0.000000, 0.019171, 0.000037, 0.000025, 0.000430, 0.000552
77, 0.000000, 0.019188, 0.000037, 0.000025, 0.000431, 0.000552
77, 0.000000, 0.017382, 0.000037, 0.000024, 0.000418, 0.000589
77, 0.000000, 0.017451, 0.000037, 0.000024, 0.000419, 0.000589
77, 0.000000, 0.017488, 0.000038, 0.000026, 0.000425, 0.000597
77, 0.000000, 0.017556, 0.000038, 0.000026, 0.000426, 0.000599
77, 0.000000, 0.019018, 0.000044, 0.000031, 0.000462, 0.000638
77, 0.000000, 0.019076, 0.000044, 0.000031, 0.000463, 0.000639
77, 0.000000, 0.019442, 0.000044, 0.000030, 0.000471, 0.000657
77, 0.000000, 0.019488, 0.000044, 0.000030, 0.000472, 0.000657
77, 0.000000, 0.020262, 0.000045, 0.000034, 0.000504, 0.000734
77, 0.000000, 0.020305, 0.000045, 0.000034, 0.000505, 0.000734
77, 0.000000, 0.026084, 0.000057, 0.000040, 0.000629, 0.000843
77, 0.000000, 0.026071, 0.000057, 0.000040, 0.000630, 0.000844
77, 0.000000, 0.028759, 0.000061, 0.000045, 0.000671, 0.000872
77, 0.000000, 0.028812, 0.000061, 0.000045, 0.000672, 0.000872
77, 0.000000, 0.029094, 0.000064, 0.000048, 0.000689, 0.000892
77, 0.000000, 0.029100, 0.000064, 0.000048, 0.000690, 0.000892
77, 0.000000, 0.030301, 0.000067, 0.000049, 0.000715, 0.000916
77, 0.000000, 0.030285, 0.000067, 0.000049, 0.000715, 0.000917
77, 0.000000, 0.030800, 0.000069, 0.000051, 0.000726, 0.000930
77, 0.000000, 0.030813, 0.000069, 0.000051, 0.000727, 0.000930
77, 0.000000, 0.300067, 0.000499, 0.000389, 0.006951, 0.009760
78, 0.000000, 0.000308, 0.000001, 0.000001, 0.000007, 0.000019
78, 0.000000, 0.009037, 0.000019, 0.000013, 0.000229, 0.000305
78, 0.000000, 0.009045, 0.000018, 0.000013, 0.000229, 0.000305
78, 0.000000, 0.012601, 0.000025, 0.000022, 0.000290, 0.000386
78, 0.000000, 0.012627, 0.000025, 0.000021, 0.000290, 0.000386
78, 0.000000, 0.014892, 0.000028, 0.000025, 0.000332, 0.000425
78, 0.000000, 0.014909, 0.000028, 0.000025, 0.000333, 0.000426
78, 0.000000, 0.015217, 0.000030, 0.000026, 0.000344, 0.000450
78, 0.000000, 0.015213, 0.000030, 0.000026, 0.000344, 0.000450
78, 0.000000, 0.016021, 0.000034, 0.000031, 0.000364, 0.000474
78, 0.000000, 0.016071, 0.000034, 0.000031, 0.000365, 0.000474
78, 0.000000, 0.016929, 0.000037, 0.000034, 0.000389, 0.000515
78, 0.000000, 0.016931, 0.000037, 0.000033, 0.000389, 0.000515
78, 0.000000, 26.549450, 0.054494, 0.038870, 0.668564, 0.923100
78, 0.000000, 26.549442, 0.054494, 0.038870, 0.668564, 0.923100
78, 0.000000, 26.549425, 0.054496, 0.038872, 0.668557, 0.923101
78, 0.000000, 26.549417, 0.054496, 0.038872, 0.668557, 0.923101
78, 0.000000, 26.550039, 0.054496, 0.038873, 0.668570, 0.923106
78, 0.000000, 26.550011, 0.054497, 0.038873, 0.668570, 0.923106
78, 0.000000, 26.549595, 0.054497, 0.038875, 0.668562, 0.923109
78, 0.000000, 26.549568, 0.054497, 0.038875, 0.668561, 0.923109
78, 0.000000, 26.549076, 0.054497, 0.038876, 0.668557, 0.923111
78, 0.000000, 26.549067, 0.054497, 0.038876, 0.668557, 0.923111
78, 0.000000, 26.549078, 0.054497, 0.038876, 0.668556, 0.923110
78, 0.000000, 26.549042, 0.054497, 0.038876, 0.668555, 0.923110
78, 0.000000, 163.439621, 0.283295, 0.173442, 3.972836, 6.418350
78, 0.000000, 163.439667, 0.283296, 0.173442, 3.972837, 6.418350
78, 0.000000, 163.440872, 0.283297, 0.173442, 3.972845, 6.418352
78, 0.000000, 163.440872, 0.283297, 0.173442, 3.972845, 6.418352
78, 0.000000, 163.441391, 0.283297, 0.173443, 3.972856, 6.418354
78, 0.000000, 163.441437, 0.283297, 0.173443, 3.972856, 6.418354
78, 0.000000, 163.440750, 0.283297, 0.173444, 3.972847, 6.418353
79, 0.000000, 0.000303, 0.000002, 0.000002, 0.000007, 0.000013
79, 0.000000, 0.004891, 0.000009, 0.000006, 0.000119, 0.000180
79, 0.000000, 0.004826, 0.000009, 0.000007, 0.000118, 0.000182
79, 0.000000, 0.033893, 0.000059, 0.000033, 0.000809, 0.001271
79, 0.000000, 0.033903, 0.000059, 0.000033, 0.000810, 0.001271
79, 3452.004639, 92178604883968.000000, 158667075578.046509, 81862385082.729416, 2086589063384.094238, 2693283358597.704102
79, 3452.004639, 92178604883968.000000, 158667075578.046509, 81862385082.729416, 2086589063384.094238, 2693283358597.704102
79, 3452.004639, 92178604883968.000000, 158667075578.046509, 81862385082.729416, 2086589063384.094238, 2693283358597.704102
79, 3452.004639, 92178604883968.000000, 158667075578.046509, 81862385082.729416, 2086589063384.094238, 2693283358597.704102
79, 3452.004639, 92178604883968.000000, 158667075578.046509, 81862385082.729416, 2086589063384.094238, 2693283358597.704102
79, 3452.004639, 92178604883968.000000, 158667075578.046509, 81862385082.729416, 2086589063384.094238, 2693283358597.704102
79, 3452.004639, 92178604883968.000000, 158667075578.046509, 81862385082.729416, 2086589063384.094238, 2693283358597.704102
79, 3452.004639, 92178604883968.000000, 158667075578.046509, 81862385082.729416, 2086589063384.094238, 2693283358597.704102
79, 3452.004639, 92178604883968.000000, 158667075578.046509, 81862385082.729416, 2086589063384.094238, 2693283358597.704102
79, 3452.004639, 92178604883968.000000, 158667075578.046509, 81862385082.729416, 2086589063384.094238, 2693283358597.704102
79, 3452.004639, 92178604883968.000000, 158667075578.046509, 81862385082.729416, 2086589063384.094238, 2693283358597.704102
79, 3452.004639, 92178604883968.000000, 158667075578.046509, 81862385082.729416, 2086589063384.094238, 2693283358597.704102
79, 3452.004639, 92178604883968.000000, 158667075578.046509, 81862385082.729416, 2086589063384.094238, 2693283358597.704102
79, 3452.004639, 92178604883968.000000, 158667075578.046509, 81862385082.729416, 2086589063384.094238, 2693283358597.704102
79, 3452.004639, 92178604883968.000000, 158667075578.046509, 81862385082.729416, 2086589063384.094238, 2693283358597.704102
79, 3452.004639, 92178604883968.000000, 158667075578.046509, 81862385082.729416, 2086589063384.094238, 2693283358597.704102
79, 3452.004639, 92178604883968.000000, 158667075578.046509, 81862385082.729416, 2086589063384.094238, 2693283358597.704102
79, 3452.004639, 92178604883968.000000, 158667075578.046509, 81862385082.729416, 2086589063384.094238, 2693283358597.704102
79, 3452.004639, 92178604883968.000000, 158667075578.046509, 81862385082.729416, 2086589063384.094238, 2693283358597.704102
79, 3452.004639, 92178604883968.000000, 158667075578.046509, 81862385082.729416, 2086589063384.094238, 2693283358597.704102
79, 3452.004639, 92178604883968.000000, 158667075578.046509, 81862385082.729416, 2086589063384.094238, 2693283358597.704102
79, 3452.004639, 92178604883968.000000, 158667075578.046509, 81862385082.729416, 2086589063384.094238, 2693283358597.704102
79, 3452.004639, 92178604883968.000000, 158667075578.046509, 81862385082.729416, 2086589063384.094238, 2693283358597.704102
79, 3452.004639, 92178604883968.000000, 158667075578.046509, 81862385082.729416, 2086589063384.094238, 2693283358597.704102
79, 3452.004639, 92178604883968.000000, 158667075578.046509, 81862385082.729416, 2086589063384.094238, 2693283358597.704102
79, 3452.004639, 92178604883968.000000, 158667075578.046509, 81862385082.729416, 2086589063384.094238, 2693283358597.704102
79, 3452.004639, 92178604883968.000000, 158667075578.046509, 81862385082.729416, 2086589063384.094238, 2693283358597.704102
80, 0.000000, 0.000372, 0.000001, 0.000001, 0.000006, 0.000023
80, 0.000000, 0.004071, 0.000007, 0.000004, 0.000102, 0.000146
80, 0.000000, 0.004083, 0.000008, 0.000005, 0.000103, 0.000148
80, 0.000000, 0.005090, 0.000009, 0.000006, 0.000122, 0.000171
80, 0.000000, 0.005105, 0.000009, 0.000006, 0.000122, 0.000172
80, 0.000000, 0.008853, 0.000017, 0.000011, 0.000213, 0.000312
80, 0.000000, 0.008843, 0.000017, 0.000011, 0.000213, 0.000313
80, 0.000000, 0.011229, 0.000022, 0.000013, 0.000275, 0.000398
80, 0.000000, 0.011192, 0.000023, 0.000013, 0.000274, 0.000399
80, 0.000000, 0.011896, 0.000023, 0.000014, 0.000286, 0.000411
80, 0.000000, 0.011880, 0.000023, 0.000014, 0.000286, 0.000412
80, 0.000000, 0.014285, 0.000029, 0.000017, 0.000345, 0.000484
80, 0.000000, 0.014244, 0.000029, 0.000017, 0.000344, 0.000484
80, 0.000000, 0.014661, 0.000028, 0.000017, 0.000358, 0.000506
80, 0.000000, 0.014635, 0.000028, 0.000017, 0.000358, 0.000506
80, 0.000000, 0.015055, 0.000030, 0.000019, 0.000374, 0.000553
80, 0.000000, 0.015081, 0.000030, 0.000019, 0.000374, 0.000554
80, 0.000000, 0.015345, 0.000030, 0.000018, 0.000382, 0.000563
80, 0.000000, 0.015334, 0.000030, 0.000018, 0.000382, 0.000563
80, 0.000000, 0.016021, 0.000031, 0.000019, 0.000397, 0.000591
80, 0.000000, 0.016024, 0.000031, 0.000019, 0.000397, 0.000591
80, 0.000000, 0.017830, 0.000038, 0.000023, 0.000442, 0.000665
80, 0.000000, 0.017849, 0.000038, 0.000023, 0.000442, 0.000666
80, 0.000000, 0.021746, 0.000047, 0.000028, 0.000546, 0.000859
80, 0.000000, 0.021757, 0.000047, 0.000028, 0.000546, 0.000860
80, 0.000000, 0.023276, 0.000047, 0.000032, 0.000592, 0.000947
80, 0.000000, 0.023277, 0.000048, 0.000032, 0.000592, 0.000947
80, 0.000000, 0.024004, 0.000048, 0.000032, 0.000603, 0.000954
80, 0.000000, 0.024025, 0.000048, 0.000032, 0.000603, 0.000955
80, 0.000000, 0.026142, 0.000052, 0.000038, 0.000647, 0.000999
80, 0.000000, 0.026192, 0.000052, 0.000038, 0.000648, 0.000999
80, 0.000000, 0.027048, 0.000052, 0.000038, 0.000665, 0.001013
81, 0.000000, 0.000262, 0.000001, 0.000001, 0.000006, 0.000016
81, 0.000000, 0.011348, 0.000019, 0.000010, 0.000261, 0.000303
81, 0.000000, 0.011378, 0.000019, 0.000010, 0.000262, 0.000303
81, 0.000000, 0.012898, 0.000025, 0.000017, 0.000299, 0.000384
81, 0.000000, 0.012920, 0.000025, 0.000017, 0.000299, 0.000385
81, 0.000000, 0.014469, 0.000027, 0.000019, 0.000332, 0.000422
81, 0.000000, 0.014466, 0.000028, 0.000019, 0.000332, 0.000422
81, 0.000000, 0.017963, 0.000031, 0.000020, 0.000399, 0.000477
81, 0.000000, 0.017959, 0.000031, 0.000020, 0.000399, 0.000477
81, 0.000000, 0.020698, 0.000038, 0.000028, 0.000479, 0.000651
81, 0.000000, 0.020698, 0.000038, 0.000028, 0.000478, 0.000652
81, 0.000000, 0.021300, 0.000039, 0.000030, 0.000495, 0.000683
81, 0.000000, 0.021314, 0.000039, 0.000030, 0.000495, 0.000683
81, 0.000000, 0.022739, 0.000043, 0.000034, 0.000544, 0.000763
81, 0.000000, 0.022737, 0.000043, 0.000034, 0.000545, 0.000764
81, 0.000000, 0.023238, 0.000044, 0.000035, 0.000556, 0.000781
81, 0.000000, 0.023186, 0.000044, 0.000034, 0.000555, 0.000781
81, 0.000000, 0.024488, 0.000045, 0.000035, 0.000579, 0.000810
81, 0.000000, 0.024508, 0.000045, 0.000035, 0.000580, 0.000811
81, 0.000000, 0.026957, 0.000057, 0.000049, 0.000652, 0.000962
81, 0.000000, 0.026952, 0.000056, 0.000049, 0.000652, 0.000962
81, 0.000000, 0.027551, 0.000057, 0.000050, 0.000665, 0.000970
81, 0.000000, 0.027614, 0.000057, 0.000050, 0.000666, 0.000970
81, 0.000000, 0.028443, 0.000058, 0.000050, 0.000680, 0.000977
81, 0.000000, 0.028471, 0.000058, 0.000050, 0.000680, 0.000977
81, 0.000000, 0.029553, 0.000062, 0.000054, 0.000711, 0.001024
81, 0.000000, 0.029562, 0.000062, 0.000054, 0.000711, 0.001024
81, 0.000000, 0.032496, 0.000064, 0.000055, 0.000761, 0.001056
81, 0.000000, 0.032502, 0.000064, 0.000055, 0.000762, 0.001057
81, 0.000000, 0.033236, 0.000068, 0.000056, 0.000795, 0.001109
81, 0.000000, 0.033280, 0.000068, 0.000056, 0.000796, 0.001109
81, 0.000000, 0.034721, 0.000070, 0.000056, 0.000833, 0.001137
82, 0.000000, 0.000307, 0.000001, 0.000001, 0.000006, 0.000019
82, 0.000000, 0.009540, 0.000020, 0.000014, 0.000239, 0.000360
82, 0.000000, 0.009508, 0.000020, 0.000014, 0.000239, 0.000360
82, 0.000000, 0.009858, 0.000020, 0.000013, 0.000243, 0.000366
82, 0.000000, 0.009830, 0.000020, 0.000013, 0.000243, 0.000366
82, 0.000000, 0.010551, 0.000021, 0.000013, 0.000263, 0.000403
82, 0.000000, 0.010561, 0.000021, 0.000013, 0.000263, 0.000403
82, 0.000000, 0.011218, 0.000024, 0.000014, 0.000282, 0.000433
82, 0.000000, 0.011218, 0.000024, 0.000014, 0.000282, 0.000434
82, 0.000000, 0.012233, 0.000027, 0.000016, 0.000306, 0.000482
82, 0.000000, 0.012221, 0.000027, 0.000016, 0.000306, 0.000482
82, 0.000000, 0.015719, 0.000030, 0.000017, 0.000365, 0.000541
82, 0.000000, 0.015686, 0.000031, 0.000018, 0.000364, 0.000541
82, 0.000000, 0.015976, 0.000031, 0.000017, 0.000378, 0.000572
82, 0.000000, 0.015954, 0.000031, 0.000017, 0.000378, 0.000573
82, 0.000000, 0.021870, 0.000038, 0.000024, 0.000486, 0.000672
82, 0.000000, 0.021835, 0.000038, 0.000024, 0.000486, 0.000673
82, 0.000000, 0.022385, 0.000040, 0.000025, 0.000519, 0.000742
82, 0.000000, 0.022376, 0.000040, 0.000025, 0.000519, 0.000742
82, 0.000000, 0.026365, 0.000045, 0.000035, 0.000595, 0.000808
82, 0.000000, 0.026358, 0.000045, 0.000035, 0.000595, 0.000808
82, 0.000000, 0.028383, 0.000049, 0.000036, 0.000648, 0.000883
82, 0.000000, 0.028337, 0.000049, 0.000036, 0.000648, 0.000883
82, 0.000000, 0.030236, 0.000051, 0.000037, 0.000687, 0.000932
82, 0.000000, 0.030246, 0.000051, 0.000037, 0.000687, 0.000932
82, 0.000000, 0.030456, 0.000051, 0.000035, 0.000692, 0.000943
82, 0.000000, 0.030463, 0.000051, 0.000036, 0.000692, 0.000943
82, 0.000000, 0.031587, 0.000052, 0.000036, 0.000710, 0.000968
82, 0.000000, 0.031566, 0.000052, 0.000036, 0.000710, 0.000969
82, 0.000000, 0.031145, 0.000053, 0.000036, 0.000713, 0.000984
82, 0.000000, 0.031160, 0.000053, 0.000036, 0.000714, 0.000985
82, 0.000000, 0.031088, 0.000054, 0.000036, 0.000719, 0.000999
83, 0.000000, 0.000286, 0.000001, 0.000001, 0.000007, 0.000017
83, 0.000000, 0.006962, 0.000013, 0.000009, 0.000163, 0.000228
83, 0.000000, 0.006990, 0.000013, 0.000009, 0.000163, 0.000229
83, 0.000000, 0.010638, 0.000022, 0.000016, 0.000266, 0.000382
83, 0.000000, 0.010619, 0.000022, 0.000016, 0.000266, 0.000382
83, 0.000000, 0.021420, 0.000037, 0.000022, 0.000549, 0.000748
83, 0.000000, 0.021415, 0.000037, 0.000022, 0.000549, 0.000749
83, 0.000000, 0.021933, 0.000040, 0.000023, 0.000564, 0.000803
83, 0.000000, 0.021908, 0.000040, 0.000023, 0.000564, 0.000803
83, 0.000000, 0.021804, 0.000040, 0.000024, 0.000565, 0.000814
83, 0.000000, 0.021778, 0.000040, 0.000024, 0.000565, 0.000815
83, 0.000000, 0.022431, 0.000040, 0.000024, 0.000576, 0.000820
83, 0.000000, 0.022388, 0.000040, 0.000024, 0.000576, 0.000820
83, 0.000000, 0.034783, 0.000059, 0.000035, 0.000858, 0.001207
83, 0.000000, 0.034733, 0.000059, 0.000036, 0.000858, 0.001208
83, 0.000000, 0.035141, 0.000060, 0.000037, 0.000867, 0.001220
83, 0.000000, 0.035156, 0.000060, 0.000037, 0.000867, 0.001220
83, 0.000000, 0.053233, 0.000099, 0.000072, 0.001241, 0.001671
83, 0.000000, 0.053260, 0.000099, 0.000072, 0.001242, 0.001671
83, 0.000019, 3118733.750000, 5425.994066, 3165.876632, 72776.140315, 115225.514635
83, 0.000019, 3118733.750000, 5425.994066, 3165.876632, 72776.140315, 115225.514635
83, 0.000019, 3118733.750000, 5425.994066, 3165.876632, 72776.140315, 115225.514635
83, 0.000019, 3118733.750000, 5425.994066, 3165.876632, 72776.140315, 115225.514635
83, 0.000019, 3118733.750000, 5425.994066, 3165.876632, 72776.140315, 115225.514635
83, 0.000019, 3118733.750000, 5425.994066, 3165.876632, 72776.140315, 115225.514635
83, 0.000019, 3118733.750000, 5425.994066, 3165.876632, 72776.140315, 115225.514635
83, 0.000019, 3118733.750000, 5425.994066, 3165.876632, 72776.140315, 115225.514635
83, 0.000019, 3118733.750000, 5425.994066, 3165.876632, 72776.140315, 115225.514635
83, 0.000019, 3118733.750000, 5425.994066, 3165.876632, 72776.140315, 115225.514635
83, 0.000019, 3118733.750000, 5425.994066, 3165.876635, 72776.140315, 115225.514635
83, 0.000019, 3118733.750000, 5425.994066, 3165.876635, 72776.140315, 115225.514635
83, 0.000019, 3118733.750000, 5425.994066, 3165.876635, 72776.140315, 115225.514635
84, 0.000000, 0.000252, 0.000001, 0.000001, 0.000005, 0.000015
84, 0.000000, 0.007382, 0.000010, 0.000005, 0.000157, 0.000176
84, 0.000000, 0.007395, 0.000010, 0.000005, 0.000158, 0.000177
84, 0.000000, 0.007793, 0.000012, 0.000006, 0.000179, 0.000214
84, 0.000000, 0.007811, 0.000012, 0.000006, 0.000180, 0.000215
84, 0.000000, 0.009543, 0.000015, 0.000007, 0.000219, 0.000262
84, 0.000000, 0.009559, 0.000015, 0.000007, 0.000219, 0.000262
84, 0.000000, 0.010239, 0.000017, 0.000009, 0.000240, 0.000300
84, 0.000000, 0.010258, 0.000017, 0.000009, 0.000240, 0.000301
84, 0.000000, 0.012348, 0.000020, 0.000013, 0.000282, 0.000344
84, 0.000000, 0.012373, 0.000020, 0.000013, 0.000283, 0.000345
84, 0.000000, 0.012859, 0.000021, 0.000014, 0.000295, 0.000363
84, 0.000000, 0.012905, 0.000021, 0.000014, 0.000295, 0.000363
84, 0.000000, 0.028105, 0.000054, 0.000037, 0.000676, 0.000959
84, 0.000000, 0.028134, 0.000054, 0.000037, 0.000677, 0.000959
84, 0.000000, 0.036347, 0.000068, 0.000050, 0.000855, 0.001175
84, 0.000000, 0.036360, 0.000068, 0.000050, 0.000855, 0.001175
84, 0.000000, 0.036601, 0.000069, 0.000051, 0.000865, 0.001195
84, 0.000000, 0.036633, 0.000069, 0.000051, 0.000865, 0.001195
84, 0.000000, 0.035578, 0.000067, 0.000048, 0.000858, 0.001198
84, 0.000000, 0.035600, 0.000067, 0.000048, 0.000859, 0.001198
84, 0.000000, 0.038767, 0.000075, 0.000053, 0.000938, 0.001262
84, 0.000000, 0.038790, 0.000075, 0.000053, 0.000938, 0.001263
84, 0.000000, 0.040385, 0.000080, 0.000056, 0.000978, 0.001306
84, 0.000000, 0.040412, 0.000080, 0.000057, 0.000978, 0.001306
84, 0.000000, 0.054021, 0.000098, 0.000063, 0.001281, 0.001790
84, 0.000000, 0.054072, 0.000098, 0.000063, 0.001281, 0.001791
84, 0.000000, 0.054071, 0.000098, 0.000062, 0.001281, 0.001793
84, 0.000000, 0.054070, 0.000098, 0.000062, 0.001281, 0.001793
84, 0.000000, 0.054545, 0.000099, 0.000062, 0.001295, 0.001801
84, 0.000000, 0.054569, 0.000099, 0.000062, 0.001295, 0.001801
84, 0.000000, 0.053669, 0.000099, 0.000063, 0.001292, 0.001821
85, 0.000000, 0.000297, 0.000001, 0.000001, 0.000007, 0.000016
85, 0.000000, 0.005862, 0.000010, 0.000006, 0.000138, 0.000193
85, 0.000000, 0.005840, 0.000010, 0.000006, 0.000137, 0.000194
85, 0.000000, 0.006428, 0.000012, 0.000007, 0.000156, 0.000239
85, 0.000000, 0.006400, 0.000012, 0.000007, 0.000156, 0.000241
85, 0.000000, 0.019443, 0.000023, 0.000012, 0.000389, 0.000396
85, 0.000000, 0.019446, 0.000023, 0.000012, 0.000389, 0.000396
85, 0.000000, 1.788633, 0.003996, 0.003320, 0.043296, 0.071820
85, 0.000000, 1.788650, 0.003996, 0.003319, 0.043297, 0.071821
85, 0.000000, 1.788355, 0.003995, 0.003320, 0.043297, 0.071824
85, 0.000000, 1.788359, 0.003995, 0.003320, 0.043297, 0.071824
85, 0.000000, 1.808167, 0.003967, 0.003315, 0.043871, 0.072611
85, 0.000000, 1.808177, 0.003967, 0.003315, 0.043871, 0.072611
85, 0.000000, 1.808514, 0.003966, 0.003313, 0.043876, 0.072609
85, 0.000000, 1.808533, 0.003966, 0.003313, 0.043876, 0.072609
85, 0.000000, 1.808494, 0.003967, 0.003314, 0.043876, 0.072610
85, 0.000000, 1.808524, 0.003967, 0.003314, 0.043877, 0.072610
85, 0.000000, 1.807382, 0.003966, 0.003314, 0.043860, 0.072606
85, 0.000000, 1.807395, 0.003966, 0.003314, 0.043860, 0.072606
85, 0.000000, 1.806900, 0.003967, 0.003315, 0.043856, 0.072610
85, 0.000000, 1.806940, 0.003967, 0.003315, 0.043856, 0.072610
85, 0.000000, 1.807686, 0.003967, 0.003316, 0.043867, 0.072615
85, 0.000000, 1.807726, 0.003967, 0.003316, 0.043868, 0.072615
85, 0.000000, 1.807318, 0.003966, 0.003317, 0.043862, 0.072617
85, 0.000000, 1.807364, 0.003966, 0.003317, 0.043863, 0.072618
85, 0.000000, 1.808539, 0.003966, 0.003317, 0.043877, 0.072618
85, 0.000000, 1.808589, 0.003966, 0.003317, 0.043877, 0.072618
85, 0.000000, 1.808876, 0.003967, 0.003316, 0.043879, 0.072617
85, 0.000000, 1.808933, 0.003967, 0.003316, 0.043880, 0.072617
85, 0.000000, 1.809550, 0.003967, 0.003315, 0.043888, 0.072615
85, 0.000000, 1.809598, 0.003967, 0.003316, 0.043889, 0.072615
85, 0.000000, 1.809056, 0.003967, 0.003314, 0.043884, 0.072622
86, 0.000000, 0.000269, 0.000000, 0.000000, 0.000006, 0.000009
86, 0.000000, 0.003646, 0.000007, 0.000004, 0.000088, 0.000133
86, 0.000000, 0.003681, 0.000007, 0.000004, 0.000089, 0.000135
86, 0.000000, 0.006563, 0.000014, 0.000007, 0.000165, 0.000249
86, 0.000000, 0.006567, 0.000014, 0.000007, 0.000165, 0.000249
86, 0.000000, 0.007499, 0.000015, 0.000008, 0.000195, 0.000274
86, 0.000000, 0.007575, 0.000015, 0.000008, 0.000196, 0.000275
86, 0.000000, 0.008293, 0.000016, 0.000008, 0.000209, 0.000292
86, 0.000000, 0.008339, 0.000016, 0.000008, 0.000210, 0.000293
86, 0.000000, 0.010004, 0.000019, 0.000009, 0.000245, 0.000329
86, 0.000000, 0.010022, 0.000019, 0.000009, 0.000246, 0.000330
86, 0.000000, 0.013203, 0.000021, 0.000011, 0.000311, 0.000381
86, 0.000000, 0.013271, 0.000021, 0.000011, 0.000312, 0.000382
86, 0.000000, 0.014781, 0.000031, 0.000022, 0.000380, 0.000561
86, 0.000000, 0.014789, 0.000031, 0.000022, 0.000381, 0.000561
86, 0.000000, 0.014809, 0.000032, 0.000023, 0.000388, 0.000586
86, 0.000000, 0.014805, 0.000032, 0.000023, 0.000389, 0.000586
86, 0.000000, 0.014604, 0.000033, 0.000024, 0.000388, 0.000597
86, 0.000000, 0.014624, 0.000033, 0.000024, 0.000389, 0.000598
86, 0.000000, 0.067001, 0.000154, 0.000143, 0.001658, 0.002839
86, 0.000000, 0.066942, 0.000154, 0.000143, 0.001658, 0.002839
86, 0.000000, 0.067873, 0.000153, 0.000142, 0.001671, 0.002844
86, 0.000000, 0.067843, 0.000153, 0.000142, 0.001671, 0.002845
86, 0.000000, 0.068461, 0.000154, 0.000142, 0.001682, 0.002848
86, 0.000000, 0.068445, 0.000154, 0.000142, 0.001682, 0.002849
86, 0.000000, 0.075902, 0.000165, 0.000142, 0.001860, 0.003014
86, 0.000000, 0.075862, 0.000165, 0.000142, 0.001860, 0.003014
86, 0.000000, 0.076005, 0.000165, 0.000142, 0.001865, 0.003015
86, 0.000000, 0.075932, 0.000165, 0.000142, 0.001864, 0.003015
86, 10903845.000000, 464544075052220416.000000, 934988235852395.125000, 608288243132199.125000, 11403855665496836.000000, 20297094160979460.000000
86, 10903845.000000, 464544075052220416.000000, 934988235852395.125000, 608288243132199.125000, 11403855665496836.000000, 20297094160979460.000000
86, 10903845.000000, 464544075052220416.000000, 934988235852395.125000, 608288243132199.125000, 11403855665496836.000000, 20297094160979460.000000
87, 0.000000, 0.000302, 0.000001, 0.000001, 0.000007, 0.000018
87, 0.000000, 0.004902, 0.000010, 0.000006, 0.000112, 0.000154
87, 0.000000, 0.004947, 0.000010, 0.000006, 0.000113, 0.000155
87, 0.000000, 0.008500, 0.000016, 0.000010, 0.000205, 0.000294
87, 0.000000, 0.008557, 0.000016, 0.000010, 0.000206, 0.000295
87, 0.000000, 0.010105, 0.000019, 0.000011, 0.000248, 0.000354
87, 0.000000, 0.010154, 0.000019, 0.000011, 0.000249, 0.000355
87, 0.000000, 0.011188, 0.000021, 0.000012, 0.000269, 0.000383
87, 0.000000, 0.011211, 0.000021, 0.000012, 0.000270, 0.000383
87, 0.000000, 0.030366, 0.000057, 0.000043, 0.000734, 0.000990
87, 0.000000, 0.030397, 0.000057, 0.000043, 0.000735, 0.000990
87, 0.000000, 0.038775, 0.000075, 0.000056, 0.000911, 0.001275
87, 0.000000, 0.038814, 0.000075, 0.000056, 0.000911, 0.001275
87, 0.000000, 0.039815, 0.000077, 0.000060, 0.000940, 0.001306
87, 0.000000, 0.039837, 0.000077, 0.000060, 0.000940, 0.001306
87, 0.000000, 0.039609, 0.000077, 0.000061, 0.000937, 0.001314
87, 0.000000, 0.039623, 0.000077, 0.000061, 0.000938, 0.001314
87, 0.000000, 0.039958, 0.000078, 0.000061, 0.000943, 0.001321
87, 0.000000, 0.039982, 0.000078, 0.000061, 0.000943, 0.001322
87, 0.000000, 0.042769, 0.000080, 0.000060, 0.001012, 0.001373
87, 0.000000, 0.042794, 0.000080, 0.000060, 0.001012, 0.001373
87, 0.000000, 0.044691, 0.000081, 0.000060, 0.001046, 0.001388
87, 0.000000, 0.044713, 0.000081, 0.000060, 0.001046, 0.001388
87, 0.000000, 0.044230, 0.000082, 0.000062, 0.001047, 0.001412
87, 0.000000, 0.044268, 0.000083, 0.000062, 0.001047, 0.001412
87, 0.000000, 0.044666, 0.000083, 0.000061, 0.001059, 0.001429
87, 0.000000, 0.044699, 0.000083, 0.000061, 0.001060, 0.001429
87, 0.000000, 0.045595, 0.000084, 0.000061, 0.001078, 0.001444
87, 0.000000, 0.045624, 0.000084, 0.000061, 0.001078, 0.001444
87, 0.000000, 0.045028, 0.000086, 0.000065, 0.001074, 0.001462
87, 0.000000, 0.045071, 0.000086, 0.000064, 0.001074, 0.001463
87, 0.000000, 0.045538, 0.000086, 0.000065, 0.001081, 0.001469
88, 0.000000, 0.000274, 0.000001, 0.000001, 0.000006, 0.000016
88, 0.000000, 0.004242, 0.000009, 0.000006, 0.000094, 0.000125
88, 0.000000, 0.004292, 0.000009, 0.000006, 0.000095, 0.000126
88, 0.000000, 0.007518, 0.000017, 0.000013, 0.000188, 0.000273
88, 0.000000, 0.007550, 0.000017, 0.000013, 0.000188, 0.000273
88, 0.000000, 0.014141, 0.000023, 0.000015, 0.000314, 0.000378
88, 0.000000, 0.014141, 0.000023, 0.000015, 0.000314, 0.000379
88, 0.000000, 0.014422, 0.000024, 0.000015, 0.000321, 0.000394
88, 0.000000, 0.014434, 0.000024, 0.000015, 0.000322, 0.000395
88, 0.000000, 0.017057, 0.000025, 0.000015, 0.000372, 0.000448
88, 0.000000, 0.017040, 0.000025, 0.000015, 0.000372, 0.000448
88, 0.000000, 0.017778, 0.000028, 0.000018, 0.000388, 0.000485
88, 0.000000, 0.017794, 0.000028, 0.000018, 0.000388, 0.000485
88, 0.000000, 0.019659, 0.000029, 0.000019, 0.000419, 0.000504
88, 0.000000, 0.019642, 0.000029, 0.000019, 0.000418, 0.000505
88, 0.000000, 0.022458, 0.000031, 0.000021, 0.000474, 0.000548
88, 0.000000, 0.022457, 0.000031, 0.000021, 0.000474, 0.000548
88, 0.000000, 0.021841, 0.000032, 0.000020, 0.000472, 0.000581
88, 0.000000, 0.021821, 0.000032, 0.000020, 0.000472, 0.000582
88, 0.000000, 0.025746, 0.000043, 0.000028, 0.000581, 0.000736
88, 0.000000, 0.025724, 0.000043, 0.000028, 0.000581, 0.000736
88, 0.000000, 0.026483, 0.000043, 0.000028, 0.000604, 0.000757
88, 0.000000, 0.026503, 0.000044, 0.000028, 0.000604, 0.000757
88, 0.000000, 0.915433, 0.001358, 0.000804, 0.020292, 0.026327
88, 0.000000, 0.915481, 0.001358, 0.000804, 0.020292, 0.026328
88, 0.000000, 0.914963, 0.001360, 0.000803, 0.020304, 0.026334
88, 0.000000, 0.914967, 0.001360, 0.000803, 0.020304, 0.026334
88, 0.000000, 0.914704, 0.001359, 0.000802, 0.020298, 0.026331
88, 0.000000, 0.914703, 0.001359, 0.000802, 0.020298, 0.026331
88, 0.000000, 0.914938, 0.001358, 0.000802, 0.020296, 0.026328
88, 0.000000, 0.914998, 0.001358, 0.000802, 0.020297, 0.026329
88, 0.000000, 0.914056, 0.001356, 0.000801, 0.020282, 0.026327
89, 0.000000, 0.000257, 0.000001, 0.000001, 0.000005, 0.000010
89, 0.000000, 0.005478, 0.000010, 0.000007, 0.000129, 0.000170
89, 0.000000, 0.005507, 0.000010, 0.000007, 0.000130, 0.000171
89, 0.000000, 0.007921, 0.000013, 0.000008, 0.000180, 0.000232
89, 0.000000, 0.007924, 0.000013, 0.000008, 0.000180, 0.000233
89, 0.000000, 0.008408, 0.000015, 0.000010, 0.000194, 0.000254
89, 0.000000, 0.008425, 0.000015, 0.000010, 0.000194, 0.000254
89, 0.000000, 0.012936, 0.000024, 0.000013, 0.000305, 0.000394
89, 0.000000, 0.012965, 0.000024, 0.000013, 0.000305, 0.000394
89, 0.000000, 0.013168, 0.000025, 0.000014, 0.000314, 0.000409
89, 0.000000, 0.013180, 0.000025, 0.000014, 0.000314, 0.000409
89, 0.000000, 0.015923, 0.000027, 0.000015, 0.000362, 0.000449
89, 0.000000, 0.015964, 0.000027, 0.000015, 0.000363, 0.000449
89, 0.000000, 0.016199, 0.000028, 0.000016, 0.000372, 0.000463
89, 0.000000, 0.016251, 0.000028, 0.000016, 0.000373, 0.000463
89, 0.000000, 0.020951, 0.000039, 0.000022, 0.000499, 0.000639
89, 0.000000, 0.020965, 0.000039, 0.000022, 0.000499, 0.000639
89, 0.000000, 0.022598, 0.000041, 0.000024, 0.000531, 0.000687
89, 0.000000, 0.022634, 0.000041, 0.000024, 0.000532, 0.000687
89, 0.000000, 0.025868, 0.000045, 0.000026, 0.000596, 0.000751
89, 0.000000, 0.025877, 0.000045, 0.000026, 0.000596, 0.000751
89, 0.000000, 0.029286, 0.000051, 0.000030, 0.000679, 0.000880
89, 0.000000, 0.029311, 0.000051, 0.000030, 0.000679, 0.000881
89, 0.156322, 4212153600.000000, 5613279.555505, 4193761.411397, 87008362.195979, 91526191.805768
89, 0.156322, 4212153600.000000, 5613279.555505, 4193761.411397, 87008362.195979, 91526191.805768
89, 0.156322, 4212153600.000000, 5613279.555505, 4193761.411397, 87008362.195979, 91526191.805768
89, 0.156322, 4212153600.000000, 5613279.555505, 4193761.411397, 87008362.195979, 91526191.805768
89, 0.156322, 4212153600.000000, 5613279.555505, 4193761.411397, 87008362.195979, 91526191.805768
89, 0.156322, 4212153600.000000, 5613279.555505, 4193761.411397, 87008362.195979, 91526191.805768
89, 0.156322, 4212153600.000000, 5613279.555505, 4193761.411397, 87008362.195979, 91526191.805768
89, 0.156322, 4212153600.000000, 5613279.555505, 4193761.411397, 87008362.195979, 91526191.805768
89, 0.156322, 4212153600.000000, 5613279.555505, 4193761.411397, 87008362.195979, 91526191.805768
90, 0.000000, 0.000252, 0.000001, 0.000000, 0.000006, 0.000010
90, 0.000000, 0.004128, 0.000009, 0.000007, 0.000099, 0.000154
90, 0.000000, 0.004149, 0.000009, 0.000007, 0.000099, 0.000155
90, 0.000000, 0.005634, 0.000012, 0.000010, 0.000134, 0.000203
90, 0.000000, 0.005685, 0.000012, 0.000011, 0.000135, 0.000204
90, 0.000000, 0.006464, 0.000014, 0.000012, 0.000157, 0.000228
90, 0.000000, 0.006527, 0.000014, 0.000012, 0.000158, 0.000229
90, 0.000000, 0.009595, 0.000019, 0.000012, 0.000228, 0.000296
90, 0.000000, 0.009646, 0.000019, 0.000012, 0.000228, 0.000297
90, 0.000000, 0.010075, 0.000020, 0.000013, 0.000240, 0.000307
90, 0.000000, 0.010140, 0.000020, 0.000013, 0.000241, 0.000307
90, 0.000000, 0.011068, 0.000021, 0.000013, 0.000256, 0.000330
90, 0.000000, 0.011107, 0.000021, 0.000013, 0.000257, 0.000331
90, 0.000000, 0.015798, 0.000029, 0.000017, 0.000351, 0.000428
90, 0.000000, 0.015833, 0.000029, 0.000017, 0.000352, 0.000428
90, 0.000000, 0.016533, 0.000030, 0.000017, 0.000365, 0.000438
90, 0.000000, 0.016556, 0.000030, 0.000017, 0.000365, 0.000438
90, 0.000000, 0.017067, 0.000031, 0.000018, 0.000377, 0.000454
90, 0.000000, 0.017103, 0.000031, 0.000018, 0.000378, 0.000455
90, 0.000000, 0.016241, 0.000034, 0.000022, 0.000376, 0.000490
90, 0.000000, 0.016268, 0.000034, 0.000022, 0.000376, 0.000490
90, 0.000000, 0.019162, 0.000043, 0.000028, 0.000465, 0.000636
90, 0.000000, 0.019160, 0.000043, 0.000028, 0.000466, 0.000637
90, 0.000000, 0.020177, 0.000044, 0.000029, 0.000481, 0.000655
90, 0.000000, 0.020258, 0.000044, 0.000029, 0.000482, 0.000655
90, 0.000000, 0.021569, 0.000050, 0.000033, 0.000509, 0.000702
90, 0.000000, 0.021623, 0.000050, 0.000033, 0.000510, 0.000702
90, 0.000000, 0.021921, 0.000052, 0.000035, 0.000520, 0.000720
90, 0.000000, 0.021982, 0.000052, 0.000035, 0.000521, 0.000720
90, 0.000000, 0.022152, 0.000054, 0.000036, 0.000531, 0.000743
90, 0.000000, 0.022204, 0.000054, 0.000036, 0.000532, 0.000743
90, 0.000000, 0.022354, 0.000055, 0.000036, 0.000538, 0.000754
91, 0.000000, 0.000323, 0.000001, 0.000001, 0.000007, 0.000020
91, 0.000000, 0.007661, 0.000014, 0.000009, 0.000176, 0.000224
91, 0.000000, 0.007678, 0.000014, 0.000009, 0.000176, 0.000225
91, 0.000000, 0.008816, 0.000017, 0.000010, 0.000209, 0.000279
91, 0.000000, 0.008832, 0.000017, 0.000010, 0.000209, 0.000280
91, 0.000000, 0.009787, 0.000020, 0.000012, 0.000235, 0.000330
91, 0.000000, 0.009812, 0.000020, 0.000012, 0.000236, 0.000330
91, 0.000000, 0.009876, 0.000021, 0.000012, 0.000243, 0.000345
91, 0.000000, 0.009917, 0.000021, 0.000013, 0.000244, 0.000346
91, 0.000000, 0.011779, 0.000023, 0.000014, 0.000277, 0.000379
91, 0.000000, 0.011796, 0.000023, 0.000014, 0.000277, 0.000379
91, 0.000000, 0.012301, 0.000025, 0.000015, 0.000293, 0.000412
91, 0.000000, 0.012328, 0.000025, 0.000015, 0.000294, 0.000412
91, 0.000026, 892766.250000, 1806.000038, 1222.684973, 20979.561695, 28624.114815
91, 0.000026, 892766.250000, 1806.000038, 1222.684973, 20979.561695, 28624.114815
91, 0.000026, 892766.250000, 1806.000038, 1222.684973, 20979.561786, 28624.114815
91, 0.000026, 892766.250000, 1806.000038, 1222.684973, 20979.561786, 28624.114815
91, 0.000026, 892766.250000, 1806.000038, 1222.684973, 20979.561786, 28624.114815
91, 0.000026, 892766.250000, 1806.000038, 1222.684973, 20979.561786, 28624.114815
91, 0.000026, 892766.250000, 1806.000038, 1222.684973, 20979.561786, 28624.114815
91, 0.000026, 892766.250000, 1806.000038, 1222.684973, 20979.561786, 28624.114815
91, 0.000026, 892766.250000, 1806.000038, 1222.684973, 20979.561786, 28624.114815
91, 0.000026, 892766.250000, 1806.000038, 1222.684973, 20979.561786, 28624.114815
91, 0.000026, 892766.250000, 1806.000038, 1222.684973, 20979.561786, 28624.114815
91, 0.000026, 892766.250000, 1806.000038, 1222.684973, 20979.561786, 28624.114815
91, 0.000026, 892766.250000, 1806.000038, 1222.684973, 20979.561786, 28624.114815
91, 0.000026, 892766.250000, 1806.000038, 1222.684973, 20979.561786, 28624.114815
91, 0.000026, 892943.687500, 1806.658673, 1222.648508, 20982.870529, 28624.934084
91, 0.000026, 892943.687500, 1806.658673, 1222.648508, 20982.870529, 28624.934084
91, 0.000026, 892943.687500, 1806.658670, 1222.648508, 20982.870529, 28624.934084
91, 0.000026, 892943.687500, 1806.658670, 1222.648508, 20982.870529, 28624.934084
91, 0.000026, 892943.687500, 1806.658663, 1222.648508, 20982.870532, 28624.934084
92, 0.000000, 0.000272, 0.000001, 0.000001, 0.000006, 0.000013
92, 0.000000, 0.006128, 0.000012, 0.000006, 0.000139, 0.000162
92, 0.000000, 0.006144, 0.000012, 0.000006, 0.000140, 0.000163
92, 0.000000, 0.009075, 0.000018, 0.000011, 0.000216, 0.000276
92, 0.000000, 0.009097, 0.000018, 0.000011, 0.000217, 0.000276
92, 0.000000, 0.011193, 0.000022, 0.000013, 0.000258, 0.000330
92, 0.000000, 0.011216, 0.000022, 0.000013, 0.000259, 0.000330
92, 0.000000, 0.015632, 0.000028, 0.000017, 0.000352, 0.000408
92, 0.000000, 0.015660, 0.000028, 0.000017, 0.000353, 0.000409
92, 0.000000, 0.345815, 0.000717, 0.000437, 0.008336, 0.013997
92, 0.000000, 0.345819, 0.000717, 0.000437, 0.008336, 0.013997
92, 0.000000, 0.345022, 0.000716, 0.000437, 0.008319, 0.014004
92, 0.000000, 0.345030, 0.000716, 0.000437, 0.008320, 0.014004
92, 0.000000, 0.344796, 0.000717, 0.000437, 0.008324, 0.014007
92, 0.000000, 0.344797, 0.000717, 0.000437, 0.008325, 0.014007
92, 0.000000, 0.344523, 0.000717, 0.000438, 0.008328, 0.014024
92, 0.000000, 0.344552, 0.000717, 0.000438, 0.008329, 0.014024
92, 0.000000, 0.344883, 0.000717, 0.000438, 0.008337, 0.014024
92, 0.000000, 0.344923, 0.000717, 0.000438, 0.008337, 0.014024
92, 0.000000, 0.344518, 0.000717, 0.000438, 0.008335, 0.014028
92, 0.000000, 0.344521, 0.000717, 0.000438, 0.008335, 0.014028
92, 0.000000, 0.344625, 0.000717, 0.000439, 0.008335, 0.014033
92, 0.000000, 0.344648, 0.000717, 0.000439, 0.008335, 0.014033
92, 0.000000, 0.345329, 0.000717, 0.000439, 0.008346, 0.014036
92, 0.000000, 0.345371, 0.000717, 0.000439, 0.008347, 0.014036
92, 0.000000, 0.345692, 0.000717, 0.000439, 0.008357, 0.014043
92, 0.000000, 0.345710, 0.000717, 0.000439, 0.008357, 0.014043
92, 0.000000, 0.346034, 0.000717, 0.000439, 0.008361, 0.014043
92, 0.000000, 0.346052, 0.000717, 0.000439, 0.008362, 0.014043
92, 0.000000, 0.346799, 0.000718, 0.000440, 0.008375, 0.014047
92, 0.000000, 0.346827, 0.000718, 0.000440, 0.008375, 0.014047
92, 0.000000, 0.348282, 0.000718, 0.000440, 0.008400, 0.014050
93, 0.000000, 0.000270, 0.000001, 0.000001, 0.000005, 0.000010
93, 0.000000, 0.004475, 0.000011, 0.000006, 0.000115, 0.000171
93, 0.000000, 0.004478, 0.000011, 0.000007, 0.000115, 0.000172
93, 0.000000, 0.012972, 0.000027, 0.000016, 0.000297, 0.000391
93, 0.000000, 0.012989, 0.000027, 0.000016, 0.000297, 0.000392
93, 0.000000, 0.014742, 0.000033, 0.000019, 0.000344, 0.000473
93, 0.000000, 0.014753, 0.000033, 0.000019, 0.000344, 0.000473
93, 0.000000, 0.016788, 0.000037, 0.000023, 0.000402, 0.000563
93, 0.000000, 0.016803, 0.000037, 0.000023, 0.000402, 0.000564
93, 0.000000, 0.018274, 0.000041, 0.000025, 0.000446, 0.000614
93, 0.000000, 0.018297, 0.000041, 0.000025, 0.000446, 0.000615
93, 0.000000, 0.020711, 0.000044, 0.000026, 0.000495, 0.000643
93, 0.000000, 0.020713, 0.000044, 0.000026, 0.000496, 0.000644
93, 0.000000, 0.021142, 0.000045, 0.000028, 0.000508, 0.000665
93, 0.000000, 0.021157, 0.000045, 0.000028, 0.000509, 0.000665
93, 0.000000, 0.021179, 0.000046, 0.000030, 0.000514, 0.000679
93, 0.000000, 0.021218, 0.000046, 0.000030, 0.000514, 0.000679
93, 0.000000, 0.021479, 0.000048, 0.000030, 0.000521, 0.000699
93, 0.000000, 0.021487, 0.000048, 0.000030, 0.000522, 0.000700
93, 0.000000, 0.022722, 0.000052, 0.000032, 0.000562, 0.000748
93, 0.000000, 0.022773, 0.000052, 0.000032, 0.000563, 0.000748
93, 0.000000, 0.024675, 0.000055, 0.000034, 0.000605, 0.000807
93, 0.000000, 0.024692, 0.000055, 0.000034, 0.000605, 0.000807
93, 0.000000, 0.025131, 0.000056, 0.000035, 0.000617, 0.000822
93, 0.000000, 0.025166, 0.000056, 0.000035, 0.000618, 0.000823
93, 0.000000, 0.025584, 0.000057, 0.000035, 0.000629, 0.000846
93, 0.000000, 0.025605, 0.000057, 0.000034, 0.000629, 0.000846
93, 0.000000, 0.040751, 0.000091, 0.000054, 0.000976, 0.001398
93, 0.000000, 0.040803, 0.000091, 0.000054, 0.000977, 0.001398
93, 0.000000, 0.042582, 0.000092, 0.000054, 0.001003, 0.001423
93, 0.000000, 0.042596, 0.000092, 0.000054, 0.001003, 0.001423
93, 0.000000, 0.042109, 0.000092, 0.000055, 0.000997, 0.001429
94, 0.000000, 0.000320, 0.000001, 0.000001, 0.000007, 0.000013
94, 0.000000, 0.003846, 0.000007, 0.000004, 0.000085, 0.000114
94, 0.000000, 0.003900, 0.000007, 0.000004, 0.000086, 0.000116
94, 0.000000, 0.009872, 0.000023, 0.000011, 0.000242, 0.000304
94, 0.000000, 0.009850, 0.000023, 0.000012, 0.000241, 0.000305
94, 0.000000, 0.011020, 0.000026, 0.000013, 0.000268, 0.000342
94, 0.000000, 0.011070, 0.000026, 0.000013, 0.000269, 0.000343
94, 0.000000, 0.013169, 0.000031, 0.000017, 0.000316, 0.000421
94, 0.000000, 0.013196, 0.000031, 0.000017, 0.000317, 0.000422
94, 0.000000, 0.016339, 0.000036, 0.000019, 0.000384, 0.000488
94, 0.000000, 0.016354, 0.000036, 0.000019, 0.000384, 0.000488
94, 0.000000, 0.016469, 0.000036, 0.000019, 0.000390, 0.000498
94, 0.000000, 0.016504, 0.000036, 0.000019, 0.000391, 0.000499
94, 0.000000, 0.018714, 0.000039, 0.000022, 0.000432, 0.000529
94, 0.000000, 0.018737, 0.000039, 0.000022, 0.000433, 0.000530
94, 0.000000, 0.020375, 0.000041, 0.000023, 0.000463, 0.000567
94, 0.000000, 0.020409, 0.000041, 0.000023, 0.000464, 0.000567
94, 0.000000, 0.021573, 0.000043, 0.000025, 0.000493, 0.000621
94, 0.000000, 0.021585, 0.000043, 0.000025, 0.000493, 0.000621
94, 0.000000, 0.022029, 0.000046, 0.000026, 0.000503, 0.000643
94, 0.000000, 0.022053, 0.000046, 0.000026, 0.000503, 0.000644
94, 0.000000, 0.037030, 0.000089, 0.000063, 0.000907, 0.001241
94, 0.000000, 0.037049, 0.000089, 0.000063, 0.000907, 0.001241
94, 0.000000, 0.036274, 0.000090, 0.000065, 0.000903, 0.001273
94, 0.000000, 0.036287, 0.000090, 0.000065, 0.000904, 0.001274
94, 0.000000, 0.036434, 0.000091, 0.000064, 0.000914, 0.001296
94, 0.000000, 0.036453, 0.000091, 0.000064, 0.000914, 0.001297
94, 0.000000, 1325.265381, 2.540606, 1.753546, 28.480418, 38.570851
94, 0.000000, 1325.265381, 2.540606, 1.753546, 28.480418, 38.570850
94, 0.000000, 1325.268066, 2.540607, 1.753547, 28.480459, 38.570854
94, 0.000000, 1325.267944, 2.540608, 1.753547, 28.480458, 38.570854
94, 0.000000, 1325.265015, 2.540605, 1.753546, 28.480410, 38.570848
95, 0.000000, 0.000313, 0.000001, 0.000001, 0.000007, 0.000017
95, 0.000000, 0.004334, 0.000009, 0.000006, 0.000102, 0.000149
95, 0.000000, 0.004354, 0.000009, 0.000006, 0.000102, 0.000150
95, 0.000000, 0.007094, 0.000018, 0.000011, 0.000181, 0.000284
95, 0.000000, 0.007124, 0.000018, 0.000011, 0.000181, 0.000284
95, 0.000000, 0.009814, 0.000023, 0.000014, 0.000237, 0.000368
95, 0.000000, 0.009827, 0.000024, 0.000014, 0.000237, 0.000368
95, 0.000000, 0.021122, 0.000051, 0.000029, 0.000542, 0.000783
95, 0.000000, 0.021140, 0.000051, 0.000029, 0.000542, 0.000784
95, 0.000000, 0.021928, 0.000052, 0.000031, 0.000555, 0.000796
95, 0.000000, 0.021950, 0.000052, 0.000031, 0.000556, 0.000796
95, 0.000000, 0.022106, 0.000055, 0.000034, 0.000568, 0.000842
95, 0.000000, 0.022156, 0.000056, 0.000034, 0.000569, 0.000843
95, 0.000000, 0.022442, 0.000056, 0.000034, 0.000575, 0.000849
95, 0.000000, 0.022458, 0.000056, 0.000034, 0.000576, 0.000849
95, 0.000000, 0.023045, 0.000061, 0.000038, 0.000606, 0.000914
95, 0.000000, 0.023123, 0.000061, 0.000038, 0.000607, 0.000914
95, 0.000000, 0.023703, 0.000062, 0.000039, 0.000617, 0.000925
95, 0.000000, 0.023752, 0.000062, 0.000039, 0.000618, 0.000925
95, 0.000000, 0.023904, 0.000062, 0.000040, 0.000623, 0.000940
95, 0.000000, 0.023949, 0.000062, 0.000040, 0.000623, 0.000940
95, 0.000000, 0.024503, 0.000065, 0.000041, 0.000636, 0.000959
95, 0.000000, 0.024535, 0.000065, 0.000041, 0.000637, 0.000960
95, 0.000000, 0.031750, 0.000070, 0.000044, 0.000767, 0.001057
95, 0.000000, 0.031787, 0.000070, 0.000044, 0.000768, 0.001057
95, 0.000000, 0.032777, 0.000073, 0.000046, 0.000785, 0.001080
95, 0.000000, 0.032833, 0.000073, 0.000046, 0.000786, 0.001080
95, 0.000000, 0.033356, 0.000075, 0.000048, 0.000799, 0.001097
95, 0.000000, 0.033402, 0.000075, 0.000048, 0.000800, 0.001097
95, 0.000000, 0.033146, 0.000077, 0.000049, 0.000795, 0.001127
95, 0.000000, 0.033188, 0.000077, 0.000049, 0.000796, 0.001128
95, 0.000000, 0.036582, 0.000085, 0.000063, 0.000896, 0.001261
96, 0.000000, 0.000306, 0.000001, 0.000001, 0.000007, 0.000014
96, 0.000000, 0.003505, 0.000009, 0.000007, 0.000085, 0.000123
96, 0.000000, 0.003540, 0.000009, 0.000007, 0.000085, 0.000124
96, 0.000000, 0.008884, 0.000024, 0.000018, 0.000216, 0.000314
96, 0.000000, 0.008940, 0.000024, 0.000018, 0.000216, 0.000315
96, 0.000000, 0.010273, 0.000025, 0.000016, 0.000248, 0.000361
96, 0.000000, 0.010330, 0.000025, 0.000016, 0.000249, 0.000362
96, 0.000000, 0.012199, 0.000029, 0.000018, 0.000292, 0.000403
96, 0.000000, 0.012246, 0.000029, 0.000018, 0.000293, 0.000403
96, 0.000000, 0.019202, 0.000039, 0.000026, 0.000432, 0.000542
96, 0.000000, 0.019274, 0.000039, 0.000026, 0.000433, 0.000543
96, 0.000000, 0.019146, 0.000040, 0.000026, 0.000437, 0.000559
96, 0.000000, 0.019189, 0.000040, 0.000026, 0.000438, 0.000559
96, 0.000000, 0.019456, 0.000042, 0.000027, 0.000448, 0.000579
96, 0.000000, 0.019514, 0.000042, 0.000027, 0.000449, 0.000579
96, 0.000000, 0.019799, 0.000046, 0.000030, 0.000463, 0.000621
96, 0.000000, 0.019801, 0.000046, 0.000030, 0.000463, 0.000621
96, 0.000000, 0.023048, 0.000051, 0.000032, 0.000539, 0.000666
96, 0.000000, 0.023110, 0.000051, 0.000032, 0.000540, 0.000666
96, 0.000000, 0.023128, 0.000051, 0.000032, 0.000543, 0.000677
96, 0.000000, 0.023220, 0.000051, 0.000032, 0.000544, 0.000677
96, 0.000000, 0.024854, 0.000055, 0.000035, 0.000584, 0.000729
96, 0.000000, 0.024919, 0.000055, 0.000035, 0.000585, 0.000729
96, 0.000000, 0.025765, 0.000056, 0.000036, 0.000603, 0.000742
96, 0.000000, 0.025786, 0.000056, 0.000036, 0.000604, 0.000742
96, 0.000000, 0.036265, 0.000082, 0.000054, 0.000881, 0.001092
96, 0.000000, 0.036288, 0.000082, 0.000054, 0.000881, 0.001092
96, 0.000000, 0.036925, 0.000083, 0.000053, 0.000901, 0.001117
96, 0.000000, 0.036939, 0.000083, 0.000053, 0.000902, 0.001117
96, 0.000000, 0.038635, 0.000087, 0.000058, 0.000939, 0.001160
96, 0.000000, 0.038632, 0.000086, 0.000058, 0.000939, 0.001161
96, 0.000000, 0.038712, 0.000092, 0.000057, 0.000964, 0.001277
97, 0.000000, 0.000330, 0.000001, 0.000001, 0.000008, 0.000019
97, 0.000000, 0.005951, 0.000014, 0.000008, 0.000135, 0.000173
97, 0.000000, 0.005949, 0.000014, 0.000008, 0.000135, 0.000174
97, 0.000000, 0.009095, 0.000021, 0.000013, 0.000203, 0.000274
97, 0.000000, 0.009154, 0.000021, 0.000013, 0.000204, 0.000274
97, 0.000000, 0.011221, 0.000028, 0.000018, 0.000256, 0.000329
97, 0.000000, 0.011238, 0.000028, 0.000018, 0.000256, 0.000330
97, 0.000000, 0.053909, 0.000082, 0.000038, 0.001035, 0.000919
97, 0.000000, 0.053882, 0.000082, 0.000038, 0.001035, 0.000919
97, 0.000000, 0.053118, 0.000083, 0.000041, 0.001026, 0.000945
97, 0.000000, 0.053103, 0.000083, 0.000041, 0.001026, 0.000946
97, 0.000000, 0.052251, 0.000085, 0.000043, 0.001029, 0.000981
97, 0.000000, 0.052260, 0.000085, 0.000043, 0.001029, 0.000981
97, 0.000000, 0.052728, 0.000085, 0.000041, 0.001038, 0.000986
97, 0.000000, 0.052673, 0.000085, 0.000041, 0.001037, 0.000986
97, 0.000000, 0.053543, 0.000087, 0.000042, 0.001050, 0.001000
97, 0.000000, 0.053567, 0.000087, 0.000042, 0.001050, 0.001000
97, 0.000000, 0.054350, 0.000090, 0.000044, 0.001062, 0.001009
97, 0.000000, 0.054346, 0.000090, 0.000044, 0.001062, 0.001009
97, 0.000000, 0.053370, 0.000089, 0.000044, 0.001050, 0.001016
97, 0.000000, 0.053356, 0.000089, 0.000044, 0.001050, 0.001016
97, 0.000000, 0.050724, 0.000092, 0.000048, 0.001029, 0.001049
97, 0.000000, 0.050725, 0.000092, 0.000048, 0.001030, 0.001049
97, 0.000000, 0.050053, 0.000092, 0.000048, 0.001030, 0.001072
97, 0.000000, 0.050041, 0.000092, 0.000048, 0.001030, 0.001072
97, 0.000000, 0.048558, 0.000092, 0.000048, 0.001017, 0.001086
97, 0.000000, 0.048567, 0.000092, 0.000048, 0.001017, 0.001086
97, 0.000000, 0.049454, 0.000098, 0.000052, 0.001048, 0.001134
97, 0.000000, 0.049457, 0.000098, 0.000052, 0.001049, 0.001134
97, 0.000000, 0.048752, 0.000099, 0.000053, 0.001041, 0.001149
97, 0.000000, 0.048770, 0.000099, 0.000053, 0.001041, 0.001149
97, 0.000000, 0.047751, 0.000099, 0.000052, 0.001037, 0.001177
98, 0.000000, 0.000340, 0.000001, 0.000001, 0.000008, 0.000025
98, 0.000000, 0.003859, 0.000010, 0.000006, 0.000091, 0.000138
98, 0.000000, 0.003901, 0.000010, 0.000006, 0.000091, 0.000139
98, 0.000000, 0.011106, 0.000028, 0.000019, 0.000263, 0.000364
98, 0.000000, 0.011131, 0.000028, 0.000019, 0.000264, 0.000364
98, 0.000000, 0.012794, 0.000033, 0.000023, 0.000299, 0.000428
98, 0.000000, 0.012832, 0.000033, 0.000023, 0.000299, 0.000428
98, 0.000000, 0.024960, 0.000066, 0.000037, 0.000589, 0.000856
98, 0.000000, 0.024966, 0.000066, 0.000037, 0.000589, 0.000857
98, 0.000000, 0.025440, 0.000068, 0.000038, 0.000599, 0.000872
98, 0.000000, 0.025460, 0.000068, 0.000038, 0.000600, 0.000872
98, 0.000000, 0.025333, 0.000068, 0.000038, 0.000603, 0.000880
98, 0.000000, 0.025388, 0.000068, 0.000038, 0.000604, 0.000880
98, 0.000000, 0.025888, 0.000068, 0.000037, 0.000616, 0.000895
98, 0.000000, 0.025905, 0.000068, 0.000037, 0.000616, 0.000896
98, 0.000000, 0.026651, 0.000070, 0.000038, 0.000629, 0.000908
98, 0.000000, 0.026663, 0.000070, 0.000038, 0.000629, 0.000909
98, 0.000000, 0.028785, 0.000073, 0.000041, 0.000663, 0.000935
98, 0.000000, 0.028836, 0.000073, 0.000041, 0.000664, 0.000935
98, 0.000000, 0.028744, 0.000073, 0.000041, 0.000666, 0.000945
98, 0.000000, 0.028794, 0.000073, 0.000041, 0.000667, 0.000946
98, 0.000000, 0.029045, 0.000072, 0.000040, 0.000679, 0.000955
98, 0.000000, 0.029110, 0.000072, 0.000040, 0.000680, 0.000955
98, 0.000000, 0.033685, 0.000080, 0.000043, 0.000767, 0.001027
98, 0.000000, 0.033724, 0.000080, 0.000043, 0.000768, 0.001027
98, 0.000000, 0.037330, 0.000085, 0.000046, 0.000831, 0.001077
98, 0.000000, 0.037361, 0.000085, 0.000046, 0.000832, 0.001078
98, 0.000000, 0.037689, 0.000086, 0.000047, 0.000851, 0.001100
98, 0.000000, 0.037735, 0.000086, 0.000047, 0.000851, 0.001100
98, 0.000000, 0.038674, 0.000087, 0.000047, 0.000872, 0.001110
98, 0.000000, 0.038704, 0.000087, 0.000047, 0.000872, 0.001111
98, 28485.970703, 505280085360640.000000, 1190425464093.767334, 584144533226.917603, 11083723995420.611328, 12241592049669.847656
99, 0.000000, 0.000316, 0.000000, 0.000000, 0.000006, 0.000010
99, 0.000000, 0.058538, 0.000141, 0.000102, 0.001359, 0.001625
99, 0.000000, 0.058505, 0.000141, 0.000102, 0.001358, 0.001625
99, 0.000000, 0.058408, 0.000142, 0.000102, 0.001363, 0.001645
99, 0.000000, 0.058389, 0.000142, 0.000102, 0.001363, 0.001645
99, 0.000000, 0.059706, 0.000143, 0.000102, 0.001380, 0.001669
99, 0.000000, 0.059711, 0.000143, 0.000102, 0.001380, 0.001669
99, 0.000000, 0.058925, 0.000144, 0.000103, 0.001378, 0.001683
99, 0.000000, 0.058906, 0.000144, 0.000103, 0.001378, 0.001683
99, 0.000000, 0.058980, 0.000144, 0.000103, 0.001380, 0.001686
99, 0.000000, 0.058998, 0.000144, 0.000103, 0.001380, 0.001686
99, 0.000000, 0.058689, 0.000144, 0.000103, 0.001375, 0.001690
99, 0.000000, 0.058688, 0.000144, 0.000102, 0.001375, 0.001690
99, 0.000000, 0.058853, 0.000145, 0.000103, 0.001377, 0.001698
99, 0.000000, 0.058855, 0.000145, 0.000103, 0.001377, 0.001698
99, 0.000000, 18.056986, 0.042139, 0.020650, 0.408647, 0.477609
99, 0.000000, 18.056944, 0.042139, 0.020650, 0.408647, 0.477608
99, 0.000000, 18.056791, 0.042138, 0.020649, 0.408644, 0.477609
99, 0.000000, 18.056761, 0.042138, 0.020649, 0.408643, 0.477608
99, 0.000000, 18.055927, 0.042135, 0.020648, 0.408634, 0.477613
99, 0.000000, 18.055883, 0.042135, 0.020648, 0.408633, 0.477613
99, 0.000000, 18.055853, 0.042136, 0.020648, 0.408630, 0.477615
99, 0.000000, 18.055779, 0.042136, 0.020648, 0.408629, 0.477615
99, 0.000000, 18.057165, 0.042135, 0.020648, 0.408648, 0.477616
99, 0.000000, 18.057104, 0.042135, 0.020648, 0.408647, 0.477616
99, 0.000000, 18.057722, 0.042135, 0.020648, 0.408654, 0.477616
99, 0.000000, 18.057695, 0.042135, 0.020648, 0.408654, 0.477615
99, 0.000000, 18.057531, 0.042134, 0.020648, 0.408645, 0.477613
99, 0.000000, 18.057468, 0.042134, 0.020648, 0.408643, 0.477613
99, 0.000000, 18.058596, 0.042135, 0.020648, 0.408658, 0.477612
99, 0.000000, 18.058567, 0.042135, 0.020648, 0.408658, 0.477612
99, 0.000000, 18.058367, 0.042136, 0.020647, 0.408656, 0.477614
100, 0.000000, 0.000347, 0.000001, 0.000001, 0.000007, 0.000014
100, 0.000000, 0.004367, 0.000011, 0.000006, 0.000103, 0.000151
100, 0.000000, 0.004437, 0.000011, 0.000006, 0.000104, 0.000153
100, 0.000000, 0.006690, 0.000019, 0.000011, 0.000164, 0.000248
100, 0.000000, 0.006707, 0.000019, 0.000011, 0.000164, 0.000248
100, 0.000000, 0.007350, 0.000020, 0.000011, 0.000177, 0.000262
100, 0.000000, 0.007403, 0.000020, 0.000011, 0.000178, 0.000263
100, 0.000000, 0.009103, 0.000024, 0.000015, 0.000215, 0.000302
100, 0.000000, 0.009173, 0.000024, 0.000015, 0.000216, 0.000303
100, 0.000000, 0.012361, 0.000036, 0.000021, 0.000291, 0.000402
100, 0.000000, 0.012439, 0.000035, 0.000021, 0.000292, 0.000403
100, 0.000000, 0.013306, 0.000038, 0.000023, 0.000311, 0.000437
100, 0.000000, 0.013353, 0.000038, 0.000023, 0.000312, 0.000437
100, 0.000000, 0.014557, 0.000039, 0.000022, 0.000336, 0.000453
100, 0.000000, 0.014636, 0.000039, 0.000022, 0.000337, 0.000453
100, 0.000000, 0.016248, 0.000041, 0.000024, 0.000373, 0.000494
100, 0.000000, 0.016294, 0.000041, 0.000024, 0.000373, 0.000494
100, 0.000000, 0.017421, 0.000045, 0.000027, 0.000407, 0.000535
100, 0.000000, 0.017471, 0.000045, 0.000027, 0.000407, 0.000535
100, 0.000000, 0.042403, 0.000116, 0.000091, 0.001051, 0.001527
100, 0.000000, 0.042463, 0.000116, 0.000091, 0.001051, 0.001527
100, 0.000000, 0.042221, 0.000117, 0.000091, 0.001050, 0.001538
100, 0.000000, 0.042286, 0.000117, 0.000091, 0.001051, 0.001538
100, 0.000000, 0.041742, 0.000119, 0.000092, 0.001048, 0.001551
100, 0.000000, 0.041760, 0.000119, 0.000092, 0.001048, 0.001551
100, 0.000000, 0.046984, 0.000140, 0.000103, 0.001155, 0.001720
100, 0.000000, 0.047039, 0.000140, 0.000103, 0.001155, 0.001720
100, 0.000000, 0.046255, 0.000140, 0.000103, 0.001146, 0.001739
100, 0.000000, 0.046244, 0.000140, 0.000103, 0.001147, 0.001739
100, 0.000000, 0.046129, 0.000142, 0.000102, 0.001153, 0.001753
100, 0.000000, 0.046138, 0.000142, 0.000102, 0.001153, 0.001754
100, 0.000000, 0.045698, 0.000145, 0.000103, 0.001160, 0.001785
101, 0.000000, 0.000320, 0.000001, 0.000001, 0.000007, 0.000013
101, 0.000000, 0.006408, 0.000017, 0.000009, 0.000147, 0.000210
101, 0.000000, 0.006441, 0.000017, 0.000009, 0.000148, 0.000211
101, 0.000000, 0.009695, 0.000025, 0.000017, 0.000228, 0.000307
101, 0.000000, 0.009738, 0.000025, 0.000017, 0.000229, 0.000308
101, 0.000001, 7948.471680, 23.456194, 11.420463, 182.519981, 235.496273
101, 0.000001, 7948.471680, 23.456194, 11.420463, 182.519981, 235.496273
101, 0.000001, 7948.471680, 23.456202, 11.420466, 182.519993, 235.496291
101, 0.000001, 7948.471680, 23.456202, 11.420466, 182.519993, 235.496290
101, 0.000001, 7948.471191, 23.456201, 11.420466, 182.519981, 235.496281
101, 0.000001, 7948.471191, 23.456201, 11.420466, 182.519980, 235.496281
101, 0.000001, 7948.469727, 23.456200, 11.420464, 182.519965, 235.496275
101, 0.000001, 7948.469727, 23.456200, 11.420464, 182.519965, 235.496276
101, 0.000001, 7948.470215, 23.456203, 11.420465, 182.519985, 235.496282
101, 0.000001, 7948.470215, 23.456203, 11.420465, 182.519985, 235.496282
101, 0.000001, 7948.470215, 23.456207, 11.420467, 182.519988, 235.496289
101, 0.000001, 7948.470215, 23.456207, 11.420467, 182.519983, 235.496289
101, 0.000001, 7948.471191, 23.456205, 11.420467, 182.519982, 235.496276
101, 0.000001, 7948.471191, 23.456205, 11.420467, 182.519982, 235.496279
101, 0.000001, 7948.472168, 23.456206, 11.420467, 182.519989, 235.496282
101, 0.000001, 7948.472168, 23.456206, 11.420467, 182.519989, 235.496282
101, 0.000001, 7948.471191, 23.456206, 11.420467, 182.519978, 235.496282
101, 0.000001, 7948.471191, 23.456206, 11.420467, 182.519978, 235.496283
101, 0.000001, 7948.472656, 23.456209, 11.420468, 182.520011, 235.496276
101, 0.000001, 7948.472656, 23.456209, 11.420468, 182.520011, 235.496276
101, 0.000001, 7948.475098, 23.456209, 11.420468, 182.520048, 235.496276
101, 0.000001, 7948.475098, 23.456209, 11.420468, 182.520048, 235.496277
101, 0.000001, 7948.475098, 23.456208, 11.420468, 182.520049, 235.496276
101, 0.000001, 7948.475098, 23.456208, 11.420468, 182.520049, 235.496276
101, 0.000001, 7948.474609, 23.456208, 11.420466, 182.520024, 235.496273
101, 0.000001, 7948.474609, 23.456208, 11.420466, 182.520024, 235.496273
101, 0.000001, 7948.476562, 23.456209, 11.420466, 182.520052, 235.496274
102, 0.000000, 0.000330, 0.000001, 0.000001, 0.000007, 0.000010
102, 0.000000, 1377.614746, 4.002917, 2.484240, 33.096186, 44.348783
102, 0.000000, 1377.614746, 4.002917, 2.484240, 33.096185, 44.348783
102, 0.000000, 1377.614380, 4.002917, 2.484241, 33.096181, 44.348782
102, 0.000000, 1377.614380, 4.002917, 2.484241, 33.096181, 44.348782
102, 0.000000, 1377.613892, 4.002917, 2.484242, 33.096177, 44.348783
102, 0.000000, 1377.613892, 4.002917, 2.484242, 33.096177, 44.348783
102, 0.000000, 1377.614258, 4.002915, 2.484240, 33.096171, 44.348772
102, 0.000000, 1377.614258, 4.002915, 2.484240, 33.096171, 44.348772
102, 0.000000, 1377.614746, 4.002919, 2.484245, 33.096184, 44.348774
102, 0.000000, 1377.614746, 4.002919, 2.484245, 33.096184, 44.348774
102, 0.000000, 1377.614746, 4.002918, 2.484244, 33.096180, 44.348772
102, 0.000000, 1377.614746, 4.002918, 2.484244, 33.096180, 44.348773
102, 0.000000, 1377.614990, 4.002919, 2.484246, 33.096188, 44.348775
102, 0.000000, 1377.614990, 4.002919, 2.484246, 33.096188, 44.348773
102, 0.000000, 1377.614502, 4.002923, 2.484249, 33.096194, 44.348765
102, 0.000000, 1377.614380, 4.002923, 2.484249, 33.096192, 44.348765
102, 0.000000, 1377.614380, 4.002923, 2.484249, 33.096191, 44.348767
102, 0.000000, 1377.614380, 4.002923, 2.484249, 33.096191, 44.348766
102, 0.000000, 1377.614990, 4.002924, 2.484250, 33.096193, 44.348764
102, 0.000000, 1377.614990, 4.002924, 2.484250, 33.096193, 44.348764
102, 0.000000, 1377.614502, 4.002924, 2.484251, 33.096186, 44.348761
102, 0.000000, 1377.614502, 4.002924, 2.484251, 33.096186, 44.348762
102, 0.000000, 1377.617188, 4.002930, 2.484249, 33.096180, 44.348771
102, 0.000000, 1377.617188, 4.002930, 2.484249, 33.096180, 44.348771
102, 0.000000, 1377.617188, 4.002931, 2.484249, 33.096179, 44.348772
102, 0.000000, 1377.617188, 4.002931, 2.484249, 33.096179, 44.348772
102, 0.000000, 1377.616333, 4.002931, 2.484249, 33.096170, 44.348771
102, 0.000000, 1377.616333, 4.002931, 2.484249, 33.096170, 44.348771
102, 0.000000, 1377.616455, 4.002931, 2.484250, 33.096176, 44.348775
102, 0.000000, 1377.616455, 4.002931, 2.484250, 33.096176, 44.348775
102, 0.000000, 1506.748779, 4.449608, 2.908318, 36.149473, 47.679106
103, 0.000000, 0.000324, 0.000001, 0.000001, 0.000007, 0.000015
103, 0.000000, 0.010972, 0.000027, 0.000013, 0.000252, 0.000289
103, 0.000000, 0.011004, 0.000027, 0.000014, 0.000252, 0.000290
103, 0.000000, 0.011840, 0.000030, 0.000015, 0.000274, 0.000315
103, 0.000000, 0.011916, 0.000030, 0.000015, 0.000275, 0.000315
103, 0.000000, 0.013868, 0.000033, 0.000018, 0.000314, 0.000353
103, 0.000000, 0.013901, 0.000033, 0.000018, 0.000314, 0.000353
103, 0.000000, 0.014647, 0.000035, 0.000022, 0.000331, 0.000375
103, 0.000000, 0.014677, 0.000035, 0.000022, 0.000332, 0.000376
103, 0.000000, 0.016348, 0.000043, 0.000027, 0.000374, 0.000453
103, 0.000000, 0.016404, 0.000043, 0.000027, 0.000375, 0.000454
103, 0.000000, 0.019071, 0.000053, 0.000041, 0.000440, 0.000553
103, 0.000000, 0.019113, 0.000053, 0.000041, 0.000440, 0.000553
103, 0.000000, 0.019017, 0.000054, 0.000042, 0.000444, 0.000564
103, 0.000000, 0.019068, 0.000054, 0.000042, 0.000445, 0.000564
103, 0.000000, 0.018971, 0.000055, 0.000044, 0.000453, 0.000607
103, 0.000000, 0.019024, 0.000055, 0.000044, 0.000454, 0.000607
103, 0.000000, 0.018751, 0.000057, 0.000045, 0.000460, 0.000623
103, 0.000000, 0.018750, 0.000057, 0.000046, 0.000460, 0.000624
103, 0.000000, 0.020847, 0.000060, 0.000046, 0.000491, 0.000651
103, 0.000000, 0.020901, 0.000060, 0.000046, 0.000492, 0.000651
103, 0.000000, 0.022343, 0.000063, 0.000048, 0.000521, 0.000686
103, 0.000000, 0.022351, 0.000063, 0.000048, 0.000521, 0.000686
103, 0.000000, 0.022749, 0.000064, 0.000048, 0.000544, 0.000722
103, 0.000000, 0.022825, 0.000064, 0.000048, 0.000545, 0.000723
103, 0.000000, 0.042182, 0.000110, 0.000065, 0.000982, 0.001286
103, 0.000000, 0.042236, 0.000110, 0.000065, 0.000983, 0.001286
103, 0.000000, 0.042508, 0.000110, 0.000066, 0.000987, 0.001296
103, 0.000000, 0.042584, 0.000111, 0.000066, 0.000988, 0.001296
103, 0.000000, 0.042791, 0.000111, 0.000067, 0.001000, 0.001309
103, 0.000000, 0.042832, 0.000111, 0.000067, 0.001001, 0.001309
103, 0.000000, 0.043031, 0.000114, 0.000066, 0.001016, 0.001348
104, 0.000000, 0.000334, 0.000001, 0.000001, 0.000007, 0.000014
104, 0.000000, 0.009859, 0.000026, 0.000017, 0.000231, 0.000316
104, 0.000000, 0.009915, 0.000026, 0.000017, 0.000232, 0.000316
104, 0.000000, 0.079318, 0.000197, 0.000109, 0.001660, 0.001721
104, 0.000000, 0.079257, 0.000197, 0.000109, 0.001659, 0.001720
104, 0.000000, 0.079159, 0.000196, 0.000107, 0.001661, 0.001732
104, 0.000000, 0.079179, 0.000196, 0.000107, 0.001661, 0.001732
104, 0.000000, 0.080549, 0.000197, 0.000109, 0.001684, 0.001742
104, 0.000000, 0.080588, 0.000197, 0.000109, 0.001685, 0.001742
104, 0.000000, 0.092751, 0.000206, 0.000113, 0.001935, 0.002002
104, 0.000000, 0.092718, 0.000206, 0.000113, 0.001934, 0.002002
104, 0.000000, 0.092377, 0.000206, 0.000113, 0.001930, 0.002009
104, 0.000000, 0.092329, 0.000206, 0.000113, 0.001929, 0.002009
104, 0.000000, 0.092973, 0.000216, 0.000119, 0.001947, 0.002041
104, 0.000000, 0.092944, 0.000216, 0.000119, 0.001947, 0.002041
104, 0.000000, 0.093950, 0.000216, 0.000119, 0.001958, 0.002045
104, 0.000000, 0.093934, 0.000216, 0.000119, 0.001958, 0.002045
104, 0.000000, 0.093243, 0.000215, 0.000118, 0.001949, 0.002045
104, 0.000000, 0.093226, 0.000215, 0.000118, 0.001949, 0.002046
104, 0.000000, 0.091520, 0.000217, 0.000120, 0.001933, 0.002057
104, 0.000000, 0.091517, 0.000217, 0.000120, 0.001933, 0.002058
104, 0.000000, 0.090901, 0.000217, 0.000121, 0.001926, 0.002066
104, 0.000000, 0.090878, 0.000217, 0.000121, 0.001925, 0.002066
104, 0.000000, 0.091080, 0.000220, 0.000123, 0.001933, 0.002075
104, 0.000000, 0.091081, 0.000220, 0.000123, 0.001933, 0.002076
104, 0.000000, 0.095142, 0.000226, 0.000124, 0.002011, 0.002121
104, 0.000000, 0.095149, 0.000226, 0.000124, 0.002011, 0.002121
104, 0.000000, 0.095259, 0.000228, 0.000123, 0.002017, 0.002128
104, 0.000000, 0.095227, 0.000228, 0.000123, 0.002017, 0.002128
104, 0.000000, 0.094702, 0.000230, 0.000123, 0.002014, 0.002139
104, 0.000000, 0.094690, 0.000230, 0.000123, 0.002014, 0.002139
104, 0.000000, 0.095235, 0.000233, 0.000125, 0.002025, 0.002144
105, 0.000000, 0.000351, 0.000001, 0.000001, 0.000007, 0.000017
105, 0.000000, 0.014746, 0.000032, 0.000017, 0.000317, 0.000425
105, 0.000000, 0.014777, 0.000032, 0.000017, 0.000318, 0.000427
105, 0.000000, 0.015693, 0.000035, 0.000020, 0.000341, 0.000466
105, 0.000000, 0.015719, 0.000035, 0.000020, 0.000341, 0.000467
105, 0.000000, 0.016564, 0.000044, 0.000025, 0.000378, 0.000543
105, 0.000000, 0.016602, 0.000044, 0.000025, 0.000379, 0.000544
105, 0.000000, 0.017258, 0.000046, 0.000027, 0.000390, 0.000555
105, 0.000000, 0.017280, 0.000046, 0.000027, 0.000391, 0.000556
105, 0.000000, 0.179476, 0.000554, 0.000427, 0.004237, 0.005944
105, 0.000000, 0.179479, 0.000554, 0.000427, 0.004237, 0.005944
105, 0.000000, 0.179027, 0.000564, 0.000438, 0.004242, 0.005962
105, 0.000000, 0.179093, 0.000564, 0.000438, 0.004243, 0.005963
105, 0.000000, 0.178943, 0.000565, 0.000438, 0.004242, 0.005966
105, 0.000000, 0.178971, 0.000565, 0.000438, 0.004242, 0.005966
105, 0.000000, 0.179666, 0.000564, 0.000438, 0.004250, 0.005976
105, 0.000000, 0.179696, 0.000564, 0.000438, 0.004251, 0.005976
105, 0.000000, 0.180103, 0.000562, 0.000435, 0.004259, 0.005975
105, 0.000000, 0.180148, 0.000562, 0.000435, 0.004260, 0.005975
105, 0.000000, 0.181754, 0.000562, 0.000430, 0.004279, 0.005973
105, 0.000000, 0.181785, 0.000562, 0.000430, 0.004279, 0.005973
105, 0.000000, 0.182254, 0.000563, 0.000431, 0.004282, 0.005970
105, 0.000000, 0.182309, 0.000563, 0.000431, 0.004283, 0.005970
105, 0.000000, 0.184004, 0.000565, 0.000440, 0.004308, 0.005981
105, 0.000000, 0.184038, 0.000565, 0.000440, 0.004308, 0.005981
105, 0.000000, 0.183412, 0.000564, 0.000441, 0.004305, 0.005987
105, 0.000000, 0.183460, 0.000564, 0.000441, 0.004306, 0.005987
105, 0.000000, 0.183446, 0.000564, 0.000442, 0.004302, 0.005987
105, 0.000000, 0.183472, 0.000564, 0.000442, 0.004302, 0.005987
105, 0.000000, 0.183552, 0.000565, 0.000443, 0.004304, 0.005991
105, 0.000000, 0.183582, 0.000565, 0.000443, 0.004304, 0.005991
105, 0.000000, 0.184522, 0.000564, 0.000442, 0.004320, 0.005994
106, 0.000000, 0.000302, 0.000001, 0.000001, 0.000006, 0.000011
106, 0.000000, 0.004248, 0.000013, 0.000007, 0.000108, 0.000155
106, 0.000000, 0.004280, 0.000013, 0.000008, 0.000109, 0.000157
106, 0.000000, 0.010439, 0.000024, 0.000014, 0.000243, 0.000287
106, 0.000000, 0.010435, 0.000024, 0.000014, 0.000242, 0.000287
106, 0.000000, 0.011466, 0.000028, 0.000017, 0.000271, 0.000342
106, 0.000000, 0.011489, 0.000028, 0.000017, 0.000272, 0.000343
106, 0.000000, 0.014836, 0.000041, 0.000025, 0.000349, 0.000448
106, 0.000000, 0.014869, 0.000041, 0.000026, 0.000349, 0.000449
106, 0.000000, 0.036924, 0.000121, 0.000050, 0.000874, 0.001004
106, 0.000000, 0.036945, 0.000121, 0.000050, 0.000874, 0.001004
106, 0.000000, 0.037343, 0.000119, 0.000052, 0.000882, 0.001013
106, 0.000000, 0.037348, 0.000119, 0.000052, 0.000882, 0.001014
106, 0.000000, 0.038165, 0.000122, 0.000052, 0.000901, 0.001043
106, 0.000000, 0.038216, 0.000123, 0.000052, 0.000901, 0.001043
106, 0.000000, 0.037110, 0.000124, 0.000053, 0.000885, 0.001055
106, 0.000000, 0.037128, 0.000124, 0.000053, 0.000885, 0.001056
106, 0.000000, 0.037802, 0.000124, 0.000053, 0.000892, 0.001069
106, 0.000000, 0.037818, 0.000124, 0.000053, 0.000892, 0.001069
106, 0.000000, 0.039177, 0.000125, 0.000055, 0.000919, 0.001088
106, 0.000000, 0.039189, 0.000125, 0.000055, 0.000920, 0.001088
106, 0.000000, 0.042639, 0.000128, 0.000073, 0.001013, 0.001197
106, 0.000000, 0.042659, 0.000128, 0.000073, 0.001013, 0.001198
106, 0.000000, 0.044051, 0.000127, 0.000074, 0.001030, 0.001213
106, 0.000000, 0.044086, 0.000127, 0.000074, 0.001031, 0.001214
106, 0.000000, 0.042249, 0.000134, 0.000076, 0.001021, 0.001290
106, 0.000000, 0.042268, 0.000134, 0.000076, 0.001021, 0.001291
106, 0.000000, 0.042402, 0.000136, 0.000081, 0.001040, 0.001331
106, 0.000000, 0.042426, 0.000136, 0.000081, 0.001040, 0.001332
106, 0.000000, 0.042384, 0.000136, 0.000083, 0.001048, 0.001349
106, 0.000000, 0.042400, 0.000136, 0.000083, 0.001049, 0.001349
106, 0.000000, 0.043448, 0.000141, 0.000086, 0.001074, 0.001382
107, 0.000000, 0.000271, 0.000001, 0.000001, 0.000006, 0.000008
107, 0.000000, 0.018217, 0.000058, 0.000038, 0.000459, 0.000607
107, 0.000000, 0.018228, 0.000058, 0.000038, 0.000459, 0.000607
107, 0.000000, 0.020754, 0.000061, 0.000040, 0.000506, 0.000650
107, 0.000000, 0.020749, 0.000061, 0.000040, 0.000505, 0.000650
107, 0.000000, 0.025386, 0.000073, 0.000047, 0.000607, 0.000780
107, 0.000000, 0.025385, 0.000073, 0.000047, 0.000607, 0.000780
107, 0.000000, 0.027350, 0.000081, 0.000050, 0.000670, 0.000852
107, 0.000000, 0.027363, 0.000081, 0.000050, 0.000670, 0.000852
107, 0.000000, 0.026844, 0.000083, 0.000052, 0.000671, 0.000879
107, 0.000000, 0.026845, 0.000083, 0.000052, 0.000671, 0.000879
107, 0.000000, 0.027998, 0.000088, 0.000055, 0.000709, 0.000929
107, 0.000000, 0.028031, 0.000088, 0.000055, 0.000709, 0.000929
107, 0.000000, 0.028817, 0.000088, 0.000056, 0.000720, 0.000937
107, 0.000000, 0.028873, 0.000088, 0.000056, 0.000721, 0.000937
107, 0.191774, 13193687040.000000, 31165929.222747, 18740811.383088, 289226689.141176, 340536218.401758
107, 0.191774, 13193687040.000000, 31165929.222747, 18740811.383088, 289226689.141176, 340536218.401758
107, 0.191774, 13193687040.000000, 31165929.222747, 18740811.383088, 289226689.141176, 340536218.401758
107, 0.191774, 13193687040.000000, 31165929.222747, 18740811.383088, 289226689.141176, 340536218.401758
107, 0.191774, 13193687040.000000, 31165929.222747, 18740811.383088, 289226689.141176, 340536218.401758
107, 0.191774, 13193687040.000000, 31165929.222747, 18740811.383088, 289226689.141176, 340536218.401758
107, 0.191774, 13193687040.000000, 31165929.222747, 18740811.383088, 289226689.141176, 340536218.401758
107, 0.191774, 13193687040.000000, 31165929.222747, 18740811.383088, 289226689.141176, 340536218.401758
107, 0.191774, 13193687040.000000, 31165929.222747, 18740811.383088, 289226689.141176, 340536218.401758
107, 0.191774, 13193687040.000000, 31165929.222747, 18740811.383088, 289226689.141176, 340536218.401758
107, 0.191774, 13193687040.000000, 31165929.222747, 18740811.383088, 289226689.141176, 340536218.401758
107, 0.191774, 13193687040.000000, 31165929.222747, 18740811.383088, 289226689.141176, 340536218.401758
107, 0.191774, 13193687040.000000, 31165929.222747, 18740811.383088, 289226689.141176, 340536218.401758
107, 0.191774, 13193687040.000000, 31165929.222747, 18740811.383088, 289226689.141176, 340536218.401758
107, 0.191774, 13193687040.000000, 31165929.222747, 18740811.383088, 289226689.141176, 340536218.401758
107, 0.191774, 13193687040.000000, 31165929.222747, 18740811.383088, 289226689.141176, 340536218.401758
107, 0.191774, 13193687040.000000, 31165929.222747, 18740811.383088, 289226689.141176, 340536218.401758
108, 0.000000, 0.000316, 0.000001, 0.000001, 0.000007, 0.000017
108, 0.000000, 0.013335, 0.000035, 0.000023, 0.000316, 0.000444
108, 0.000000, 0.013395, 0.000035, 0.000023, 0.000317, 0.000445
108, 0.000000, 0.014220, 0.000038, 0.000024, 0.000337, 0.000477
108, 0.000000, 0.014255, 0.000038, 0.000024, 0.000337, 0.000478
108, 0.000000, 0.014909, 0.000039, 0.000025, 0.000349, 0.000492
108, 0.000000, 0.014940, 0.000039, 0.000025, 0.000349, 0.000493
108, 0.000000, 0.016426, 0.000046, 0.000027, 0.000389, 0.000555
108, 0.000000, 0.016447, 0.000046, 0.000027, 0.000389, 0.000556
108, 0.000000, 0.084276, 0.000225, 0.000126, 0.001945, 0.002488
108, 0.000000, 0.084311, 0.000225, 0.000126, 0.001946, 0.002488
108, 0.000000, 0.085869, 0.000226, 0.000125, 0.001971, 0.002495
108, 0.000000, 0.085887, 0.000226, 0.000125, 0.001971, 0.002495
108, 0.000000, 0.085829, 0.000225, 0.000124, 0.001972, 0.002496
108, 0.000000, 0.085835, 0.000225, 0.000124, 0.001972, 0.002496
108, 0.000000, 0.097674, 0.000232, 0.000125, 0.002189, 0.002606
108, 0.000000, 0.097674, 0.000232, 0.000125, 0.002189, 0.002606
108, 0.000000, 0.099094, 0.000234, 0.000128, 0.002222, 0.002625
108, 0.000000, 0.099103, 0.000234, 0.000128, 0.002223, 0.002625
108, 0.000000, 0.098405, 0.000237, 0.000126, 0.002206, 0.002641
108, 0.000000, 0.098426, 0.000237, 0.000126, 0.002207, 0.002641
108, 0.000000, 0.098163, 0.000237, 0.000127, 0.002208, 0.002646
108, 0.000000, 0.098158, 0.000237, 0.000127, 0.002208, 0.002646
108, 0.000000, 0.098427, 0.000237, 0.000127, 0.002214, 0.002646
108, 0.000000, 0.098424, 0.000237, 0.000127, 0.002214, 0.002647
108, 0.000000, 0.099434, 0.000238, 0.000127, 0.002232, 0.002650
108, 0.000000, 0.099472, 0.000238, 0.000127, 0.002232, 0.002650
108, 0.000000, 0.096918, 0.000239, 0.000131, 0.002212, 0.002682
108, 0.000000, 0.096933, 0.000239, 0.000131, 0.002212, 0.002682
108, 0.000000, 0.096855, 0.000239, 0.000132, 0.002213, 0.002685
108, 0.000000, 0.096883, 0.000239, 0.000132, 0.002213, 0.002685
108, 0.000000, 0.101487, 0.000242, 0.000133, 0.002278, 0.002704
109, 0.000000, 0.000361, 0.000001, 0.000001, 0.000008, 0.000013
109, 0.000000, 0.006293, 0.000020, 0.000012, 0.000148, 0.000208
109, 0.000000, 0.006321, 0.000020, 0.000012, 0.000148, 0.000208
109, 0.000000, 0.007835, 0.000026, 0.000015, 0.000188, 0.000268
109, 0.000000, 0.007897, 0.000026, 0.000015, 0.000188, 0.000269
109, 0.000000, 0.009667, 0.000028, 0.000016, 0.000227, 0.000308
109, 0.000000, 0.009739, 0.000028, 0.000016, 0.000228, 0.000309
109, 0.000000, 0.017369, 0.000042, 0.000025, 0.000380, 0.000499
109, 0.000000, 0.017398, 0.000042, 0.000025, 0.000380, 0.000500
109, 0.000000, 0.018291, 0.000044, 0.000026, 0.000398, 0.000517
109, 0.000000, 0.018301, 0.000044, 0.000026, 0.000398, 0.000518
109, 0.000000, 0.024073, 0.000054, 0.000032, 0.000510, 0.000613
109, 0.000000, 0.024105, 0.000054, 0.000032, 0.000511, 0.000614
109, 0.000000, 0.024676, 0.000063, 0.000041, 0.000545, 0.000702
109, 0.000000, 0.024728, 0.000063, 0.000040, 0.000545, 0.000703
109, 0.000000, 0.026070, 0.000067, 0.000045, 0.000577, 0.000739
109, 0.000000, 0.026097, 0.000067, 0.000045, 0.000577, 0.000739
109, 0.000000, 0.027440, 0.000069, 0.000046, 0.000610, 0.000761
109, 0.000000, 0.027488, 0.000069, 0.000046, 0.000611, 0.000761
109, 0.000000, 0.027694, 0.000072, 0.000050, 0.000620, 0.000782
109, 0.000000, 0.027752, 0.000072, 0.000050, 0.000621, 0.000782
109, 0.000000, 0.028421, 0.000075, 0.000051, 0.000633, 0.000795
109, 0.000000, 0.028474, 0.000075, 0.000051, 0.000634, 0.000795
109, 0.000000, 0.030964, 0.000077, 0.000053, 0.000674, 0.000828
109, 0.000000, 0.030980, 0.000077, 0.000052, 0.000674, 0.000828
109, 0.000000, 0.032912, 0.000082, 0.000056, 0.000714, 0.000865
109, 0.000000, 0.032965, 0.000082, 0.000057, 0.000715, 0.000865
109, 0.000000, 0.033980, 0.000083, 0.000058, 0.000737, 0.000883
109, 0.000000, 0.034027, 0.000083, 0.000058, 0.000738, 0.000883
109, 0.000000, 0.034280, 0.000086, 0.000060, 0.000755, 0.000912
109, 0.000000, 0.034335, 0.000086, 0.000060, 0.000755, 0.000913
109, 0.000000, 0.038350, 0.000099, 0.000072, 0.000851, 0.001040
110, 0.000000, 0.000330, 0.000001, 0.000001, 0.000006, 0.000011
110, 0.000000, 0.005531, 0.000020, 0.000017, 0.000150, 0.000220
110, 0.000000, 0.005519, 0.000020, 0.000017, 0.000149, 0.000220
110, 0.000000, 0.032706, 0.000081, 0.000045, 0.000694, 0.000899
110, 0.000000, 0.032740, 0.000081, 0.000045, 0.000694, 0.000899
110, 0.000000, 0.033023, 0.000082, 0.000045, 0.000701, 0.000903
110, 0.000000, 0.033042, 0.000082, 0.000045, 0.000701, 0.000904
110, 0.000000, 0.033041, 0.000099, 0.000057, 0.000732, 0.000970
110, 0.000000, 0.033055, 0.000099, 0.000057, 0.000732, 0.000970
110, 0.000000, 0.032946, 0.000101, 0.000057, 0.000732, 0.000979
110, 0.000000, 0.032979, 0.000101, 0.000057, 0.000732, 0.000979
110, 0.000000, 0.033317, 0.000101, 0.000058, 0.000738, 0.000982
110, 0.000000, 0.033329, 0.000101, 0.000058, 0.000739, 0.000983
110, 0.000000, 0.035388, 0.000101, 0.000060, 0.000768, 0.000993
110, 0.000000, 0.035408, 0.000102, 0.000060, 0.000769, 0.000993
110, 0.000000, 0.035170, 0.000103, 0.000061, 0.000770, 0.001002
110, 0.000000, 0.035205, 0.000103, 0.000061, 0.000770, 0.001002
110, 0.000000, 0.036306, 0.000107, 0.000063, 0.000792, 0.001026
110, 0.000000, 0.036354, 0.000107, 0.000064, 0.000793, 0.001026
110, 0.000000, 0.036780, 0.000112, 0.000067, 0.000806, 0.001047
110, 0.000000, 0.036832, 0.000112, 0.000068, 0.000807, 0.001048
110, 0.000000, 0.036833, 0.000112, 0.000068, 0.000811, 0.001065
110, 0.000000, 0.036893, 0.000112, 0.000068, 0.000812, 0.001065
110, 0.000000, 0.039222, 0.000117, 0.000073, 0.000863, 0.001100
110, 0.000000, 0.039272, 0.000117, 0.000073, 0.000864, 0.001101
110, 0.000000, 0.041163, 0.000120, 0.000077, 0.000889, 0.001116
110, 0.000000, 0.041169, 0.000120, 0.000077, 0.000890, 0.001116
110, 0.000000, 0.041700, 0.000120, 0.000077, 0.000899, 0.001119
110, 0.000000, 0.041724, 0.000120, 0.000077, 0.000899, 0.001119
110, 0.000000, 0.042633, 0.000118, 0.000076, 0.000915, 0.001127
110, 0.000000, 0.042699, 0.000118, 0.000076, 0.000916, 0.001127
110, 0.000000, 0.042953, 0.000126, 0.000080, 0.000936, 0.001164
111, 0.000000, 0.000328, 0.000002, 0.000002, 0.000007, 0.000016
111, 0.000000, 0.479261, 0.001435, 0.000990, 0.011776, 0.015716
111, 0.000000, 0.479281, 0.001435, 0.000990, 0.011776, 0.015716
111, 0.000000, 0.479026, 0.001435, 0.000991, 0.011778, 0.015723
111, 0.000000, 0.479022, 0.001435, 0.000991, 0.011778, 0.015723
111, 0.000000, 0.480427, 0.001438, 0.000991, 0.011809, 0.015734
111, 0.000000, 0.480457, 0.001438, 0.000991, 0.011810, 0.015734
111, 0.000000, 0.480485, 0.001438, 0.000991, 0.011813, 0.015736
111, 0.000000, 0.480511, 0.001438, 0.000991, 0.011813, 0.015736
111, 0.000000, 0.480929, 0.001438, 0.000990, 0.011823, 0.015737
111, 0.000000, 0.480934, 0.001438, 0.000990, 0.011823, 0.015738
111, 0.000000, 0.481374, 0.001438, 0.000990, 0.011829, 0.015739
111, 0.000000, 0.481392, 0.001438, 0.000990, 0.011829, 0.015739
111, 0.000000, 0.481160, 0.001437, 0.000991, 0.011825, 0.015741
111, 0.000000, 0.481155, 0.001437, 0.000991, 0.011825, 0.015742
111, 0.000000, 0.483277, 0.001450, 0.001028, 0.011999, 0.016011
111, 0.000000, 0.483304, 0.001450, 0.001028, 0.012000, 0.016011
111, 0.000000, 0.481746, 0.001449, 0.001027, 0.011979, 0.016013
111, 0.000000, 0.481738, 0.001449, 0.001027, 0.011979, 0.016013
111, 0.000000, 0.481552, 0.001450, 0.001027, 0.011979, 0.016015
111, 0.000000, 0.481546, 0.001450, 0.001027, 0.011979, 0.016015
111, 0.000000, 0.481605, 0.001451, 0.001028, 0.011977, 0.016016
111, 0.000000, 0.481644, 0.001451, 0.001028, 0.011978, 0.016016
111, 0.000000, 0.481069, 0.001450, 0.001027, 0.011971, 0.016022
111, 0.000000, 0.481093, 0.001450, 0.001027, 0.011971, 0.016022
111, 0.000000, 12.698099, 0.035451, 0.022251, 0.306950, 0.414560
111, 0.000000, 12.698135, 0.035451, 0.022251, 0.306950, 0.414559
111, 0.000000, 12.699691, 0.035448, 0.022251, 0.306967, 0.414552
111, 0.000000, 12.699701, 0.035448, 0.022251, 0.306967, 0.414552
111, 0.000000, 12.700105, 0.035449, 0.022251, 0.306971, 0.414551
111, 0.000000, 12.700087, 0.035448, 0.022251, 0.306971, 0.414551
111, 0.000000, 12.699830, 0.035449, 0.022250, 0.306967, 0.414549
112, 0.000000, 0.000297, 0.000001, 0.000001, 0.000007, 0.000015
112, 0.000000, 0.011947, 0.000035, 0.000020, 0.000258, 0.000322
112, 0.000000, 0.011988, 0.000035, 0.000020, 0.000258, 0.000323
112, 0.000000, 0.013668, 0.000044, 0.000025, 0.000311, 0.000387
112, 0.000000, 0.013765, 0.000044, 0.000025, 0.000312, 0.000388
112, 0.000000, 0.014521, 0.000050, 0.000030, 0.000376, 0.000549
112, 0.000000, 0.014520, 0.000050, 0.000030, 0.000376, 0.000550
112, 0.000000, 0.015990, 0.000053, 0.000031, 0.000404, 0.000580
112, 0.000000, 0.016008, 0.000053, 0.000031, 0.000405, 0.000580
112, 0.000000, 0.016382, 0.000054, 0.000031, 0.000413, 0.000589
112, 0.000000, 0.016473, 0.000054, 0.000031, 0.000414, 0.000589
112, 0.000000, 0.032462, 0.000093, 0.000044, 0.000773, 0.000934
112, 0.000000, 0.032494, 0.000093, 0.000044, 0.000773, 0.000934
112, 0.000000, 0.033055, 0.000093, 0.000045, 0.000787, 0.000950
112, 0.000000, 0.033091, 0.000093, 0.000045, 0.000788, 0.000950
112, 0.000000, 0.034812, 0.000101, 0.000054, 0.000828, 0.000992
112, 0.000000, 0.034843, 0.000101, 0.000054, 0.000828, 0.000992
112, 0.000000, 0.035734, 0.000104, 0.000060, 0.000847, 0.001016
112, 0.000000, 0.035779, 0.000104, 0.000060, 0.000848, 0.001016
112, 0.000000, 0.036870, 0.000105, 0.000060, 0.000864, 0.001025
112, 0.000000, 0.036944, 0.000105, 0.000060, 0.000865, 0.001025
112, 0.000000, 0.037770, 0.000102, 0.000056, 0.000879, 0.001039
112, 0.000000, 0.037855, 0.000103, 0.000056, 0.000880, 0.001039
112, 0.000324, 3679825.500000, 8998.746070, 4370.713264, 77022.895952, 85483.517293
112, 0.000324, 3679825.500000, 8998.746070, 4370.713264, 77022.895952, 85483.517293
112, 0.000324, 3679825.500000, 8998.746070, 4370.713264, 77022.895952, 85483.517293
112, 0.000324, 3679825.500000, 8998.746070, 4370.713264, 77022.895952, 85483.517293
112, 0.000324, 3679825.500000, 8998.746070, 4370.713264, 77022.895952, 85483.517293
112, 0.000324, 3679825.500000, 8998.746070, 4370.713264, 77022.895952, 85483.517293
112, 0.000324, 3679825.500000, 8998.746070, 4370.713264, 77022.895952, 85483.517293
112, 0.000324, 3679825.500000, 8998.746070, 4370.713264, 77022.895952, 85483.517293
112, 0.000324, 3679825.500000, 8998.746070, 4370.713264, 77022.895952, 85483.517293
113, 0.000000, 0.000366, 0.000002, 0.000002, 0.000008, 0.000015
113, 0.000000, 0.002941, 0.000010, 0.000007, 0.000072, 0.000110
113, 0.000000, 0.003017, 0.000010, 0.000007, 0.000074, 0.000110
113, 0.000000, 0.015523, 0.000048, 0.000026, 0.000381, 0.000513
113, 0.000000, 0.015533, 0.000048, 0.000026, 0.000381, 0.000513
113, 0.000000, 15.926234, 0.041216, 0.020048, 0.356255, 0.443800
113, 0.000000, 15.926218, 0.041216, 0.020048, 0.356255, 0.443800
113, 0.000000, 15.927076, 0.041216, 0.020048, 0.356269, 0.443798
113, 0.000000, 15.927045, 0.041216, 0.020048, 0.356268, 0.443798
113, 0.000000, 15.927611, 0.041216, 0.020047, 0.356279, 0.443799
113, 0.000000, 15.927583, 0.041216, 0.020047, 0.356278, 0.443799
113, 0.000000, 15.927058, 0.041215, 0.020046, 0.356270, 0.443798
113, 0.000000, 15.927058, 0.041215, 0.020045, 0.356270, 0.443798
113, 0.000000, 15.926953, 0.041217, 0.020045, 0.356259, 0.443792
113, 0.000000, 15.926910, 0.041217, 0.020045, 0.356258, 0.443792
113, 0.000000, 15.929860, 0.041216, 0.020039, 0.356305, 0.443794
113, 0.000000, 15.929811, 0.041216, 0.020039, 0.356304, 0.443794
113, 0.000000, 15.929923, 0.041215, 0.020038, 0.356304, 0.443794
113, 0.000000, 15.929915, 0.041215, 0.020038, 0.356304, 0.443794
113, 0.000000, 15.928905, 0.041214, 0.020040, 0.356292, 0.443794
113, 0.000000, 15.928890, 0.041214, 0.020040, 0.356292, 0.443794
113, 0.000000, 15.933764, 0.041213, 0.020037, 0.356370, 0.443796
113, 0.000000, 15.933730, 0.041213, 0.020037, 0.356370, 0.443796
113, 0.000000, 15.933459, 0.041211, 0.020036, 0.356368, 0.443792
113, 0.000000, 15.933424, 0.041211, 0.020036, 0.356367, 0.443792
113, 0.000000, 333.059601, 1.110914, 0.708318, 8.583014, 11.526261
113, 0.000000, 333.059631, 1.110914, 0.708318, 8.583014, 11.526260
113, 0.000000, 333.059479, 1.110913, 0.708316, 8.583014, 11.526259
113, 0.000000, 333.059479, 1.110913, 0.708316, 8.583014, 11.526259
113, 0.000000, 333.058685, 1.110913, 0.708321, 8.583008, 11.526264
113, 0.000000, 333.058685, 1.110913, 0.708321, 8.583009, 11.526264
113, 0.000000, 333.057556, 1.110914, 0.708323, 8.582997, 11.526264
114, 0.000000, 0.000364, 0.000001, 0.000001, 0.000008, 0.000016
114, 0.000000, 0.006821, 0.000018, 0.000011, 0.000158, 0.000195
114, 0.000000, 0.006826, 0.000018, 0.000011, 0.000158, 0.000197
114, 0.051595, 192133872.000000, 642055.759084, 342013.973420, 4747060.682577, 6268578.531102
114, 0.051595, 192133872.000000, 642055.759084, 342013.973420, 4747060.682577, 6268578.531102
114, 0.051595, 192133872.000000, 642055.759084, 342013.973420, 4747060.682577, 6268578.531102
114, 0.051595, 192133872.000000, 642055.759084, 342013.973420, 4747060.682577, 6268578.531102
114, 0.051595, 192133872.000000, 642055.759084, 342013.973420, 4747060.682577, 6268578.531102
114, 0.051595, 192133872.000000, 642055.759084, 342013.973420, 4747060.682577, 6268578.531102
114, 0.051595, 192133872.000000, 642055.759084, 342013.973420, 4747060.682577, 6268578.531102
114, 0.051595, 192133872.000000, 642055.759084, 342013.973420, 4747060.682577, 6268578.531102
114, 0.051595, 192133872.000000, 642055.759084, 342013.973420, 4747060.682577, 6268578.531102
114, 0.051595, 192133872.000000, 642055.759084, 342013.973420, 4747060.682577, 6268578.531102
114, 0.051595, 192133872.000000, 642055.759084, 342013.973420, 4747060.682577, 6268578.531102
114, 0.051595, 192133872.000000, 642055.759084, 342013.973420, 4747060.682577, 6268578.531102
114, 0.051595, 192133872.000000, 642055.759084, 342013.973420, 4747060.682577, 6268578.531102
114, 0.051595, 192133872.000000, 642055.759084, 342013.973420, 4747060.682577, 6268578.531102
114, 0.051595, 192133872.000000, 642055.759084, 342013.973420, 4747060.682577, 6268578.531102
114, 0.051595, 192133872.000000, 642055.759084, 342013.973420, 4747060.682577, 6268578.531102
114, 0.051595, 192133872.000000, 642055.759084, 342013.973420, 4747060.682577, 6268578.531102
114, 0.051595, 192133872.000000, 642055.759084, 342013.973420, 4747060.682577, 6268578.531102
114, 0.051595, 192133872.000000, 642055.759084, 342013.973420, 4747060.682577, 6268578.531102
114, 0.051595, 192133872.000000, 642055.759084, 342013.973420, 4747060.682577, 6268578.531102
114, 0.051595, 192133872.000000, 642055.759084, 342013.973420, 4747060.682577, 6268578.531102
114, 0.051595, 192133872.000000, 642055.759084, 342013.973420, 4747060.682577, 6268578.531102
114, 0.051595, 192133872.000000, 642055.759084, 342013.973420, 4747060.682577, 6268578.531102
114, 0.051595, 192133872.000000, 642055.759084, 342013.973420, 4747060.682577, 6268578.531102
114, 0.051595, 192133872.000000, 642055.759084, 342013.973420, 4747060.682577, 6268578.531102
114, 0.051595, 192133872.000000, 642055.759084, 342013.973420, 4747060.682577, 6268578.531102
114, 0.051595, 192133872.000000, 642055.759084, 342013.973420, 4747060.682577, 6268578.531102
114, 0.051595, 192133872.000000, 642055.759084, 342013.973420, 4747060.682577, 6268578.531102
114, 0.051595, 192133872.000000, 642055.759084, 342013.973420, 4747060.682577, 6268578.531102
115, 0.000000, 0.000334, 0.000001, 0.000001, 0.000007, 0.000014
115, 0.000000, 0.006395, 0.000021, 0.000011, 0.000155, 0.000226
115, 0.000000, 0.006416, 0.000021, 0.000011, 0.000155, 0.000227
115, 0.000000, 0.007242, 0.000023, 0.000012, 0.000171, 0.000243
115, 0.000000, 0.007253, 0.000024, 0.000012, 0.000171, 0.000245
115, 0.000000, 0.011458, 0.000034, 0.000021, 0.000273, 0.000358
115, 0.000000, 0.011464, 0.000034, 0.000021, 0.000273, 0.000358
115, 0.000000, 0.017296, 0.000043, 0.000025, 0.000381, 0.000441
115, 0.000000, 0.017317, 0.000043, 0.000025, 0.000381, 0.000440
115, 0.000000, 0.018751, 0.000046, 0.000027, 0.000403, 0.000475
115, 0.000000, 0.018807, 0.000046, 0.000027, 0.000404, 0.000476
115, 0.000000, 0.021583, 0.000050, 0.000030, 0.000463, 0.000557
115, 0.000000, 0.021612, 0.000050, 0.000030, 0.000463, 0.000557
115, 0.000000, 0.025543, 0.000072, 0.000043, 0.000586, 0.000712
115, 0.000000, 0.025614, 0.000072, 0.000043, 0.000587, 0.000713
115, 0.000000, 0.025040, 0.000074, 0.000045, 0.000585, 0.000733
115, 0.000000, 0.025094, 0.000074, 0.000045, 0.000586, 0.000733
115, 0.000000, 0.025167, 0.000075, 0.000048, 0.000595, 0.000749
115, 0.000000, 0.025247, 0.000075, 0.000048, 0.000596, 0.000749
115, 0.000000, 0.027381, 0.000078, 0.000049, 0.000634, 0.000771
115, 0.000000, 0.027472, 0.000078, 0.000049, 0.000635, 0.000772
115, 0.000000, 0.029215, 0.000082, 0.000050, 0.000667, 0.000804
115, 0.000000, 0.029305, 0.000082, 0.000049, 0.000668, 0.000804
115, 0.000000, 0.030086, 0.000090, 0.000055, 0.000716, 0.000889
115, 0.000000, 0.030157, 0.000090, 0.000055, 0.000717, 0.000889
115, 0.000000, 0.033249, 0.000095, 0.000056, 0.000764, 0.000917
115, 0.000000, 0.033314, 0.000095, 0.000057, 0.000765, 0.000918
115, 0.000000, 0.037707, 0.000096, 0.000056, 0.000826, 0.000951
115, 0.000000, 0.037779, 0.000096, 0.000056, 0.000827, 0.000951
115, 0.000000, 0.036462, 0.000098, 0.000057, 0.000813, 0.000975
115, 0.000000, 0.036626, 0.000098, 0.000057, 0.000815, 0.000975
115, 0.000000, 0.035159, 0.000098, 0.000058, 0.000798, 0.000980
116, 0.000000, 0.000408, 0.000001, 0.000001, 0.000008, 0.000013
116, 0.000000, 0.018112, 0.000056, 0.000027, 0.000399, 0.000484
116, 0.000000, 0.018077, 0.000056, 0.000027, 0.000399, 0.000484
116, 0.000000, 0.954335, 0.002138, 0.000985, 0.020584, 0.019875
116, 0.000000, 0.954369, 0.002138, 0.000985, 0.020584, 0.019875
116, 0.000000, 0.955001, 0.002138, 0.000987, 0.020599, 0.019879
116, 0.000000, 0.955017, 0.002138, 0.000987, 0.020599, 0.019879
116, 0.000000, 0.952770, 0.002137, 0.000988, 0.020565, 0.019877
116, 0.000000, 0.952836, 0.002137, 0.000988, 0.020566, 0.019877
116, 0.000000, 13.742574, 0.041857, 0.021539, 0.318199, 0.429293
116, 0.000000, 13.742571, 0.041857, 0.021539, 0.318199, 0.429293
116, 0.000000, 13.742178, 0.041852, 0.021538, 0.318186, 0.429295
116, 0.000000, 13.742159, 0.041852, 0.021537, 0.318186, 0.429294
116, 0.000000, 13.742539, 0.041852, 0.021537, 0.318190, 0.429294
116, 0.000000, 13.742526, 0.041852, 0.021537, 0.318190, 0.429294
116, 0.000000, 13.742488, 0.041854, 0.021537, 0.318190, 0.429299
116, 0.000000, 13.742464, 0.041854, 0.021537, 0.318189, 0.429299
116, 0.000000, 13.742988, 0.041854, 0.021538, 0.318198, 0.429300
116, 0.000000, 13.742963, 0.041854, 0.021538, 0.318198, 0.429300
116, 0.000000, 13.742810, 0.041855, 0.021542, 0.318200, 0.429304
116, 0.000000, 13.742816, 0.041855, 0.021542, 0.318200, 0.429304
116, 0.000000, 13.741314, 0.041856, 0.021542, 0.318175, 0.429305
116, 0.000000, 13.741329, 0.041856, 0.021542, 0.318175, 0.429305
116, 0.000000, 13.740703, 0.041854, 0.021543, 0.318166, 0.429310
116, 0.000000, 13.740701, 0.041854, 0.021543, 0.318166, 0.429310
116, 0.000000, 13.741295, 0.041855, 0.021542, 0.318175, 0.429308
116, 0.000000, 13.741303, 0.041855, 0.021542, 0.318175, 0.429308
116, 0.000000, 13.740984, 0.041854, 0.021540, 0.318167, 0.429304
116, 0.000000, 13.740979, 0.041854, 0.021540, 0.318166, 0.429303
116, 0.009165, 181134384.000000, 390635.347174, 205690.024575, 3616631.769509, 3461168.100395
116, 0.009165, 181134384.000000, 390635.347174, 205690.024575, 3616631.769509, 3461168.100395
116, 0.009165, 181134384.000000, 390635.347174, 205690.024575, 3616631.769509, 3461168.100395
117, 0.000000, 0.000334, 0.000001, 0.000001, 0.000007, 0.000011
117, 0.000000, 55.913231, 0.193693, 0.131142, 1.482221, 2.452220
117, 0.000000, 55.913254, 0.193693, 0.131142, 1.482222, 2.452221
117, 0.000000, 55.912895, 0.193694, 0.131142, 1.482215, 2.452218
117, 0.000000, 55.912895, 0.193694, 0.131142, 1.482215, 2.452218
117, 0.000000, 55.912521, 0.193694, 0.131142, 1.482205, 2.452218
117, 0.000000, 55.912575, 0.193694, 0.131142, 1.482206, 2.452218
117, 0.000000, 55.912521, 0.193696, 0.131144, 1.482204, 2.452214
117, 0.000000, 55.912560, 0.193695, 0.131144, 1.482204, 2.452214
117, 0.000000, 55.909771, 0.193695, 0.131144, 1.482162, 2.452212
117, 0.000000, 55.909782, 0.193695, 0.131144, 1.482162, 2.452212
117, 0.000000, 55.910351, 0.193694, 0.131144, 1.482169, 2.452209
117, 0.000000, 55.910397, 0.193694, 0.131143, 1.482169, 2.452208
117, 0.000000, 55.910389, 0.193694, 0.131143, 1.482169, 2.452205
117, 0.000000, 55.910423, 0.193694, 0.131143, 1.482170, 2.452205
117, 0.000000, 55.912151, 0.193690, 0.131141, 1.482192, 2.452201
117, 0.000000, 55.912182, 0.193690, 0.131141, 1.482192, 2.452201
117, 0.000000, 55.911873, 0.193690, 0.131142, 1.482191, 2.452202
117, 0.000000, 55.911915, 0.193690, 0.131142, 1.482192, 2.452202
117, 0.000000, 55.912739, 0.193691, 0.131143, 1.482204, 2.452204
117, 0.000000, 55.912731, 0.193691, 0.131143, 1.482204, 2.452204
117, 0.000000, 55.912971, 0.193692, 0.131142, 1.482206, 2.452205
117, 0.000000, 55.912956, 0.193692, 0.131142, 1.482206, 2.452205
117, 0.000000, 55.913601, 0.193690, 0.131141, 1.482214, 2.452203
117, 0.000000, 55.913589, 0.193690, 0.131141, 1.482213, 2.452203
117, 0.000000, 55.914627, 0.193689, 0.131138, 1.482232, 2.452193
117, 0.000000, 55.914646, 0.193689, 0.131138, 1.482232, 2.452193
117, 0.000000, 55.914749, 0.193688, 0.131140, 1.482230, 2.452193
117, 0.000000, 55.914753, 0.193688, 0.131140, 1.482230, 2.452193
117, 0.000000, 55.915043, 0.193688, 0.131140, 1.482232, 2.452193
117, 0.000000, 55.915089, 0.193688, 0.131140, 1.482232, 2.452193
117, 0.000000, 55.915554, 0.193690, 0.131140, 1.482236, 2.452195
118, 0.000000, 0.000388, 0.000001, 0.000001, 0.000008, 0.000013
118, 0.000000, 0.006100, 0.000019, 0.000012, 0.000151, 0.000212
118, 0.000000, 0.006088, 0.000019, 0.000012, 0.000151, 0.000213
118, 0.000000, 0.010493, 0.000031, 0.000019, 0.000258, 0.000321
118, 0.000000, 0.010468, 0.000031, 0.000019, 0.000258, 0.000322
118, 0.000000, 0.016488, 0.000048, 0.000029, 0.000404, 0.000525
118, 0.000000, 0.016416, 0.000048, 0.000029, 0.000403, 0.000525
118, 0.000000, 0.020113, 0.000057, 0.000035, 0.000484, 0.000638
118, 0.000000, 0.020086, 0.000057, 0.000035, 0.000484, 0.000638
118, 0.000000, 0.024385, 0.000070, 0.000039, 0.000591, 0.000733
118, 0.000000, 0.024332, 0.000070, 0.000039, 0.000591, 0.000734
118, 0.000000, 0.026112, 0.000077, 0.000043, 0.000623, 0.000790
118, 0.000000, 0.026115, 0.000077, 0.000043, 0.000623, 0.000790
118, 0.000000, 0.026547, 0.000079, 0.000045, 0.000630, 0.000811
118, 0.000000, 0.026525, 0.000079, 0.000045, 0.000631, 0.000812
118, 0.000000, 0.026353, 0.000085, 0.000049, 0.000650, 0.000870
118, 0.000000, 0.026339, 0.000085, 0.000049, 0.000650, 0.000871
118, 0.000000, 0.027105, 0.000086, 0.000050, 0.000662, 0.000881
118, 0.000000, 0.027123, 0.000086, 0.000050, 0.000663, 0.000881
118, 0.000000, 0.028564, 0.000088, 0.000052, 0.000694, 0.000929
118, 0.000000, 0.028559, 0.000088, 0.000052, 0.000694, 0.000929
118, 0.000000, 0.029047, 0.000090, 0.000053, 0.000714, 0.000951
118, 0.000000, 0.029048, 0.000090, 0.000053, 0.000714, 0.000951
118, 0.000000, 0.029055, 0.000090, 0.000054, 0.000714, 0.000956
118, 0.000000, 0.029019, 0.000090, 0.000054, 0.000714, 0.000957
118, 0.000000, 0.030196, 0.000094, 0.000057, 0.000753, 0.001009
118, 0.000000, 0.030185, 0.000094, 0.000057, 0.000753, 0.001009
118, 0.000000, 0.030377, 0.000096, 0.000058, 0.000762, 0.001018
118, 0.000000, 0.030384, 0.000096, 0.000058, 0.000762, 0.001019
118, 0.000000, 0.032389, 0.000105, 0.000069, 0.000808, 0.001074
118, 0.000000, 0.032403, 0.000105, 0.000069, 0.000808, 0.001074
118, 0.000000, 0.032000, 0.000106, 0.000070, 0.000808, 0.001092
119, 0.000000, 0.000347, 0.000002, 0.000001, 0.000008, 0.000011
119, 0.000000, 0.004304, 0.000013, 0.000007, 0.000105, 0.000148
119, 0.000000, 0.004300, 0.000013, 0.000007, 0.000105, 0.000150
119, 0.000000, 0.006745, 0.000022, 0.000012, 0.000162, 0.000227
119, 0.000000, 0.006750, 0.000022, 0.000012, 0.000163, 0.000227
119, 0.000000, 0.008494, 0.000024, 0.000013, 0.000199, 0.000264
119, 0.000000, 0.008565, 0.000024, 0.000014, 0.000200, 0.000266
119, 0.000000, 0.010817, 0.000031, 0.000019, 0.000259, 0.000334
119, 0.000000, 0.010806, 0.000031, 0.000019, 0.000259, 0.000334
119, 0.000000, 0.012060, 0.000036, 0.000022, 0.000288, 0.000388
119, 0.000000, 0.012080, 0.000036, 0.000022, 0.000288, 0.000388
119, 0.000000, 0.012270, 0.000037, 0.000023, 0.000293, 0.000401
119, 0.000000, 0.012334, 0.000037, 0.000023, 0.000294, 0.000402
119, 0.000000, 0.012983, 0.000040, 0.000027, 0.000311, 0.000428
119, 0.000000, 0.013023, 0.000040, 0.000027, 0.000312, 0.000428
119, 0.000000, 0.012923, 0.000041, 0.000027, 0.000313, 0.000446
119, 0.000000, 0.012994, 0.000041, 0.000027, 0.000314, 0.000446
119, 0.000000, 0.017804, 0.000052, 0.000037, 0.000414, 0.000548
119, 0.000000, 0.017869, 0.000052, 0.000037, 0.000415, 0.000549
119, 0.000000, 0.021048, 0.000065, 0.000045, 0.000501, 0.000707
119, 0.000000, 0.021096, 0.000065, 0.000045, 0.000502, 0.000707
119, 0.000000, 0.020674, 0.000066, 0.000046, 0.000506, 0.000734
119, 0.000000, 0.020701, 0.000066, 0.000046, 0.000507, 0.000734
119, 0.000000, 0.023902, 0.000076, 0.000050, 0.000571, 0.000801
119, 0.000000, 0.023922, 0.000075, 0.000049, 0.000571, 0.000800
119, 0.000000, 0.023635, 0.000079, 0.000053, 0.000577, 0.000841
119, 0.000000, 0.023659, 0.000079, 0.000053, 0.000578, 0.000841
119, 0.000000, 0.023918, 0.000088, 0.000066, 0.000621, 0.000992
119, 0.000000, 0.023950, 0.000088, 0.000066, 0.000621, 0.000993
119, 0.000000, 0.024195, 0.000089, 0.000066, 0.000629, 0.001003
119, 0.000000, 0.024227, 0.000089, 0.000066, 0.000630, 0.001003
119, 0.000000, 0.024694, 0.000091, 0.000067, 0.000635, 0.001017
120, 0.000000, 0.000368, 0.000001, 0.000001, 0.000008, 0.000014
120, 0.000000, 0.004841, 0.000015, 0.000009, 0.000119, 0.000175
120, 0.000000, 0.004918, 0.000015, 0.000009, 0.000120, 0.000176
120, 0.000000, 0.013826, 0.000044, 0.000042, 0.000320, 0.000491
120, 0.000000, 0.013807, 0.000044, 0.000042, 0.000320, 0.000492
120, 0.000000, 0.015012, 0.000046, 0.000045, 0.000352, 0.000534
120, 0.000000, 0.014981, 0.000046, 0.000045, 0.000352, 0.000534
120, 0.000000, 0.014723, 0.000047, 0.000045, 0.000356, 0.000553
120, 0.000000, 0.014746, 0.000047, 0.000045, 0.000356, 0.000554
120, 0.000000, 0.014709, 0.000049, 0.000045, 0.000364, 0.000584
120, 0.000000, 0.014750, 0.000049, 0.000045, 0.000365, 0.000584
120, 0.000000, 34.819607, 0.104526, 0.061994, 0.832268, 1.182744
120, 0.000000, 34.819569, 0.104526, 0.061994, 0.832267, 1.182743
120, 0.000000, 34.819935, 0.104527, 0.061996, 0.832277, 1.182749
120, 0.000000, 34.819912, 0.104527, 0.061996, 0.832277, 1.182748
120, 0.000000, 34.816879, 0.104521, 0.061990, 0.832205, 1.182769
120, 0.000000, 34.816875, 0.104521, 0.061990, 0.832205, 1.182769
120, 0.000000, 34.816750, 0.104521, 0.061991, 0.832202, 1.182765
120, 0.000000, 34.816692, 0.104521, 0.061991, 0.832201, 1.182764
120, 0.000000, 34.816006, 0.104522, 0.061988, 0.832182, 1.182756
120, 0.000000, 34.815983, 0.104521, 0.061987, 0.832182, 1.182756
120, 0.000000, 34.820259, 0.104526, 0.061992, 0.832239, 1.182757
120, 0.000000, 34.820267, 0.104526, 0.061992, 0.832239, 1.182757
120, 0.000000, 34.821384, 0.104526, 0.061993, 0.832246, 1.182751
120, 0.000000, 34.821358, 0.104526, 0.061993, 0.832246, 1.182751
120, 0.000000, 34.821014, 0.104526, 0.061993, 0.832241, 1.182750
120, 0.000000, 34.821007, 0.104526, 0.061992, 0.832241, 1.182749
120, 0.000000, 34.820774, 0.104526, 0.061991, 0.832240, 1.182751
120, 0.000000, 34.820744, 0.104526, 0.061991, 0.832240, 1.182750
120, 0.000000, 34.821259, 0.104527, 0.061988, 0.832242, 1.182749
120, 0.000000, 34.821243, 0.104527, 0.061988, 0.832242, 1.182749
120, 0.000000, 34.820862, 0.104528, 0.061989, 0.832235, 1.182748
121, 0.000000, 0.000329, 0.000001, 0.000001, 0.000007, 0.000014
121, 0.000000, 0.004026, 0.000012, 0.000007, 0.000099, 0.000137
121, 0.000000, 0.004061, 0.000012, 0.000007, 0.000099, 0.000138
121, 0.000000, 0.007595, 0.000022, 0.000014, 0.000189, 0.000255
121, 0.000000, 0.007685, 0.000022, 0.000014, 0.000190, 0.000255
121, 0.000000, 0.009981, 0.000035, 0.000021, 0.000248, 0.000354
121, 0.000000, 0.010065, 0.000035, 0.000021, 0.000249, 0.000354
121, 0.000000, 0.011436, 0.000038, 0.000024, 0.000284, 0.000384
121, 0.000000, 0.011453, 0.000038, 0.000025, 0.000286, 0.000388
121, 0.000000, 0.012585, 0.000039, 0.000026, 0.000313, 0.000436
121, 0.000000, 0.012662, 0.000039, 0.000025, 0.000314, 0.000436
121, 0.000000, 0.016790, 0.000044, 0.000028, 0.000385, 0.000498
121, 0.000000, 0.016863, 0.000044, 0.000028, 0.000386, 0.000499
121, 0.000000, 0.019686, 0.000055, 0.000033, 0.000457, 0.000596
121, 0.000000, 0.019749, 0.000056, 0.000033, 0.000458, 0.000596
121, 0.000000, 0.033602, 0.000102, 0.000062, 0.000809, 0.001076
121, 0.000000, 0.033687, 0.000102, 0.000062, 0.000811, 0.001076
121, 0.000000, 0.033899, 0.000107, 0.000063, 0.000823, 0.001095
121, 0.000000, 0.033996, 0.000107, 0.000063, 0.000824, 0.001096
121, 0.000000, 0.033452, 0.000108, 0.000068, 0.000835, 0.001118
121, 0.000000, 0.033489, 0.000108, 0.000068, 0.000836, 0.001119
121, 0.000000, 0.035219, 0.000110, 0.000069, 0.000862, 0.001133
121, 0.000000, 0.035284, 0.000110, 0.000069, 0.000863, 0.001133
121, 0.000000, 0.035383, 0.000111, 0.000070, 0.000867, 0.001148
121, 0.000000, 0.035457, 0.000111, 0.000070, 0.000868, 0.001148
121, 0.000000, 0.035591, 0.000116, 0.000075, 0.000878, 0.001180
121, 0.000000, 0.035659, 0.000116, 0.000075, 0.000879, 0.001180
121, 0.000000, 0.037876, 0.000121, 0.000077, 0.000934, 0.001247
121, 0.000000, 0.037965, 0.000121, 0.000077, 0.000935, 0.001247
121, 0.000000, 0.039950, 0.000123, 0.000078, 0.000969, 0.001258
121, 0.000000, 0.040020, 0.000123, 0.000078, 0.000970, 0.001259
121, 0.000000, 0.040725, 0.000126, 0.000083, 0.000981, 0.001295
122, 0.000000, 0.000322, 0.000001, 0.000001, 0.000007, 0.000015
122, 0.000000, 0.010030, 0.000029, 0.000014, 0.000237, 0.000301
122, 0.000000, 0.010011, 0.000029, 0.000014, 0.000237, 0.000301
122, 0.000000, 0.010714, 0.000033, 0.000017, 0.000252, 0.000328
122, 0.000000, 0.010721, 0.000032, 0.000017, 0.000252, 0.000328
122, 0.000000, 0.011362, 0.000034, 0.000018, 0.000269, 0.000341
122, 0.000000, 0.011393, 0.000034, 0.000018, 0.000269, 0.000341
122, 0.000000, 0.012364, 0.000037, 0.000020, 0.000300, 0.000378
122, 0.000000, 0.012396, 0.000037, 0.000020, 0.000301, 0.000378
122, 0.000000, 0.015241, 0.000050, 0.000037, 0.000386, 0.000502
122, 0.000000, 0.015297, 0.000050, 0.000037, 0.000388, 0.000503
122, 0.000000, 0.016911, 0.000054, 0.000038, 0.000419, 0.000528
122, 0.000000, 0.016974, 0.000054, 0.000038, 0.000420, 0.000528
122, 0.000000, 0.019958, 0.000064, 0.000042, 0.000498, 0.000633
122, 0.000000, 0.020009, 0.000064, 0.000042, 0.000499, 0.000633
122, 0.000000, 0.022475, 0.000070, 0.000044, 0.000547, 0.000691
122, 0.000000, 0.022522, 0.000070, 0.000044, 0.000548, 0.000692
122, 0.000000, 0.023165, 0.000071, 0.000045, 0.000557, 0.000699
122, 0.000000, 0.023282, 0.000071, 0.000045, 0.000558, 0.000699
122, 0.000000, 0.027540, 0.000089, 0.000067, 0.000686, 0.000843
122, 0.000000, 0.027585, 0.000089, 0.000066, 0.000688, 0.000844
122, 146187232.000000, 824363790727380992.000000, 1867102346299249.000000, 988606067456313.250000, 18773951693930304.000000, 18610407442155728.000000
122, 146187232.000000, 824363790727380992.000000, 1867102346299249.000000, 988606067456313.250000, 18773951693930304.000000, 18610407442155728.000000
122, 146187232.000000, 824363790727380992.000000, 1867102346299249.000000, 988606067456313.250000, 18773951693930304.000000, 18610407442155728.000000
122, 146187232.000000, 824363790727380992.000000, 1867102346299249.000000, 988606067456313.250000, 18773951693930304.000000, 18610407442155728.000000
122, 146187232.000000, 824363790727380992.000000, 1867102346299249.000000, 988606067456313.250000, 18773951693930304.000000, 18610407442155728.000000
122, 146187232.000000, 824363790727380992.000000, 1867102346299249.000000, 988606067456313.250000, 18773951693930304.000000, 18610407442155728.000000
122, 146187232.000000, 824363790727380992.000000, 1867102346299249.000000, 988606067456313.250000, 18773951693930304.000000, 18610407442155728.000000
122, 146187232.000000, 824363790727380992.000000, 1867102346299249.000000, 988606067456313.250000, 18773951693930304.000000, 18610407442155728.000000
122, 146187232.000000, 824363790727380992.000000, 1867102346299249.000000, 988606067456313.250000, 18773951693930304.000000, 18610407442155728.000000
122, 146187232.000000, 824363790727380992.000000, 1867102346299249.000000, 988606067456313.250000, 18773951693930304.000000, 18610407442155728.000000
122, 146187232.000000, 824363790727380992.000000, 1867102346299249.000000, 988606067456313.250000, 18773951693930304.000000, 18610407442155728.000000
123, 0.000000, 0.000348, 0.000001, 0.000001, 0.000007, 0.000013
123, 0.000000, 0.004440, 0.000012, 0.000007, 0.000100, 0.000129
123, 0.000000, 0.004475, 0.000013, 0.000008, 0.000102, 0.000135
123, 0.000000, 0.009667, 0.000028, 0.000016, 0.000222, 0.000309
123, 0.000000, 0.009656, 0.000028, 0.000016, 0.000222, 0.000310
123, 0.000000, 3.253395, 0.009312, 0.005229, 0.080081, 0.097291
123, 0.000000, 3.253379, 0.009312, 0.005229, 0.080081, 0.097291
123, 0.000000, 3.253108, 0.009312, 0.005226, 0.080070, 0.097288
123, 0.000000, 3.253092, 0.009312, 0.005226, 0.080070, 0.097288
123, 0.000000, 3.253247, 0.009311, 0.005225, 0.080070, 0.097287
123, 0.000000, 3.253226, 0.009311, 0.005225, 0.080070, 0.097287
123, 0.000000, 3.253781, 0.009310, 0.005224, 0.080073, 0.097284
123, 0.000000, 3.253742, 0.009310, 0.005225, 0.080073, 0.097284
123, 0.000000, 3.254073, 0.009311, 0.005225, 0.080075, 0.097284
123, 0.000000, 3.254065, 0.009311, 0.005225, 0.080075, 0.097284
123, 0.000000, 3.253807, 0.009310, 0.005224, 0.080067, 0.097280
123, 0.000000, 3.253776, 0.009310, 0.005224, 0.080067, 0.097280
123, 0.000000, 3.253826, 0.009311, 0.005224, 0.080063, 0.097279
123, 0.000000, 3.253828, 0.009311, 0.005224, 0.080063, 0.097279
123, 0.000000, 3.370048, 0.009382, 0.005269, 0.082352, 0.097698
123, 0.000000, 3.370028, 0.009382, 0.005269, 0.082352, 0.097698
123, 0.000000, 3.369599, 0.009382, 0.005268, 0.082347, 0.097698
123, 0.000000, 3.369616, 0.009382, 0.005269, 0.082347, 0.097698
123, 0.000000, 3.369246, 0.009381, 0.005268, 0.082341, 0.097695
123, 0.000000, 3.369274, 0.009381, 0.005268, 0.082342, 0.097695
123, 0.000000, 3.367844, 0.009381, 0.005273, 0.082344, 0.097693
123, 0.000000, 3.367826, 0.009381, 0.005273, 0.082344, 0.097693
123, 0.000000, 3.368469, 0.009381, 0.005273, 0.082355, 0.097693
123, 0.000000, 3.368465, 0.009381, 0.005273, 0.082355, 0.097693
123, 0.000000, 3.367847, 0.009380, 0.005273, 0.082345, 0.097692
123, 0.000000, 3.367833, 0.009380, 0.005274, 0.082345, 0.097692
123, 0.000000, 3.368006, 0.009380, 0.005273, 0.082346, 0.097690
124, 0.000000, 0.000303, 0.000002, 0.000002, 0.000007, 0.000019
124, 0.000000, 0.017849, 0.000047, 0.000017, 0.000383, 0.000385
124, 0.000000, 0.017875, 0.000047, 0.000017, 0.000383, 0.000385
124, 0.000000, 0.018427, 0.000051, 0.000021, 0.000401, 0.000435
124, 0.000000, 0.018463, 0.000051, 0.000021, 0.000402, 0.000436
124, 0.000000, 0.018537, 0.000051, 0.000021, 0.000405, 0.000461
124, 0.000000, 0.018547, 0.000051, 0.000021, 0.000406, 0.000461
124, 0.000000, 0.021109, 0.000057, 0.000027, 0.000472, 0.000563
124, 0.000000, 0.021124, 0.000057, 0.000028, 0.000472, 0.000564
124, 0.000000, 0.021745, 0.000059, 0.000029, 0.000488, 0.000587
124, 0.000000, 0.021785, 0.000059, 0.000029, 0.000489, 0.000587
124, 0.000000, 0.021247, 0.000060, 0.000029, 0.000484, 0.000598
124, 0.000000, 0.021271, 0.000060, 0.000029, 0.000484, 0.000599
124, 0.000000, 0.022196, 0.000065, 0.000036, 0.000521, 0.000686
124, 0.000000, 0.022223, 0.000065, 0.000036, 0.000521, 0.000687
124, 0.000000, 0.022808, 0.000069, 0.000038, 0.000535, 0.000720
124, 0.000000, 0.022834, 0.000069, 0.000038, 0.000536, 0.000721
124, 0.000000, 0.022781, 0.000070, 0.000038, 0.000537, 0.000725
124, 0.000000, 0.022819, 0.000070, 0.000038, 0.000537, 0.000726
124, 0.000000, 0.023737, 0.000071, 0.000041, 0.000557, 0.000759
124, 0.000000, 0.023784, 0.000071, 0.000041, 0.000557, 0.000760
124, 0.000000, 0.023036, 0.000072, 0.000042, 0.000554, 0.000776
124, 0.000000, 0.023051, 0.000073, 0.000042, 0.000554, 0.000778
124, 0.000000, 0.024160, 0.000076, 0.000044, 0.000581, 0.000828
124, 0.000000, 0.024219, 0.000076, 0.000044, 0.000582, 0.000829
124, 0.000000, 0.024675, 0.000077, 0.000044, 0.000590, 0.000841
124, 0.000000, 0.024685, 0.000077, 0.000044, 0.000590, 0.000842
124, 0.000000, 0.025398, 0.000079, 0.000043, 0.000606, 0.000854
124, 0.000000, 0.025449, 0.000079, 0.000044, 0.000607, 0.000854
124, 0.000000, 0.026630, 0.000081, 0.000046, 0.000631, 0.000871
124, 0.000000, 0.026674, 0.000081, 0.000045, 0.000632, 0.000871
124, 0.000000, 0.031032, 0.000091, 0.000051, 0.000711, 0.000945
125, 0.000000, 0.000311, 0.000001, 0.000001, 0.000006, 0.000011
125, 0.000000, 0.016484, 0.000044, 0.000025, 0.000386, 0.000451
125, 0.000000, 0.016508, 0.000044, 0.000026, 0.000386, 0.000451
125, 0.000000, 0.016450, 0.000046, 0.000026, 0.000385, 0.000465
125, 0.000000, 0.016488, 0.000046, 0.000026, 0.000386, 0.000466
125, 0.000000, 0.021228, 0.000059, 0.000038, 0.000484, 0.000607
125, 0.000000, 0.021240, 0.000059, 0.000038, 0.000484, 0.000607
125, 0.000000, 0.021999, 0.000060, 0.000038, 0.000499, 0.000627
125, 0.000000, 0.022029, 0.000060, 0.000038, 0.000500, 0.000628
125, 0.000000, 0.025553, 0.000077, 0.000046, 0.000609, 0.000835
125, 0.000000, 0.025565, 0.000077, 0.000045, 0.000609, 0.000836
125, 0.000000, 0.026635, 0.000083, 0.000052, 0.000647, 0.000906
125, 0.000000, 0.026648, 0.000083, 0.000052, 0.000647, 0.000906
125, 0.000000, 0.028662, 0.000098, 0.000061, 0.000699, 0.000982
125, 0.000000, 0.028716, 0.000098, 0.000061, 0.000700, 0.000982
125, 0.000000, 0.029550, 0.000099, 0.000062, 0.000719, 0.001009
125, 0.000000, 0.029560, 0.000099, 0.000062, 0.000720, 0.001009
125, 0.000000, 0.031063, 0.000104, 0.000065, 0.000752, 0.001048
125, 0.000000, 0.031126, 0.000104, 0.000065, 0.000753, 0.001048
125, 0.000000, 0.034701, 0.000113, 0.000066, 0.000820, 0.001116
125, 0.000000, 0.034722, 0.000113, 0.000066, 0.000821, 0.001117
125, 0.000000, 0.035525, 0.000121, 0.000073, 0.000856, 0.001192
125, 0.000000, 0.035539, 0.000121, 0.000073, 0.000856, 0.001192
125, 0.000000, 0.035610, 0.000124, 0.000073, 0.000859, 0.001202
125, 0.000000, 0.035669, 0.000124, 0.000073, 0.000860, 0.001202
125, 0.000000, 0.036063, 0.000123, 0.000072, 0.000869, 0.001214
125, 0.000000, 0.036085, 0.000123, 0.000072, 0.000869, 0.001214
125, 0.000000, 0.035894, 0.000124, 0.000073, 0.000870, 0.001219
125, 0.000000, 0.035954, 0.000124, 0.000073, 0.000871, 0.001220
125, 0.000000, 0.036396, 0.000126, 0.000075, 0.000880, 0.001230
125, 0.000000, 0.036445, 0.000126, 0.000075, 0.000881, 0.001230
125, 0.000000, 0.036667, 0.000127, 0.000076, 0.000889, 0.001237
126, 0.000000, 0.000309, 0.000001, 0.000001, 0.000006, 0.000008
126, 0.000000, 0.006051, 0.000019, 0.000012, 0.000143, 0.000205
126, 0.000000, 0.006067, 0.000019, 0.000012, 0.000143, 0.000205
126, 0.000000, 0.011302, 0.000039, 0.000020, 0.000262, 0.000354
126, 0.000000, 0.011368, 0.000039, 0.000020, 0.000262, 0.000355
126, 0.000000, 0.011903, 0.000039, 0.000019, 0.000274, 0.000373
126, 0.000000, 0.011969, 0.000039, 0.000019, 0.000275, 0.000374
126, 0.000000, 0.012370, 0.000042, 0.000021, 0.000287, 0.000406
126, 0.000000, 0.012426, 0.000042, 0.000021, 0.000288, 0.000406
126, 0.000000, 0.020708, 0.000060, 0.000036, 0.000457, 0.000588
126, 0.000000, 0.020769, 0.000060, 0.000036, 0.000458, 0.000588
126, 0.000000, 0.021806, 0.000062, 0.000036, 0.000477, 0.000603
126, 0.000000, 0.021872, 0.000062, 0.000037, 0.000478, 0.000603
126, 0.000000, 0.021790, 0.000065, 0.000038, 0.000488, 0.000645
126, 0.000000, 0.021841, 0.000065, 0.000038, 0.000489, 0.000645
126, 0.000000, 0.023325, 0.000076, 0.000046, 0.000533, 0.000729
126, 0.000000, 0.023368, 0.000076, 0.000045, 0.000534, 0.000729
126, 0.000000, 0.023838, 0.000076, 0.000047, 0.000544, 0.000739
126, 0.000000, 0.023910, 0.000076, 0.000047, 0.000545, 0.000740
126, 0.000000, 0.024732, 0.000078, 0.000046, 0.000563, 0.000766
126, 0.000000, 0.024808, 0.000078, 0.000046, 0.000564, 0.000767
126, 0.000000, 0.026746, 0.000083, 0.000048, 0.000603, 0.000818
126, 0.000000, 0.026812, 0.000083, 0.000048, 0.000604, 0.000819
126, 0.000000, 0.026870, 0.000084, 0.000049, 0.000615, 0.000846
126, 0.000000, 0.026936, 0.000085, 0.000049, 0.000616, 0.000847
126, 0.000000, 0.027530, 0.000085, 0.000051, 0.000627, 0.000861
126, 0.000000, 0.027608, 0.000085, 0.000051, 0.000628, 0.000861
126, 0.000000, 0.027263, 0.000086, 0.000050, 0.000623, 0.000869
126, 0.000000, 0.027308, 0.000086, 0.000050, 0.000624, 0.000869
126, 0.000000, 0.028732, 0.000089, 0.000054, 0.000652, 0.000902
126, 0.000000, 0.028830, 0.000089, 0.000054, 0.000653, 0.000902
126, 0.000000, 0.028744, 0.000091, 0.000056, 0.000660, 0.000920
127, 0.000000, 0.000340, 0.000001, 0.000001, 0.000008, 0.000013
127, 0.000000, 0.003156, 0.000010, 0.000006, 0.000069, 0.000095
127, 0.000000, 0.003185, 0.000010, 0.000006, 0.000069, 0.000098
127, 0.000000, 0.006976, 0.000020, 0.000010, 0.000151, 0.000165
127, 0.000000, 0.006982, 0.000020, 0.000010, 0.000152, 0.000168
127, 0.000000, 0.008684, 0.000025, 0.000013, 0.000188, 0.000219
127, 0.000000, 0.008709, 0.000025, 0.000013, 0.000189, 0.000219
127, 0.000000, 0.010037, 0.000032, 0.000017, 0.000232, 0.000285
127, 0.000000, 0.010087, 0.000032, 0.000017, 0.000233, 0.000287
127, 0.000000, 0.011512, 0.000036, 0.000019, 0.000267, 0.000352
127, 0.000000, 0.011572, 0.000036, 0.000019, 0.000268, 0.000353
127, 0.000000, 0.013028, 0.000040, 0.000022, 0.000303, 0.000399
127, 0.000000, 0.013068, 0.000040, 0.000022, 0.000304, 0.000399
127, 0.000000, 0.015225, 0.000051, 0.000028, 0.000355, 0.000488
127, 0.000000, 0.015242, 0.000051, 0.000028, 0.000356, 0.000489
127, 0.000000, 0.014930, 0.000053, 0.000029, 0.000356, 0.000509
127, 0.000000, 0.014982, 0.000053, 0.000029, 0.000357, 0.000509
127, 0.000000, 0.016823, 0.000056, 0.000031, 0.000395, 0.000558
127, 0.000000, 0.016801, 0.000055, 0.000031, 0.000395, 0.000559
127, 0.000000, 0.017816, 0.000058, 0.000032, 0.000416, 0.000577
127, 0.000000, 0.017863, 0.000058, 0.000032, 0.000417, 0.000577
127, 0.000000, 0.020662, 0.000070, 0.000040, 0.000498, 0.000721
127, 0.000000, 0.020657, 0.000070, 0.000040, 0.000498, 0.000722
127, 0.000000, 0.020363, 0.000071, 0.000041, 0.000498, 0.000734
127, 0.000000, 0.020406, 0.000071, 0.000041, 0.000499, 0.000734
127, 0.000000, 0.022109, 0.000079, 0.000046, 0.000542, 0.000794
127, 0.000000, 0.022141, 0.000079, 0.000046, 0.000543, 0.000794
127, 0.000000, 0.022199, 0.000081, 0.000048, 0.000545, 0.000828
127, 0.000000, 0.022202, 0.000081, 0.000048, 0.000546, 0.000828
127, 0.000000, 0.023488, 0.000090, 0.000059, 0.000601, 0.000936
127, 0.000000, 0.023480, 0.000089, 0.000059, 0.000601, 0.000937
127, 0.000000, 0.030374, 0.000102, 0.000065, 0.000770, 0.001077
128, 0.000000, 0.000305, 0.000001, 0.000001, 0.000006, 0.000010
128, 0.000000, 0.850748, 0.003339, 0.002432, 0.021844, 0.036573
128, 0.000000, 0.850741, 0.003339, 0.002432, 0.021843, 0.036573
128, 0.000000, 0.850429, 0.003337, 0.002427, 0.021832, 0.036562
128, 0.000000, 0.850464, 0.003337, 0.002427, 0.021832, 0.036562
128, 0.000000, 0.849763, 0.003337, 0.002426, 0.021825, 0.036561
128, 0.000000, 0.849757, 0.003337, 0.002426, 0.021824, 0.036560
128, 0.000000, 0.849831, 0.003337, 0.002426, 0.021826, 0.036560
128, 0.000000, 0.849870, 0.003337, 0.002426, 0.021826, 0.036560
128, 0.000000, 0.849726, 0.003338, 0.002426, 0.021824, 0.036563
128, 0.000000, 0.849777, 0.003338, 0.002426, 0.021825, 0.036563
128, 0.000000, 0.849815, 0.003336, 0.002424, 0.021821, 0.036565
128, 0.000000, 0.849862, 0.003336, 0.002424, 0.021822, 0.036565
128, 0.000000, 0.850295, 0.003336, 0.002423, 0.021830, 0.036565
128, 0.000000, 0.850341, 0.003336, 0.002423, 0.021831, 0.036565
128, 0.000000, 0.850051, 0.003338, 0.002426, 0.021824, 0.036566
128, 0.000000, 0.850095, 0.003338, 0.002425, 0.021824, 0.036566
128, 0.000000, 0.850021, 0.003337, 0.002424, 0.021817, 0.036556
128, 0.000000, 0.850044, 0.003337, 0.002424, 0.021817, 0.036556
128, 0.000000, 0.850406, 0.003338, 0.002424, 0.021826, 0.036560
128, 0.000000, 0.850488, 0.003338, 0.002424, 0.021827, 0.036561
128, 0.000000, 0.849429, 0.003338, 0.002420, 0.021817, 0.036573
128, 0.000000, 0.849487, 0.003338, 0.002420, 0.021818, 0.036573
128, 0.000000, 0.848192, 0.003334, 0.002425, 0.021805, 0.036590
128, 0.000000, 0.848219, 0.003334, 0.002425, 0.021805, 0.036590
128, 0.000000, 0.848028, 0.003335, 0.002426, 0.021803, 0.036588
128, 0.000000, 0.848038, 0.003335, 0.002426, 0.021803, 0.036588
128, 0.000000, 0.848245, 0.003335, 0.002425, 0.021811, 0.036587
128, 0.000000, 0.848261, 0.003335, 0.002424, 0.021811, 0.036586
128, 0.000000, 0.848600, 0.003334, 0.002426, 0.021820, 0.036590
128, 0.000000, 0.848607, 0.003334, 0.002426, 0.021820, 0.036590
128, 0.000000, 0.848871, 0.003335, 0.002429, 0.021829, 0.036599
129, 0.000000, 0.000390, 0.000001, 0.000001, 0.000008, 0.000017
129, 0.000000, 0.010780, 0.000040, 0.000022, 0.000257, 0.000358
129, 0.000000, 0.010776, 0.000040, 0.000022, 0.000258, 0.000359
129, 0.000000, 0.012240, 0.000045, 0.000025, 0.000293, 0.000419
129, 0.000000, 0.012239, 0.000045, 0.000025, 0.000293, 0.000420
129, 0.000000, 0.015193, 0.000056, 0.000032, 0.000379, 0.000550
129, 0.000000, 0.015251, 0.000056, 0.000032, 0.000380, 0.000550
129, 0.000000, 0.015360, 0.000057, 0.000032, 0.000383, 0.000561
129, 0.000000, 0.015407, 0.000057, 0.000032, 0.000384, 0.000561
129, 0.000000, 0.016605, 0.000058, 0.000033, 0.000402, 0.000576
129, 0.000000, 0.016670, 0.000058, 0.000033, 0.000403, 0.000576
129, 0.000000, 0.018911, 0.000066, 0.000034, 0.000447, 0.000609
129, 0.000000, 0.018957, 0.000066, 0.000034, 0.000448, 0.000610
129, 0.000000, 0.019617, 0.000069, 0.000034, 0.000467, 0.000630
129, 0.000000, 0.019683, 0.000069, 0.000034, 0.000468, 0.000630
129, 0.000000, 0.020951, 0.000079, 0.000045, 0.000513, 0.000710
129, 0.000000, 0.020993, 0.000079, 0.000045, 0.000514, 0.000711
129, 0.000000, 0.020919, 0.000082, 0.000047, 0.000513, 0.000733
129, 0.000000, 0.021001, 0.000082, 0.000047, 0.000514, 0.000733
129, 0.000000, 0.022285, 0.000082, 0.000048, 0.000546, 0.000764
129, 0.000000, 0.022331, 0.000082, 0.000048, 0.000546, 0.000764
129, 0.000000, 0.023058, 0.000082, 0.000050, 0.000566, 0.000775
129, 0.000000, 0.023130, 0.000082, 0.000050, 0.000567, 0.000775
129, 0.000000, 0.022936, 0.000084, 0.000052, 0.000568, 0.000793
129, 0.000000, 0.022979, 0.000084, 0.000052, 0.000568, 0.000793
129, 0.000000, 0.023738, 0.000086, 0.000053, 0.000586, 0.000813
129, 0.000000, 0.023826, 0.000086, 0.000053, 0.000588, 0.000814
129, 0.000000, 0.024554, 0.000090, 0.000057, 0.000610, 0.000876
129, 0.000000, 0.024629, 0.000090, 0.000057, 0.000611, 0.000876
129, 0.000000, 0.026494, 0.000095, 0.000060, 0.000659, 0.000923
129, 0.000000, 0.026602, 0.000095, 0.000060, 0.000661, 0.000923
129, 0.000000, 0.028599, 0.000105, 0.000069, 0.000717, 0.001030
130, 0.000000, 0.000342, 0.000001, 0.000001, 0.000007, 0.000011
130, 0.000000, 0.004083, 0.000012, 0.000006, 0.000093, 0.000117
130, 0.000000, 0.004140, 0.000012, 0.000006, 0.000094, 0.000120
130, 0.000000, 0.128018, 0.000477, 0.000250, 0.002893, 0.004225
130, 0.000000, 0.127992, 0.000477, 0.000250, 0.002893, 0.004225
130, 0.000000, 0.127448, 0.000477, 0.000251, 0.002886, 0.004227
130, 0.000000, 0.127415, 0.000477, 0.000251, 0.002886, 0.004227
130, 0.000000, 0.136396, 0.000526, 0.000267, 0.003216, 0.004707
130, 0.000000, 0.136355, 0.000526, 0.000267, 0.003215, 0.004707
130, 0.000000, 0.136236, 0.000526, 0.000267, 0.003212, 0.004709
130, 0.000000, 0.136195, 0.000526, 0.000267, 0.003212, 0.004709
130, 0.000000, 0.137714, 0.000525, 0.000268, 0.003232, 0.004710
130, 0.000000, 0.137698, 0.000525, 0.000268, 0.003232, 0.004710
130, 0.000000, 0.144436, 0.000581, 0.000294, 0.003463, 0.005282
130, 0.000000, 0.144418, 0.000581, 0.000294, 0.003462, 0.005282
130, 0.000000, 0.144289, 0.000581, 0.000295, 0.003460, 0.005282
130, 0.000000, 0.144238, 0.000581, 0.000295, 0.003460, 0.005282
130, 0.000000, 0.143392, 0.000582, 0.000295, 0.003460, 0.005280
130, 0.000000, 0.143384, 0.000582, 0.000295, 0.003460, 0.005280
130, 0.000000, 0.143897, 0.000581, 0.000296, 0.003464, 0.005282
130, 0.000000, 0.143859, 0.000581, 0.000296, 0.003463, 0.005282
130, 0.000000, 0.143495, 0.000582, 0.000296, 0.003459, 0.005286
130, 0.000000, 0.143456, 0.000582, 0.000296, 0.003458, 0.005286
130, 0.000000, 0.143877, 0.000582, 0.000296, 0.003461, 0.005289
130, 0.000000, 0.143794, 0.000582, 0.000296, 0.003460, 0.005290
130, 0.000000, 0.146140, 0.000584, 0.000298, 0.003494, 0.005310
130, 0.000000, 0.146102, 0.000584, 0.000298, 0.003493, 0.005310
130, 0.000000, 0.145791, 0.000585, 0.000298, 0.003488, 0.005312
130, 0.000000, 0.145774, 0.000585, 0.000298, 0.003488, 0.005313
130, 0.000000, 0.144971, 0.000585, 0.000298, 0.003477, 0.005313
130, 0.000000, 0.144928, 0.000585, 0.000298, 0.003477, 0.005312
130, 0.000000, 0.144937, 0.000585, 0.000299, 0.003475, 0.005314
131, 0.000000, 0.000302, 0.000002, 0.000002, 0.000008, 0.000018
131, 0.000000, 0.003243, 0.000011, 0.000007, 0.000077, 0.000111
131, 0.000000, 0.003326, 0.000011, 0.000007, 0.000078, 0.000112
131, 0.000000, 0.008282, 0.000028, 0.000015, 0.000188, 0.000268
131, 0.000000, 0.008319, 0.000028, 0.000015, 0.000189, 0.000270
131, 0.000000, 0.018226, 0.000059, 0.000031, 0.000416, 0.000535
131, 0.000000, 0.018225, 0.000059, 0.000031, 0.000416, 0.000535
131, 0.000000, 0.020737, 0.000063, 0.000034, 0.000459, 0.000584
131, 0.000000, 0.020702, 0.000063, 0.000034, 0.000459, 0.000584
131, 0.000000, 0.022007, 0.000064, 0.000034, 0.000477, 0.000597
131, 0.000000, 0.022006, 0.000064, 0.000033, 0.000477, 0.000597
131, 0.000000, 0.022943, 0.000065, 0.000034, 0.000496, 0.000624
131, 0.000000, 0.022948, 0.000065, 0.000034, 0.000496, 0.000624
131, 0.000000, 0.027547, 0.000072, 0.000038, 0.000576, 0.000686
131, 0.000000, 0.027516, 0.000072, 0.000038, 0.000576, 0.000687
131, 0.000000, 0.029627, 0.000093, 0.000048, 0.000659, 0.000844
131, 0.000000, 0.029592, 0.000093, 0.000048, 0.000659, 0.000844
131, 0.000000, 0.028981, 0.000096, 0.000050, 0.000657, 0.000862
131, 0.000000, 0.028957, 0.000096, 0.000050, 0.000658, 0.000863
131, 0.000000, 0.029515, 0.000099, 0.000053, 0.000670, 0.000878
131, 0.000000, 0.029487, 0.000098, 0.000053, 0.000670, 0.000878
131, 0.000000, 0.029042, 0.000099, 0.000054, 0.000667, 0.000896
131, 0.000000, 0.028994, 0.000099, 0.000054, 0.000667, 0.000896
131, 0.000000, 0.029484, 0.000100, 0.000056, 0.000677, 0.000910
131, 0.000000, 0.029416, 0.000100, 0.000056, 0.000676, 0.000910
131, 0.000000, 0.030119, 0.000102, 0.000058, 0.000690, 0.000924
131, 0.000000, 0.030082, 0.000102, 0.000058, 0.000690, 0.000925
131, 0.000000, 0.031224, 0.000104, 0.000060, 0.000711, 0.000947
131, 0.000000, 0.031201, 0.000104, 0.000060, 0.000711, 0.000947
131, 0.000000, 0.030772, 0.000103, 0.000059, 0.000709, 0.000963
131, 0.000000, 0.030767, 0.000103, 0.000059, 0.000709, 0.000964
131, 0.000000, 0.030925, 0.000104, 0.000060, 0.000719, 0.000980
132, 0.000000, 0.000346, 0.000001, 0.000001, 0.000007, 0.000015
132, 0.000000, 0.009983, 0.000035, 0.000019, 0.000232, 0.000326
132, 0.000000, 0.009971, 0.000035, 0.000019, 0.000232, 0.000327
132, 0.000000, 0.009618, 0.000036, 0.000019, 0.000231, 0.000337
132, 0.000000, 0.009624, 0.000036, 0.000019, 0.000232, 0.000338
132, 0.000000, 0.010404, 0.000043, 0.000023, 0.000255, 0.000390
132, 0.000000, 0.010404, 0.000043, 0.000023, 0.000255, 0.000390
132, 0.000000, 0.010312, 0.000046, 0.000026, 0.000266, 0.000436
132, 0.000000, 0.010379, 0.000046, 0.000026, 0.000267, 0.000437
132, 0.000000, 0.013592, 0.000055, 0.000032, 0.000332, 0.000509
132, 0.000000, 0.013596, 0.000055, 0.000032, 0.000332, 0.000509
132, 0.000000, 0.014502, 0.000058, 0.000032, 0.000351, 0.000537
132, 0.000000, 0.014479, 0.000058, 0.000032, 0.000351, 0.000538
132, 0.000000, 0.016166, 0.000062, 0.000037, 0.000387, 0.000573
132, 0.000000, 0.016194, 0.000062, 0.000037, 0.000388, 0.000574
132, 0.000000, 0.016425, 0.000066, 0.000038, 0.000398, 0.000601
132, 0.000000, 0.016447, 0.000066, 0.000038, 0.000398, 0.000601
132, 0.000000, 0.018636, 0.000074, 0.000042, 0.000442, 0.000638
132, 0.000000, 0.018610, 0.000074, 0.000042, 0.000442, 0.000638
132, 0.000000, 0.019417, 0.000074, 0.000042, 0.000454, 0.000646
132, 0.000000, 0.019465, 0.000074, 0.000042, 0.000455, 0.000647
132, 0.000000, 0.020441, 0.000081, 0.000045, 0.000481, 0.000697
132, 0.000000, 0.020434, 0.000081, 0.000045, 0.000480, 0.000697
132, 0.000000, 0.020450, 0.000082, 0.000046, 0.000484, 0.000711
132, 0.000000, 0.020487, 0.000082, 0.000046, 0.000485, 0.000711
132, 0.000000, 0.021323, 0.000086, 0.000048, 0.000509, 0.000760
132, 0.000000, 0.021353, 0.000086, 0.000048, 0.000510, 0.000760
132, 0.000000, 0.025767, 0.000098, 0.000062, 0.000600, 0.000892
132, 0.000000, 0.025805, 0.000098, 0.000062, 0.000601, 0.000892
132, 0.000000, 0.028152, 0.000109, 0.000068, 0.000674, 0.001010
132, 0.000000, 0.028163, 0.000109, 0.000068, 0.000674, 0.001010
132, 0.000000, 0.028014, 0.000110, 0.000068, 0.000672, 0.001017
133, 0.000000, 0.000424, 0.000002, 0.000002, 0.000009, 0.000022
133, 0.000000, 0.005265, 0.000022, 0.000014, 0.000126, 0.000187
133, 0.000000, 0.005212, 0.000022, 0.000014, 0.000126, 0.000188
133, 0.000000, 0.007317, 0.000030, 0.000018, 0.000171, 0.000264
133, 0.000000, 0.007334, 0.000029, 0.000018, 0.000172, 0.000266
133, 0.000000, 0.009058, 0.000035, 0.000022, 0.000214, 0.000329
133, 0.000000, 0.009070, 0.000035, 0.000022, 0.000214, 0.000330
133, 0.000000, 0.010467, 0.000039, 0.000023, 0.000250, 0.000374
133, 0.000000, 0.010531, 0.000039, 0.000024, 0.000251, 0.000374
133, 0.000000, 0.012038, 0.000046, 0.000027, 0.000287, 0.000429
133, 0.000000, 0.012085, 0.000046, 0.000027, 0.000287, 0.000431
133, 0.000000, 0.030412, 0.000156, 0.000155, 0.000850, 0.001342
133, 0.000000, 0.030461, 0.000156, 0.000155, 0.000851, 0.001343
133, 0.000000, 0.031272, 0.000157, 0.000154, 0.000865, 0.001354
133, 0.000000, 0.031313, 0.000157, 0.000154, 0.000866, 0.001354
133, 0.000000, 0.032272, 0.000158, 0.000154, 0.000883, 0.001371
133, 0.000000, 0.032327, 0.000158, 0.000154, 0.000884, 0.001371
133, 0.000000, 0.032544, 0.000159, 0.000154, 0.000891, 0.001377
133, 0.000000, 0.032603, 0.000159, 0.000154, 0.000892, 0.001378
133, 0.000000, 0.034050, 0.000165, 0.000153, 0.000921, 0.001433
133, 0.000000, 0.034111, 0.000165, 0.000153, 0.000922, 0.001433
133, 0.000000, 0.037143, 0.000166, 0.000152, 0.000962, 0.001461
133, 0.000000, 0.037189, 0.000166, 0.000152, 0.000963, 0.001461
133, 0.000000, 0.040726, 0.000174, 0.000154, 0.001021, 0.001514
133, 0.000000, 0.040781, 0.000174, 0.000154, 0.001021, 0.001514
133, 0.000000, 0.040447, 0.000177, 0.000156, 0.001028, 0.001544
133, 0.000000, 0.040494, 0.000178, 0.000157, 0.001030, 0.001545
133, 0.000000, 0.040392, 0.000177, 0.000157, 0.001030, 0.001557
133, 0.000000, 0.040442, 0.000177, 0.000157, 0.001030, 0.001557
133, 0.000000, 0.042197, 0.000182, 0.000163, 0.001067, 0.001588
133, 0.000000, 0.042255, 0.000182, 0.000164, 0.001067, 0.001588
133, 0.000000, 0.042485, 0.000185, 0.000167, 0.001082, 0.001611
134, 0.000000, 0.000337, 0.000001, 0.000001, 0.000007, 0.000008
134, 0.000000, 0.006189, 0.000027, 0.000020, 0.000152, 0.000276
134, 0.000000, 0.006208, 0.000028, 0.000020, 0.000152, 0.000277
134, 0.000000, 0.008260, 0.000035, 0.000023, 0.000204, 0.000333
134, 0.000000, 0.008255, 0.000035, 0.000023, 0.000204, 0.000335
134, 0.000000, 0.010951, 0.000042, 0.000023, 0.000257, 0.000393
134, 0.000000, 0.011006, 0.000042, 0.000023, 0.000258, 0.000393
134, 0.000000, 0.012141, 0.000045, 0.000025, 0.000284, 0.000435
134, 0.000000, 0.012211, 0.000045, 0.000025, 0.000285, 0.000435
134, 0.000000, 0.012441, 0.000046, 0.000025, 0.000293, 0.000451
134, 0.000000, 0.012520, 0.000046, 0.000026, 0.000294, 0.000451
134, 0.000000, 0.015293, 0.000053, 0.000030, 0.000347, 0.000506
134, 0.000000, 0.015372, 0.000053, 0.000031, 0.000349, 0.000506
134, 0.000000, 0.017400, 0.000065, 0.000035, 0.000412, 0.000600
134, 0.000000, 0.017456, 0.000065, 0.000035, 0.000412, 0.000601
134, 0.000000, 0.019166, 0.000070, 0.000036, 0.000443, 0.000627
134, 0.000000, 0.019207, 0.000070, 0.000036, 0.000444, 0.000628
134, 0.000000, 0.021293, 0.000081, 0.000043, 0.000495, 0.000712
134, 0.000000, 0.021373, 0.000081, 0.000043, 0.000496, 0.000712
134, 0.000000, 0.021649, 0.000081, 0.000044, 0.000502, 0.000738
134, 0.000000, 0.021715, 0.000081, 0.000044, 0.000503, 0.000738
134, 0.000000, 0.021744, 0.000083, 0.000048, 0.000515, 0.000784
134, 0.000000, 0.021823, 0.000083, 0.000048, 0.000516, 0.000785
134, 0.000000, 0.022807, 0.000088, 0.000051, 0.000540, 0.000838
134, 0.000000, 0.022888, 0.000088, 0.000051, 0.000541, 0.000838
134, 0.000000, 0.024659, 0.000097, 0.000055, 0.000601, 0.000921
134, 0.000000, 0.024706, 0.000097, 0.000055, 0.000601, 0.000922
134, 0.000000, 0.025734, 0.000099, 0.000056, 0.000625, 0.000942
134, 0.000000, 0.025730, 0.000099, 0.000056, 0.000625, 0.000942
134, 0.000000, 0.026529, 0.000100, 0.000058, 0.000644, 0.000963
134, 0.000000, 0.026567, 0.000100, 0.000058, 0.000645, 0.000964
134, 0.000000, 0.028233, 0.000106, 0.000060, 0.000673, 0.000993
135, 0.000000, 0.000335, 0.000002, 0.000002, 0.000009, 0.000021
135, 0.000000, 0.005250, 0.000020, 0.000011, 0.000120, 0.000162
135, 0.000000, 0.005340, 0.000020, 0.000011, 0.000121, 0.000165
135, 0.000000, 0.007499, 0.000028, 0.000015, 0.000175, 0.000257
135, 0.000000, 0.007592, 0.000028, 0.000015, 0.000176, 0.000258
135, 0.000000, 0.011167, 0.000045, 0.000026, 0.000270, 0.000379
135, 0.000000, 0.011268, 0.000045, 0.000026, 0.000271, 0.000380
135, 0.000000, 0.014331, 0.000055, 0.000036, 0.000343, 0.000499
135, 0.000000, 0.014400, 0.000055, 0.000036, 0.000344, 0.000500
135, 0.000000, 0.019578, 0.000071, 0.000040, 0.000456, 0.000652
135, 0.000000, 0.019667, 0.000071, 0.000040, 0.000457, 0.000652
135, 0.000000, 0.019449, 0.000076, 0.000043, 0.000464, 0.000686
135, 0.000000, 0.019566, 0.000076, 0.000043, 0.000465, 0.000687
135, 0.000000, 0.021600, 0.000085, 0.000048, 0.000509, 0.000744
135, 0.000000, 0.021718, 0.000085, 0.000048, 0.000510, 0.000744
135, 0.000000, 0.021138, 0.000087, 0.000049, 0.000505, 0.000760
135, 0.000000, 0.021247, 0.000087, 0.000049, 0.000506, 0.000760
135, 0.000000, 0.021396, 0.000089, 0.000052, 0.000514, 0.000783
135, 0.000000, 0.021494, 0.000089, 0.000052, 0.000515, 0.000783
135, 0.000000, 0.022420, 0.000093, 0.000052, 0.000533, 0.000819
135, 0.000000, 0.022485, 0.000094, 0.000052, 0.000534, 0.000820
135, 0.000000, 0.024582, 0.000100, 0.000059, 0.000572, 0.000861
135, 0.000000, 0.024660, 0.000100, 0.000059, 0.000573, 0.000861
135, 0.000000, 0.025680, 0.000106, 0.000065, 0.000595, 0.000898
135, 0.000000, 0.025753, 0.000106, 0.000065, 0.000596, 0.000897
135, 0.000000, 0.026258, 0.000108, 0.000066, 0.000615, 0.000922
135, 0.000000, 0.026379, 0.000109, 0.000066, 0.000617, 0.000922
135, 0.000000, 0.026753, 0.000108, 0.000065, 0.000626, 0.000938
135, 0.000000, 0.026856, 0.000108, 0.000065, 0.000628, 0.000938
135, 0.000000, 0.026722, 0.000109, 0.000066, 0.000629, 0.000949
135, 0.000000, 0.026821, 0.000109, 0.000066, 0.000630, 0.000948
135, 0.000000, 0.026243, 0.000115, 0.000070, 0.000637, 0.000998
136, 0.000000, 0.000371, 0.000002, 0.000002, 0.000008, 0.000021
136, 0.000000, 0.004903, 0.000019, 0.000012, 0.000113, 0.000178
136, 0.000000, 0.004951, 0.000020, 0.000012, 0.000114, 0.000180
136, 0.000000, 0.006512, 0.000025, 0.000016, 0.000157, 0.000242
136, 0.000000, 0.006553, 0.000026, 0.000016, 0.000158, 0.000243
136, 0.000000, 0.010203, 0.000044, 0.000026, 0.000242, 0.000377
136, 0.000000, 0.010234, 0.000044, 0.000026, 0.000243, 0.000378
136, 0.000000, 0.010847, 0.000045, 0.000026, 0.000260, 0.000401
136, 0.000000, 0.010888, 0.000045, 0.000026, 0.000261, 0.000402
136, 0.000000, 0.015233, 0.000055, 0.000034, 0.000340, 0.000487
136, 0.000000, 0.015351, 0.000055, 0.000034, 0.000341, 0.000488
136, 0.000000, 0.015526, 0.000055, 0.000033, 0.000346, 0.000494
136, 0.000000, 0.015637, 0.000055, 0.000033, 0.000348, 0.000495
136, 0.000000, 0.015534, 0.000058, 0.000035, 0.000360, 0.000527
136, 0.000000, 0.015621, 0.000058, 0.000035, 0.000361, 0.000527
136, 0.000000, 0.015914, 0.000061, 0.000037, 0.000367, 0.000547
136, 0.000000, 0.015998, 0.000061, 0.000037, 0.000368, 0.000548
136, 0.000000, 0.016002, 0.000065, 0.000039, 0.000379, 0.000579
136, 0.000000, 0.016102, 0.000065, 0.000039, 0.000380, 0.000580
136, 0.000000, 0.490957, 0.001728, 0.000993, 0.011045, 0.015839
136, 0.000000, 0.490951, 0.001728, 0.000993, 0.011045, 0.015839
136, 0.000000, 0.489799, 0.001728, 0.000991, 0.011028, 0.015835
136, 0.000000, 0.489786, 0.001728, 0.000991, 0.011028, 0.015835
136, 0.000000, 0.489535, 0.001729, 0.000991, 0.011025, 0.015835
136, 0.000000, 0.489538, 0.001729, 0.000991, 0.011025, 0.015835
136, 0.000000, 0.488323, 0.001728, 0.000990, 0.011000, 0.015834
136, 0.000000, 0.488279, 0.001728, 0.000991, 0.010999, 0.015834
136, 0.000000, 0.488266, 0.001727, 0.000988, 0.010997, 0.015833
136, 0.000000, 0.488252, 0.001727, 0.000988, 0.010997, 0.015833
136, 0.000000, 0.486772, 0.001730, 0.000991, 0.010980, 0.015845
136, 0.000000, 0.486764, 0.001731, 0.000992, 0.010981, 0.015845
136, 0.000000, 0.487180, 0.001731, 0.000993, 0.010989, 0.015845
137, 0.000000, 0.000307, 0.000002, 0.000002, 0.000007, 0.000017
137, 0.000000, 0.003376, 0.000013, 0.000008, 0.000081, 0.000125
137, 0.000000, 0.003405, 0.000013, 0.000008, 0.000082, 0.000126
137, 0.000000, 0.011528, 0.000040, 0.000023, 0.000271, 0.000333
137, 0.000000, 0.011535, 0.000040, 0.000023, 0.000272, 0.000334
137, 0.000000, 0.013407, 0.000049, 0.000030, 0.000320, 0.000455
137, 0.000000, 0.013365, 0.000049, 0.000030, 0.000319, 0.000456
137, 0.000000, 0.013701, 0.000051, 0.000030, 0.000328, 0.000469
137, 0.000000, 0.013669, 0.000051, 0.000030, 0.000328, 0.000470
137, 0.000000, 0.016482, 0.000063, 0.000036, 0.000394, 0.000570
137, 0.000000, 0.016452, 0.000063, 0.000037, 0.000394, 0.000571
137, 0.000000, 0.017137, 0.000067, 0.000041, 0.000411, 0.000630
137, 0.000000, 0.017170, 0.000067, 0.000041, 0.000412, 0.000631
137, 0.000000, 0.018335, 0.000070, 0.000042, 0.000434, 0.000647
137, 0.000000, 0.018356, 0.000069, 0.000042, 0.000433, 0.000647
137, 0.000000, 0.019937, 0.000071, 0.000044, 0.000461, 0.000671
137, 0.000000, 0.019981, 0.000072, 0.000045, 0.000461, 0.000671
137, 0.000000, 0.020676, 0.000077, 0.000051, 0.000484, 0.000700
137, 0.000000, 0.020719, 0.000077, 0.000051, 0.000485, 0.000700
137, 0.000000, 0.020712, 0.000081, 0.000053, 0.000499, 0.000739
137, 0.000000, 0.020752, 0.000080, 0.000053, 0.000499, 0.000739
137, 0.000000, 0.021377, 0.000083, 0.000056, 0.000512, 0.000753
137, 0.000000, 0.021471, 0.000083, 0.000056, 0.000514, 0.000754
137, 0.000000, 0.023062, 0.000089, 0.000060, 0.000558, 0.000839
137, 0.000000, 0.023097, 0.000089, 0.000060, 0.000559, 0.000839
137, 0.000000, 0.024684, 0.000091, 0.000063, 0.000590, 0.000888
137, 0.000000, 0.024771, 0.000091, 0.000063, 0.000591, 0.000889
137, 0.000000, 0.029333, 0.000104, 0.000069, 0.000680, 0.000989
137, 0.000000, 0.029404, 0.000104, 0.000068, 0.000680, 0.000988
137, 0.000000, 0.029973, 0.000105, 0.000069, 0.000690, 0.000995
137, 0.000000, 0.030094, 0.000105, 0.000069, 0.000691, 0.000995
137, 0.000000, 0.030991, 0.000109, 0.000071, 0.000707, 0.001016
138, 0.000000, 0.000341, 0.000002, 0.000002, 0.000008, 0.000016
138, 0.000000, 0.004781, 0.000016, 0.000007, 0.000107, 0.000129
138, 0.000000, 0.004851, 0.000016, 0.000007, 0.000108, 0.000132
138, 0.000000, 0.007477, 0.000025, 0.000013, 0.000172, 0.000231
138, 0.000000, 0.007521, 0.000026, 0.000013, 0.000173, 0.000233
138, 0.000000, 0.008770, 0.000036, 0.000021, 0.000220, 0.000332
138, 0.000000, 0.008795, 0.000036, 0.000021, 0.000220, 0.000333
138, 0.000000, 0.012500, 0.000051, 0.000030, 0.000305, 0.000480
138, 0.000000, 0.012483, 0.000051, 0.000030, 0.000305, 0.000482
138, 0.000000, 0.013221, 0.000056, 0.000037, 0.000329, 0.000523
138, 0.000000, 0.013242, 0.000056, 0.000037, 0.000330, 0.000523
138, 0.000000, 0.015532, 0.000066, 0.000045, 0.000376, 0.000622
138, 0.000000, 0.015525, 0.000067, 0.000045, 0.000376, 0.000623
138, 0.000000, 0.017091, 0.000071, 0.000046, 0.000406, 0.000647
138, 0.000000, 0.017135, 0.000071, 0.000046, 0.000407, 0.000648
138, 0.000000, 111.251175, 0.463611, 0.245963, 2.687481, 4.603337
138, 0.000000, 111.251221, 0.463611, 0.245963, 2.687481, 4.603338
138, 0.000000, 111.248840, 0.463610, 0.245963, 2.687449, 4.603332
138, 0.000000, 111.248856, 0.463610, 0.245963, 2.687449, 4.603332
138, 0.000000, 111.247314, 0.463608, 0.245963, 2.687431, 4.603327
138, 0.000000, 111.247337, 0.463608, 0.245963, 2.687431, 4.603327
138, 0.000000, 111.246986, 0.463610, 0.245964, 2.687428, 4.603328
138, 0.000000, 111.247025, 0.463610, 0.245964, 2.687429, 4.603328
138, 0.000000, 111.248047, 0.463610, 0.245964, 2.687443, 4.603328
138, 0.000000, 111.248085, 0.463610, 0.245964, 2.687443, 4.603328
138, 0.000000, 111.248566, 0.463610, 0.245964, 2.687447, 4.603328
138, 0.000000, 111.248589, 0.463610, 0.245964, 2.687447, 4.603327
138, 0.000000, 111.248413, 0.463609, 0.245963, 2.687448, 4.603334
138, 0.000000, 111.248436, 0.463609, 0.245963, 2.687448, 4.603334
138, 0.000000, 111.248833, 0.463610, 0.245963, 2.687456, 4.603335
138, 0.000000, 111.248878, 0.463610, 0.245963, 2.687456, 4.603335
138, 0.000000, 111.249359, 0.463609, 0.245964, 2.687466, 4.603339
139, 0.000000, 0.000358, 0.000001, 0.000001, 0.000007, 0.000012
139, 0.000000, 0.006560, 0.000025, 0.000017, 0.000152, 0.000239
139, 0.000000, 0.006584, 0.000025, 0.000017, 0.000152, 0.000240
139, 0.000000, 0.016933, 0.000061, 0.000035, 0.000393, 0.000554
139, 0.000000, 0.016917, 0.000062, 0.000036, 0.000393, 0.000555
139, 0.000000, 0.020554, 0.000069, 0.000038, 0.000462, 0.000628
139, 0.000000, 0.020558, 0.000069, 0.000038, 0.000462, 0.000628
139, 0.000000, 0.021508, 0.000071, 0.000039, 0.000485, 0.000655
139, 0.000000, 0.021507, 0.000071, 0.000039, 0.000485, 0.000655
139, 0.000000, 0.021832, 0.000077, 0.000042, 0.000498, 0.000693
139, 0.000000, 0.021851, 0.000077, 0.000042, 0.000498, 0.000694
139, 0.000000, 0.021744, 0.000080, 0.000043, 0.000501, 0.000710
139, 0.000000, 0.021742, 0.000080, 0.000043, 0.000501, 0.000711
139, 0.000000, 92.147484, 0.390041, 0.166571, 2.361828, 3.000600
139, 0.000000, 92.147499, 0.390041, 0.166571, 2.361829, 3.000600
139, 0.000000, 92.147682, 0.390041, 0.166570, 2.361832, 3.000599
139, 0.000000, 92.147682, 0.390041, 0.166570, 2.361832, 3.000600
139, 0.000000, 92.147629, 0.390041, 0.166566, 2.361821, 3.000581
139, 0.000000, 92.147629, 0.390041, 0.166566, 2.361821, 3.000581
139, 0.000000, 92.147469, 0.390041, 0.166561, 2.361819, 3.000575
139, 0.000000, 92.147484, 0.390041, 0.166561, 2.361819, 3.000575
139, 0.000000, 92.146179, 0.390043, 0.166563, 2.361803, 3.000583
139, 0.000000, 92.146179, 0.390043, 0.166563, 2.361803, 3.000583
139, 0.000000, 92.146919, 0.390043, 0.166562, 2.361807, 3.000582
139, 0.000000, 92.146896, 0.390043, 0.166562, 2.361807, 3.000582
139, 0.000000, 92.147545, 0.390040, 0.166560, 2.361813, 3.000584
139, 0.000000, 92.147537, 0.390040, 0.166560, 2.361813, 3.000584
139, 0.000000, 92.147598, 0.390040, 0.166559, 2.361809, 3.000583
139, 0.000000, 92.147583, 0.390040, 0.166559, 2.361808, 3.000583
139, 0.000000, 92.146927, 0.390040, 0.166559, 2.361796, 3.000587
139, 0.000000, 92.146935, 0.390040, 0.166559, 2.361796, 3.000587
139, 0.000000, 92.146103, 0.390039, 0.166559, 2.361780, 3.000586
140, 0.000000, 0.000309, 0.000002, 0.000002, 0.000008, 0.000015
140, 0.000000, 0.007568, 0.000026, 0.000015, 0.000174, 0.000248
140, 0.000000, 0.007514, 0.000026, 0.000015, 0.000174, 0.000248
140, 0.000000, 0.012601, 0.000043, 0.000021, 0.000274, 0.000384
140, 0.000000, 0.012568, 0.000043, 0.000021, 0.000273, 0.000385
140, 0.000000, 0.012425, 0.000044, 0.000022, 0.000275, 0.000393
140, 0.000000, 0.012417, 0.000044, 0.000022, 0.000275, 0.000393
140, 0.000000, 0.016492, 0.000053, 0.000028, 0.000358, 0.000471
140, 0.000000, 0.016508, 0.000053, 0.000028, 0.000358, 0.000471
140, 0.000000, 0.021861, 0.000077, 0.000043, 0.000496, 0.000690
140, 0.000000, 0.021894, 0.000077, 0.000043, 0.000497, 0.000691
140, 0.000001, 7772.217773, 26.677215, 14.541842, 176.769486, 188.826476
140, 0.000001, 7772.217773, 26.677215, 14.541842, 176.769480, 188.826476
140, 0.000001, 7772.218262, 26.677213, 14.541844, 176.769489, 188.826477
140, 0.000001, 7772.218262, 26.677213, 14.541844, 176.769489, 188.826476
140, 0.000001, 7772.218750, 26.677213, 14.541846, 176.769506, 188.826476
140, 0.000001, 7772.218750, 26.677213, 14.541846, 176.769506, 188.826476
140, 0.000001, 7772.219727, 26.677213, 14.541846, 176.769518, 188.826480
140, 0.000001, 7772.219727, 26.677213, 14.541846, 176.769518, 188.826481
140, 0.000001, 7772.221191, 26.677214, 14.541847, 176.769530, 188.826477
140, 0.000001, 7772.221191, 26.677214, 14.541847, 176.769528, 188.826475
140, 0.000001, 7772.219238, 26.677214, 14.541848, 176.769506, 188.826474
140, 0.000001, 7772.219238, 26.677214, 14.541848, 176.769505, 188.826476
140, 0.000001, 7772.219727, 26.677213, 14.541846, 176.769511, 188.826474
140, 0.000001, 7772.219727, 26.677213, 14.541846, 176.769511, 188.826473
140, 0.000001, 7772.219238, 26.677214, 14.541848, 176.769508, 188.826475
140, 0.000001, 7772.219727, 26.677214, 14.541847, 176.769514, 188.826475
140, 0.000001, 7772.220215, 26.677214, 14.541847, 176.769527, 188.826480
140, 0.000001, 7772.220703, 26.677214, 14.541847, 176.769532, 188.826479
140, 0.000001, 7772.220703, 26.677212, 14.541847, 176.769531, 188.826479
140, 0.000001, 7772.220703, 26.677213, 14.541847, 176.769529, 188.826479
140, 0.000001, 7772.220703, 26.677212, 14.541847, 176.769526, 188.826482
141, 0.000000, 0.000365, 0.000005, 0.000005, 0.000011, 0.000022
141, 0.000000, 0.005678, 0.000024, 0.000015, 0.000137, 0.000195
141, 0.000000, 0.005691, 0.000024, 0.000015, 0.000137, 0.000195
141, 0.000000, 0.008990, 0.000033, 0.000018, 0.000203, 0.000273
141, 0.000000, 0.009003, 0.000033, 0.000018, 0.000203, 0.000273
141, 0.000000, 0.010410, 0.000043, 0.000024, 0.000250, 0.000374
141, 0.000000, 0.010461, 0.000043, 0.000024, 0.000251, 0.000374
141, 0.000000, 0.012603, 0.000062, 0.000036, 0.000323, 0.000551
141, 0.000000, 0.012649, 0.000062, 0.000037, 0.000324, 0.000552
141, 0.000000, 0.013124, 0.000065, 0.000039, 0.000340, 0.000569
141, 0.000000, 0.013157, 0.000065, 0.000040, 0.000341, 0.000570
141, 0.000000, 0.014070, 0.000067, 0.000039, 0.000356, 0.000593
141, 0.000000, 0.014135, 0.000067, 0.000039, 0.000357, 0.000593
141, 0.000000, 0.016128, 0.000071, 0.000040, 0.000397, 0.000645
141, 0.000000, 0.016191, 0.000071, 0.000040, 0.000398, 0.000645
141, 0.000000, 0.019517, 0.000082, 0.000048, 0.000478, 0.000744
141, 0.000000, 0.019580, 0.000083, 0.000049, 0.000480, 0.000744
141, 0.000000, 0.020007, 0.000086, 0.000052, 0.000494, 0.000764
141, 0.000000, 0.020106, 0.000086, 0.000052, 0.000495, 0.000764
141, 0.000000, 0.019882, 0.000088, 0.000053, 0.000492, 0.000774
141, 0.000000, 0.019947, 0.000088, 0.000053, 0.000493, 0.000775
141, 0.000000, 0.021397, 0.000089, 0.000054, 0.000517, 0.000801
141, 0.000000, 0.021451, 0.000089, 0.000054, 0.000518, 0.000801
141, 0.000000, 0.021635, 0.000095, 0.000058, 0.000532, 0.000834
141, 0.000000, 0.021722, 0.000096, 0.000059, 0.000534, 0.000835
141, 0.000000, 0.023317, 0.000096, 0.000059, 0.000556, 0.000853
141, 0.000000, 0.023389, 0.000097, 0.000059, 0.000558, 0.000854
141, 0.000000, 0.025016, 0.000104, 0.000062, 0.000595, 0.000909
141, 0.000000, 0.025134, 0.000104, 0.000062, 0.000597, 0.000909
141, 0.000000, 0.027423, 0.000107, 0.000065, 0.000635, 0.000954
141, 0.000000, 0.027491, 0.000107, 0.000065, 0.000636, 0.000955
141, 0.000000, 0.026440, 0.000110, 0.000065, 0.000629, 0.000977
142, 0.000000, 0.000374, 0.000002, 0.000002, 0.000009, 0.000019
142, 0.000000, 0.008682, 0.000043, 0.000024, 0.000212, 0.000354
142, 0.000000, 0.008686, 0.000042, 0.000024, 0.000212, 0.000353
142, 0.000000, 0.029610, 0.000107, 0.000056, 0.000648, 0.000920
142, 0.000000, 0.029611, 0.000107, 0.000056, 0.000648, 0.000920
142, 0.000000, 0.031227, 0.000117, 0.000059, 0.000676, 0.000972
142, 0.000000, 0.031240, 0.000117, 0.000059, 0.000676, 0.000972
142, 0.000000, 0.031993, 0.000122, 0.000060, 0.000688, 0.000984
142, 0.000000, 0.032010, 0.000122, 0.000060, 0.000689, 0.000984
142, 0.000000, 0.032469, 0.000122, 0.000061, 0.000702, 0.001005
142, 0.000000, 0.032536, 0.000122, 0.000061, 0.000703, 0.001006
142, 0.000000, 0.034497, 0.000122, 0.000063, 0.000743, 0.001030
142, 0.000000, 0.034549, 0.000122, 0.000063, 0.000744, 0.001031
142, 0.000000, 0.034785, 0.000127, 0.000067, 0.000756, 0.001071
142, 0.000000, 0.034824, 0.000127, 0.000067, 0.000757, 0.001071
142, 0.000000, 0.033928, 0.000130, 0.000068, 0.000758, 0.001099
142, 0.000000, 0.034006, 0.000130, 0.000068, 0.000759, 0.001099
142, 0.000000, 0.034596, 0.000131, 0.000069, 0.000772, 0.001114
142, 0.000000, 0.034663, 0.000132, 0.000069, 0.000773, 0.001114
142, 0.000000, 0.034587, 0.000134, 0.000070, 0.000775, 0.001121
142, 0.000000, 0.034646, 0.000134, 0.000070, 0.000776, 0.001121
142, 0.000000, 0.040456, 0.000147, 0.000077, 0.000874, 0.001193
142, 0.000000, 0.040502, 0.000147, 0.000077, 0.000875, 0.001194
142, 0.000000, 0.041773, 0.000152, 0.000086, 0.000927, 0.001286
142, 0.000000, 0.041849, 0.000152, 0.000086, 0.000928, 0.001286
142, 0.000000, 0.043080, 0.000156, 0.000088, 0.000955, 0.001311
142, 0.000000, 0.043152, 0.000156, 0.000089, 0.000956, 0.001311
142, 0.000000, 0.042621, 0.000156, 0.000089, 0.000955, 0.001331
142, 0.000000, 0.042693, 0.000156, 0.000089, 0.000957, 0.001332
142, 0.000000, 0.042525, 0.000163, 0.000097, 0.000973, 0.001426
142, 0.000000, 0.042551, 0.000163, 0.000097, 0.000974, 0.001426
142, 0.000000, 0.043220, 0.000165, 0.000096, 0.000987, 0.001442
143, 0.000000, 0.000347, 0.000002, 0.000001, 0.000007, 0.000014
143, 0.000000, 0.005300, 0.000025, 0.000015, 0.000132, 0.000216
143, 0.000000, 0.005353, 0.000025, 0.000015, 0.000133, 0.000217
143, 0.000000, 0.007185, 0.000031, 0.000019, 0.000176, 0.000272
143, 0.000000, 0.007238, 0.000031, 0.000019, 0.000177, 0.000274
143, 0.000000, 0.015710, 0.000058, 0.000034, 0.000369, 0.000549
143, 0.000000, 0.015729, 0.000058, 0.000034, 0.000369, 0.000549
143, 0.000000, 0.016574, 0.000060, 0.000036, 0.000383, 0.000563
143, 0.000000, 0.016609, 0.000060, 0.000036, 0.000384, 0.000564
143, 0.000000, 0.017942, 0.000063, 0.000039, 0.000409, 0.000587
143, 0.000000, 0.017964, 0.000064, 0.000039, 0.000409, 0.000588
143, 0.000000, 0.020053, 0.000085, 0.000046, 0.000489, 0.000754
143, 0.000000, 0.020125, 0.000085, 0.000046, 0.000490, 0.000754
143, 0.000000, 0.021441, 0.000092, 0.000048, 0.000526, 0.000800
143, 0.000000, 0.021467, 0.000092, 0.000048, 0.000526, 0.000801
143, 0.000000, 0.023291, 0.000102, 0.000055, 0.000574, 0.000904
143, 0.000000, 0.023342, 0.000102, 0.000055, 0.000575, 0.000904
143, 0.000000, 0.026041, 0.000111, 0.000061, 0.000642, 0.001005
143, 0.000000, 0.026057, 0.000112, 0.000061, 0.000643, 0.001006
143, 0.000000, 0.027389, 0.000115, 0.000064, 0.000677, 0.001070
143, 0.000000, 0.027442, 0.000115, 0.000064, 0.000678, 0.001070
143, 168202.359375, 181426465013760.000000, 757013068514.232544, 472939923793.317627, 4552258195627.670898, 7386677407906.980469
143, 168202.359375, 181426465013760.000000, 757013068514.232544, 472939923793.317627, 4552258195627.670898, 7386677407906.980469
143, 168202.359375, 181426465013760.000000, 757013068514.232544, 472939923793.317627, 4552258195627.670898, 7386677407906.980469
143, 168202.359375, 181426465013760.000000, 757013068514.232544, 472939923793.317627, 4552258195627.670898, 7386677407906.980469
143, 168202.359375, 181426465013760.000000, 757013068514.232544, 472939923793.317627, 4552258195627.670898, 7386677407906.980469
143, 168202.359375, 181426465013760.000000, 757013068514.232544, 472939923793.317627, 4552258195627.670898, 7386677407906.980469
143, 168202.359375, 181426465013760.000000, 757013068514.232544, 472939923793.317627, 4552258195627.670898, 7386677407906.980469
143, 168202.359375, 181426465013760.000000, 757013068514.232544, 472939923793.317627, 4552258195627.670898, 7386677407906.980469
143, 168202.359375, 181426465013760.000000, 757013068514.232544, 472939923793.317627, 4552258195627.670898, 7386677407906.980469
143, 168202.359375, 181426465013760.000000, 757013068514.232544, 472939923793.317627, 4552258195627.670898, 7386677407906.980469
143, 168202.359375, 181426465013760.000000, 757013068514.232544, 472939923793.317627, 4552258195627.670898, 7386677407906.980469
144, 0.000000, 0.000350, 0.000002, 0.000002, 0.000008, 0.000018
144, 0.000000, 0.006042, 0.000028, 0.000017, 0.000148, 0.000254
144, 0.000000, 0.006015, 0.000028, 0.000017, 0.000149, 0.000255
144, 0.000000, 0.010701, 0.000045, 0.000023, 0.000259, 0.000405
144, 0.000000, 0.010678, 0.000045, 0.000023, 0.000259, 0.000405
144, 0.000000, 0.012548, 0.000054, 0.000031, 0.000302, 0.000470
144, 0.000000, 0.012563, 0.000054, 0.000031, 0.000302, 0.000471
144, 0.000000, 0.016919, 0.000070, 0.000041, 0.000416, 0.000623
144, 0.000000, 0.016966, 0.000070, 0.000041, 0.000417, 0.000624
144, 0.000000, 0.021927, 0.000092, 0.000046, 0.000550, 0.000793
144, 0.000000, 0.021989, 0.000092, 0.000046, 0.000551, 0.000793
144, 0.000000, 0.022469, 0.000093, 0.000046, 0.000562, 0.000799
144, 0.000000, 0.022513, 0.000094, 0.000047, 0.000562, 0.000800
144, 0.000000, 0.023489, 0.000105, 0.000051, 0.000591, 0.000911
144, 0.000000, 0.023546, 0.000105, 0.000051, 0.000591, 0.000912
144, 0.000000, 0.024308, 0.000111, 0.000052, 0.000604, 0.000936
144, 0.000000, 0.024383, 0.000110, 0.000052, 0.000605, 0.000936
144, 0.000000, 0.026955, 0.000115, 0.000055, 0.000649, 0.000966
144, 0.000000, 0.027009, 0.000115, 0.000055, 0.000650, 0.000966
144, 0.000000, 0.027927, 0.000120, 0.000058, 0.000674, 0.000990
144, 0.000000, 0.027995, 0.000120, 0.000058, 0.000675, 0.000991
144, 0.000000, 0.029410, 0.000131, 0.000061, 0.000712, 0.001043
144, 0.000000, 0.029439, 0.000131, 0.000061, 0.000713, 0.001044
144, 0.000000, 0.032960, 0.000162, 0.000077, 0.000803, 0.001241
144, 0.000000, 0.032955, 0.000162, 0.000077, 0.000803, 0.001241
144, 0.000000, 0.033393, 0.000163, 0.000080, 0.000818, 0.001273
144, 0.000000, 0.033418, 0.000163, 0.000080, 0.000818, 0.001273
144, 0.000000, 0.035444, 0.000167, 0.000081, 0.000859, 0.001318
144, 0.000000, 0.035473, 0.000167, 0.000081, 0.000859, 0.001317
144, 0.000000, 0.046152, 0.000239, 0.000124, 0.001129, 0.001777
144, 0.000000, 0.046143, 0.000239, 0.000123, 0.001129, 0.001777
144, 0.000000, 0.047079, 0.000243, 0.000127, 0.001150, 0.001811
145, 0.000000, 0.000385, 0.000002, 0.000002, 0.000009, 0.000019
145, 0.000000, 0.007389, 0.000034, 0.000018, 0.000177, 0.000279
145, 0.000000, 0.007424, 0.000034, 0.000019, 0.000179, 0.000280
145, 0.000000, 0.010127, 0.000041, 0.000024, 0.000231, 0.000349
145, 0.000000, 0.010170, 0.000041, 0.000025, 0.000232, 0.000350
145, 0.000000, 0.011286, 0.000051, 0.000030, 0.000263, 0.000414
145, 0.000000, 0.011362, 0.000051, 0.000030, 0.000264, 0.000414
145, 0.000000, 0.013082, 0.000055, 0.000033, 0.000308, 0.000464
145, 0.000000, 0.013142, 0.000055, 0.000033, 0.000309, 0.000465
145, 0.000000, 0.015767, 0.000068, 0.000041, 0.000374, 0.000583
145, 0.000000, 0.015786, 0.000068, 0.000042, 0.000375, 0.000584
145, 0.000000, 0.016415, 0.000071, 0.000044, 0.000395, 0.000618
145, 0.000000, 0.016448, 0.000072, 0.000045, 0.000395, 0.000618
145, 0.000000, 0.024354, 0.000093, 0.000049, 0.000560, 0.000764
145, 0.000000, 0.024437, 0.000094, 0.000049, 0.000561, 0.000765
145, 0.000000, 0.032010, 0.000135, 0.000086, 0.000742, 0.001051
145, 0.000000, 0.032043, 0.000135, 0.000086, 0.000742, 0.001052
145, 0.000000, 0.032148, 0.000137, 0.000087, 0.000751, 0.001065
145, 0.000000, 0.032213, 0.000137, 0.000087, 0.000752, 0.001065
145, 0.000000, 0.038806, 0.000159, 0.000096, 0.000883, 0.001251
145, 0.000000, 0.038881, 0.000159, 0.000096, 0.000884, 0.001253
145, 0.000000, 0.039034, 0.000161, 0.000098, 0.000890, 0.001266
145, 0.000000, 0.039117, 0.000161, 0.000098, 0.000891, 0.001265
145, 0.000000, 0.041124, 0.000182, 0.000112, 0.000956, 0.001421
145, 0.000000, 0.041199, 0.000182, 0.000112, 0.000957, 0.001420
145, 0.000000, 0.042048, 0.000183, 0.000110, 0.000967, 0.001436
145, 0.000000, 0.042094, 0.000183, 0.000110, 0.000968, 0.001436
145, 0.000000, 0.043083, 0.000184, 0.000111, 0.000990, 0.001449
145, 0.000000, 0.043190, 0.000184, 0.000111, 0.000991, 0.001449
145, 0.000000, 0.043078, 0.000184, 0.000111, 0.000993, 0.001461
145, 0.000000, 0.043123, 0.000184, 0.000111, 0.000994, 0.001461
145, 0.000000, 0.043896, 0.000185, 0.000111, 0.001009, 0.001465
146, 0.000000, 0.000357, 0.000002, 0.000002, 0.000008, 0.000020
146, 0.000000, 0.046936, 0.000195, 0.000124, 0.001151, 0.001641
146, 0.000000, 0.046931, 0.000196, 0.000124, 0.001152, 0.001642
146, 0.000002, 1407.890503, 6.114389, 2.864111, 32.549397, 44.094397
146, 0.000002, 1407.890381, 6.114389, 2.864111, 32.549396, 44.094396
146, 0.000002, 1407.890137, 6.114386, 2.864112, 32.549398, 44.094401
146, 0.000002, 1407.890015, 6.114386, 2.864112, 32.549397, 44.094402
146, 0.000002, 1407.889893, 6.114382, 2.864113, 32.549389, 44.094396
146, 0.000002, 1407.889893, 6.114382, 2.864113, 32.549389, 44.094396
146, 0.000002, 1407.889404, 6.114384, 2.864111, 32.549382, 44.094398
146, 0.000002, 1407.889282, 6.114383, 2.864111, 32.549380, 44.094398
146, 0.000002, 1407.888672, 6.114381, 2.864108, 32.549367, 44.094388
146, 0.000002, 1407.888672, 6.114381, 2.864108, 32.549367, 44.094390
146, 0.000002, 1407.888672, 6.114379, 2.864109, 32.549369, 44.094384
146, 0.000002, 1407.888672, 6.114379, 2.864109, 32.549369, 44.094383
146, 0.000002, 1407.588135, 6.108548, 2.858913, 32.543208, 44.100054
146, 0.000002, 1407.588013, 6.108548, 2.858913, 32.543207, 44.100054
146, 0.000002, 1407.587524, 6.108546, 2.858912, 32.543202, 44.100051
146, 0.000002, 1407.587524, 6.108547, 2.858912, 32.543201, 44.100050
146, 0.000002, 1407.588013, 6.108548, 2.858911, 32.543210, 44.100048
146, 0.000002, 1407.588013, 6.108548, 2.858911, 32.543210, 44.100048
146, 0.000002, 1407.587891, 6.108548, 2.858911, 32.543209, 44.100041
146, 0.000002, 1407.587891, 6.108548, 2.858911, 32.543209, 44.100041
146, 0.000002, 1407.588379, 6.108550, 2.858910, 32.543215, 44.100042
146, 0.000002, 1407.588379, 6.108550, 2.858910, 32.543215, 44.100043
146, 0.000002, 1407.587402, 6.108549, 2.858909, 32.543201, 44.100038
146, 0.000002, 1407.587280, 6.108549, 2.858908, 32.543200, 44.100039
146, 0.000002, 1407.583374, 6.108541, 2.858907, 32.543146, 44.100033
146, 0.000002, 1407.583252, 6.108541, 2.858907, 32.543144, 44.100034
146, 0.000002, 1407.479980, 6.108705, 2.858957, 32.541966, 44.098572
146, 0.000002, 1407.479980, 6.108705, 2.858957, 32.541967, 44.098573
146, 0.000002, 1407.480713, 6.108704, 2.858957, 32.541974, 44.098573
147, 0.000000, 0.000321, 0.000002, 0.000002, 0.000007, 0.000013
147, 0.000000, 0.008356, 0.000031, 0.000015, 0.000187, 0.000235
147, 0.000000, 0.008356, 0.000032, 0.000015, 0.000187, 0.000237
147, 0.000000, 0.010250, 0.000038, 0.000019, 0.000225, 0.000297
147, 0.000000, 0.010285, 0.000038, 0.000019, 0.000225, 0.000298
147, 0.000000, 0.011706, 0.000046, 0.000027, 0.000272, 0.000375
147, 0.000000, 0.011708, 0.000046, 0.000028, 0.000273, 0.000375
147, 0.000000, 0.014361, 0.000054, 0.000031, 0.000332, 0.000447
147, 0.000000, 0.014359, 0.000054, 0.000032, 0.000332, 0.000448
147, 0.000000, 0.014992, 0.000056, 0.000032, 0.000344, 0.000462
147, 0.000000, 0.015003, 0.000056, 0.000032, 0.000344, 0.000462
147, 0.000000, 0.017979, 0.000088, 0.000043, 0.000435, 0.000683
147, 0.000000, 0.017981, 0.000088, 0.000043, 0.000436, 0.000684
147, 0.000000, 0.020249, 0.000093, 0.000047, 0.000480, 0.000723
147, 0.000000, 0.020251, 0.000093, 0.000047, 0.000481, 0.000724
147, 0.000000, 0.020776, 0.000094, 0.000048, 0.000488, 0.000745
147, 0.000000, 0.020795, 0.000094, 0.000048, 0.000489, 0.000745
147, 0.000000, 0.022249, 0.000096, 0.000048, 0.000513, 0.000761
147, 0.000000, 0.022239, 0.000096, 0.000048, 0.000513, 0.000762
147, 0.000000, 0.022732, 0.000098, 0.000048, 0.000535, 0.000793
147, 0.000000, 0.022734, 0.000098, 0.000048, 0.000536, 0.000792
147, 0.000000, 0.023059, 0.000099, 0.000048, 0.000546, 0.000803
147, 0.000000, 0.023070, 0.000098, 0.000048, 0.000545, 0.000803
147, 0.000000, 0.024099, 0.000109, 0.000054, 0.000586, 0.000875
147, 0.000000, 0.024108, 0.000109, 0.000054, 0.000586, 0.000875
147, 0.000000, 0.025458, 0.000109, 0.000054, 0.000616, 0.000895
147, 0.000000, 0.025474, 0.000109, 0.000054, 0.000617, 0.000896
147, 0.000000, 0.024571, 0.000111, 0.000055, 0.000608, 0.000917
147, 0.000000, 0.024556, 0.000111, 0.000055, 0.000607, 0.000917
147, 0.000000, 0.026999, 0.000117, 0.000060, 0.000661, 0.000952
147, 0.000000, 0.027018, 0.000117, 0.000060, 0.000661, 0.000953
147, 0.000000, 0.027559, 0.000120, 0.000061, 0.000676, 0.000965
148, 0.000000, 0.000345, 0.000001, 0.000001, 0.000008, 0.000014
148, 0.000000, 0.007770, 0.000035, 0.000017, 0.000191, 0.000310
148, 0.000000, 0.007792, 0.000035, 0.000017, 0.000192, 0.000311
148, 0.000000, 0.012025, 0.000057, 0.000029, 0.000294, 0.000488
148, 0.000000, 0.012072, 0.000057, 0.000029, 0.000295, 0.000488
148, 0.000000, 139.024643, 0.503517, 0.264397, 2.997227, 4.452924
148, 0.000000, 139.024567, 0.503517, 0.264397, 2.997226, 4.452924
148, 0.000000, 139.024933, 0.503515, 0.264396, 2.997231, 4.452928
148, 0.000000, 139.024872, 0.503514, 0.264396, 2.997230, 4.452927
148, 0.000000, 139.025208, 0.503518, 0.264397, 2.997234, 4.452929
148, 0.000000, 139.025146, 0.503518, 0.264397, 2.997234, 4.452929
148, 0.000000, 139.024368, 0.503517, 0.264396, 2.997222, 4.452930
148, 0.000000, 139.024338, 0.503517, 0.264396, 2.997222, 4.452930
148, 0.000000, 139.024231, 0.503516, 0.264398, 2.997226, 4.452933
148, 0.000000, 139.024170, 0.503516, 0.264398, 2.997225, 4.452933
148, 0.000000, 139.024124, 0.503514, 0.264399, 2.997227, 4.452932
148, 0.000000, 139.024033, 0.503514, 0.264399, 2.997226, 4.452932
148, 0.000000, 139.024612, 0.503512, 0.264399, 2.997237, 4.452925
148, 0.000000, 139.024567, 0.503512, 0.264399, 2.997236, 4.452925
148, 0.000000, 139.026688, 0.503515, 0.264404, 2.997273, 4.452928
148, 0.000000, 139.026642, 0.503515, 0.264404, 2.997273, 4.452928
148, 0.000000, 139.027008, 0.503515, 0.264405, 2.997282, 4.452929
148, 0.000000, 139.026962, 0.503516, 0.264405, 2.997281, 4.452929
148, 0.000000, 139.027695, 0.503515, 0.264403, 2.997288, 4.452926
148, 0.000000, 139.027679, 0.503515, 0.264403, 2.997288, 4.452926
148, 0.000000, 139.028229, 0.503513, 0.264397, 2.997284, 4.452918
148, 0.000000, 139.028152, 0.503513, 0.264397, 2.997283, 4.452918
148, 0.000000, 139.028091, 0.503512, 0.264396, 2.997280, 4.452921
148, 0.000000, 139.028046, 0.503513, 0.264396, 2.997279, 4.452920
148, 0.000000, 139.026749, 0.503515, 0.264409, 2.997285, 4.452938
148, 0.000000, 139.026703, 0.503515, 0.264409, 2.997285, 4.452938
148, 0.000000, 139.025848, 0.503514, 0.264407, 2.997270, 4.452936
149, 0.000000, 0.000381, 0.000001, 0.000001, 0.000008, 0.000014
149, 0.000000, 0.008738, 0.000036, 0.000024, 0.000211, 0.000325
149, 0.000000, 0.008738, 0.000036, 0.000024, 0.000212, 0.000325
149, 0.000000, 0.011171, 0.000042, 0.000027, 0.000252, 0.000369
149, 0.000000, 0.011117, 0.000042, 0.000028, 0.000253, 0.000370
149, 0.000000, 0.015256, 0.000060, 0.000045, 0.000356, 0.000619
149, 0.000000, 0.015292, 0.000061, 0.000045, 0.000356, 0.000619
149, 0.000000, 0.024423, 0.000087, 0.000053, 0.000540, 0.000781
149, 0.000000, 0.024430, 0.000087, 0.000053, 0.000540, 0.000781
149, 0.000000, 0.026317, 0.000092, 0.000055, 0.000572, 0.000809
149, 0.000000, 0.026299, 0.000092, 0.000055, 0.000572, 0.000809
149, 0.000000, 0.031219, 0.000104, 0.000060, 0.000656, 0.000890
149, 0.000000, 0.031199, 0.000104, 0.000060, 0.000656, 0.000891
149, 0.000000, 0.031617, 0.000106, 0.000060, 0.000667, 0.000904
149, 0.000000, 0.031616, 0.000106, 0.000060, 0.000668, 0.000904
149, 0.000000, 0.033799, 0.000116, 0.000070, 0.000723, 0.001009
149, 0.000000, 0.033829, 0.000116, 0.000070, 0.000723, 0.001008
149, 0.000000, 0.033143, 0.000115, 0.000070, 0.000717, 0.001015
149, 0.000000, 0.033149, 0.000115, 0.000070, 0.000717, 0.001015
149, 0.000000, 0.034733, 0.000116, 0.000072, 0.000744, 0.001043
149, 0.000000, 0.034762, 0.000117, 0.000072, 0.000744, 0.001043
149, 0.000879, 396471.000000, 1466.688860, 1117.899965, 8919.623348, 13568.504815
149, 0.000879, 396471.000000, 1466.688860, 1117.899965, 8919.623348, 13568.504815
149, 0.000879, 396471.000000, 1466.688864, 1117.899966, 8919.623402, 13568.504815
149, 0.000879, 396471.000000, 1466.688864, 1117.899966, 8919.623402, 13568.504815
149, 0.000879, 396471.000000, 1466.688872, 1117.899962, 8919.623395, 13568.504813
149, 0.000879, 396471.000000, 1466.688872, 1117.899962, 8919.623395, 13568.504813
149, 0.000879, 396471.000000, 1466.688860, 1117.899963, 8919.623390, 13568.504814
149, 0.000879, 396471.000000, 1466.688860, 1117.899963, 8919.623397, 13568.504814
149, 0.000879, 396471.000000, 1466.688863, 1117.899963, 8919.623395, 13568.504794
149, 0.000879, 396471.000000, 1466.688863, 1117.899963, 8919.623395, 13568.504794
149, 0.000879, 396471.000000, 1466.688863, 1117.899963, 8919.623391, 13568.504817
150, 0.000000, 0.000325, 0.000003, 0.000003, 0.000009, 0.000015
150, 0.000000, 0.007252, 0.000033, 0.000016, 0.000176, 0.000266
150, 0.000000, 0.007339, 0.000033, 0.000017, 0.000178, 0.000266
150, 0.000000, 0.010571, 0.000048, 0.000025, 0.000254, 0.000424
150, 0.000000, 0.010605, 0.000048, 0.000025, 0.000255, 0.000424
150, 0.000000, 0.011143, 0.000051, 0.000027, 0.000266, 0.000443
150, 0.000000, 0.011177, 0.000051, 0.000027, 0.000266, 0.000444
150, 0.000000, 0.011294, 0.000052, 0.000027, 0.000276, 0.000460
150, 0.000000, 0.011343, 0.000052, 0.000027, 0.000277, 0.000461
150, 0.000000, 0.021317, 0.000075, 0.000031, 0.000476, 0.000569
150, 0.000000, 0.021313, 0.000075, 0.000031, 0.000476, 0.000569
150, 13.817251, 19297892352.000000, 66092924.049419, 22157931.191176, 424866287.509283, 444718784.932982
150, 13.817251, 19297892352.000000, 66092924.049419, 22157931.191176, 424866287.509283, 444718784.932982
150, 13.817251, 19297892352.000000, 66092924.049419, 22157931.191176, 424866287.509283, 444718784.932982
150, 13.817251, 19297892352.000000, 66092924.049419, 22157931.191176, 424866287.509283, 444718784.932982
150, 13.817251, 19297892352.000000, 66092924.049419, 22157931.191176, 424866287.509283, 444718784.932982
150, 13.817251, 19297892352.000000, 66092924.049419, 22157931.191176, 424866287.509283, 444718784.932982
150, 13.817251, 19297892352.000000, 66092924.049419, 22157931.191176, 424866287.509283, 444718784.932982
150, 13.817251, 19297892352.000000, 66092924.049419, 22157931.191176, 424866287.509283, 444718784.932982
150, 13.817251, 19297892352.000000, 66092924.049419, 22157931.191176, 424866287.509283, 444718784.932982
150, 13.817251, 19297892352.000000, 66092924.049419, 22157931.191176, 424866287.509283, 444718784.932982
150, 13.817251, 19297892352.000000, 66092924.049419, 22157931.191176, 424866287.509283, 444718784.932982
150, 13.817251, 19297892352.000000, 66092924.049419, 22157931.191176, 424866287.509283, 444718784.932982
150, 13.817251, 19297892352.000000, 66092924.049419, 22157931.191176, 424866287.509283, 444718784.932982
150, 13.817251, 19297892352.000000, 66092924.049419, 22157931.191176, 424866287.509283, 444718784.932982
150, 13.817251, 19297892352.000000, 66092924.049419, 22157931.191176, 424866287.509283, 444718784.932982
150, 13.817251, 19297892352.000000, 66092924.049419, 22157931.191176, 424866287.509283, 444718784.932982
150, 13.817251, 19297892352.000000, 66092924.049419, 22157931.191176, 424866287.509283, 444718784.932982
150, 13.817251, 19297892352.000000, 66092924.049419, 22157931.191176, 424866287.509283, 444718784.932982
150, 13.817251, 19297892352.000000, 66092924.049419, 22157931.191176, 424866287.509283, 444718784.932982
150, 13.817251, 19297892352.000000, 66092924.049419, 22157931.191176, 424866287.509283, 444718784.932982
150, 13.817251, 19297892352.000000, 66092924.049419, 22157931.191176, 424866287.509283, 444718784.932982
151, 0.000000, 0.000368, 0.000003, 0.000003, 0.000010, 0.000019
151, 0.000000, 0.006345, 0.000026, 0.000018, 0.000147, 0.000228
151, 0.000000, 0.006408, 0.000026, 0.000018, 0.000148, 0.000228
151, 0.000000, 0.010067, 0.000039, 0.000023, 0.000235, 0.000346
151, 0.000000, 0.010121, 0.000039, 0.000023, 0.000236, 0.000346
151, 0.000000, 0.011645, 0.000042, 0.000024, 0.000265, 0.000371
151, 0.000000, 0.011729, 0.000042, 0.000024, 0.000266, 0.000372
151, 0.000000, 0.014567, 0.000051, 0.000030, 0.000326, 0.000459
151, 0.000000, 0.014576, 0.000051, 0.000030, 0.000327, 0.000460
151, 0.000000, 0.015428, 0.000057, 0.000034, 0.000350, 0.000520
151, 0.000000, 0.015486, 0.000057, 0.000034, 0.000350, 0.000521
151, 0.000000, 0.015077, 0.000061, 0.000035, 0.000353, 0.000546
151, 0.000000, 0.015121, 0.000061, 0.000036, 0.000354, 0.000547
151, 0.000000, 0.017600, 0.000072, 0.000043, 0.000414, 0.000625
151, 0.000000, 0.017702, 0.000072, 0.000043, 0.000415, 0.000625
151, 0.000000, 0.018132, 0.000075, 0.000045, 0.000426, 0.000642
151, 0.000000, 0.018244, 0.000075, 0.000045, 0.000428, 0.000644
151, 0.000000, 0.420907, 0.001935, 0.001029, 0.010544, 0.017243
151, 0.000000, 0.420926, 0.001935, 0.001029, 0.010544, 0.017244
151, 0.000000, 0.421522, 0.001934, 0.001027, 0.010549, 0.017247
151, 0.000000, 0.421525, 0.001934, 0.001028, 0.010549, 0.017248
151, 0.000000, 0.422016, 0.001937, 0.001030, 0.010553, 0.017248
151, 0.000000, 0.422027, 0.001937, 0.001030, 0.010554, 0.017248
151, 0.000000, 0.424213, 0.001937, 0.001028, 0.010584, 0.017236
151, 0.000000, 0.424239, 0.001937, 0.001028, 0.010585, 0.017236
151, 0.000000, 0.424029, 0.001937, 0.001028, 0.010583, 0.017237
151, 0.000000, 0.424027, 0.001937, 0.001028, 0.010583, 0.017237
151, 0.000000, 0.423189, 0.001935, 0.001027, 0.010568, 0.017236
151, 0.000000, 0.423209, 0.001935, 0.001027, 0.010569, 0.017236
151, 0.000000, 0.423100, 0.001933, 0.001025, 0.010567, 0.017238
151, 0.000000, 0.423134, 0.001933, 0.001025, 0.010568, 0.017238
151, 0.000000, 0.422978, 0.001934, 0.001029, 0.010566, 0.017240
152, 0.000000, 0.000318, 0.000002, 0.000002, 0.000007, 0.000012
152, 0.000000, 0.010363, 0.000044, 0.000025, 0.000245, 0.000373
152, 0.000000, 0.010397, 0.000044, 0.000025, 0.000245, 0.000373
152, 0.000000, 0.011580, 0.000052, 0.000029, 0.000278, 0.000437
152, 0.000000, 0.011578, 0.000052, 0.000029, 0.000278, 0.000437
152, 0.000000, 0.012567, 0.000055, 0.000031, 0.000304, 0.000480
152, 0.000000, 0.012608, 0.000055, 0.000031, 0.000304, 0.000481
152, 0.000000, 0.055160, 0.000216, 0.000120, 0.001281, 0.001829
152, 0.000000, 0.055212, 0.000216, 0.000119, 0.001281, 0.001828
152, 0.000000, 0.055763, 0.000217, 0.000121, 0.001289, 0.001837
152, 0.000000, 0.055836, 0.000217, 0.000120, 0.001290, 0.001836
152, 0.000000, 0.057971, 0.000225, 0.000133, 0.001327, 0.001860
152, 0.000000, 0.058061, 0.000225, 0.000133, 0.001328, 0.001860
152, 0.000000, 0.058635, 0.000227, 0.000136, 0.001339, 0.001875
152, 0.000000, 0.058726, 0.000227, 0.000134, 0.001339, 0.001875
152, 0.000000, 0.059238, 0.000228, 0.000135, 0.001350, 0.001885
152, 0.000000, 0.059322, 0.000228, 0.000135, 0.001351, 0.001885
152, 0.000000, 0.060780, 0.000231, 0.000137, 0.001377, 0.001899
152, 0.000000, 0.060862, 0.000231, 0.000138, 0.001379, 0.001899
152, 0.000000, 0.061967, 0.000234, 0.000139, 0.001400, 0.001909
152, 0.000000, 0.062009, 0.000234, 0.000139, 0.001401, 0.001909
152, 0.000000, 0.062668, 0.000235, 0.000139, 0.001410, 0.001941
152, 0.000000, 0.062772, 0.000235, 0.000139, 0.001411, 0.001941
152, 0.000000, 0.062308, 0.000235, 0.000140, 0.001409, 0.001950
152, 0.000000, 0.062392, 0.000235, 0.000141, 0.001410, 0.001950
152, 0.000000, 0.065015, 0.000246, 0.000134, 0.001460, 0.002002
152, 0.000000, 0.065062, 0.000246, 0.000135, 0.001461, 0.002003
152, 0.000000, 0.066009, 0.000249, 0.000136, 0.001478, 0.002016
152, 0.000000, 0.066102, 0.000249, 0.000136, 0.001479, 0.002016
152, 0.000000, 0.066616, 0.000254, 0.000138, 0.001502, 0.002057
152, 0.000000, 0.066708, 0.000254, 0.000138, 0.001503, 0.002057
152, 0.000000, 0.064620, 0.000258, 0.000141, 0.001492, 0.002108
153, 0.000000, 0.000332, 0.000001, 0.000001, 0.000007, 0.000013
153, 0.000000, 0.005798, 0.000021, 0.000011, 0.000130, 0.000191
153, 0.000000, 0.005843, 0.000021, 0.000011, 0.000130, 0.000192
153, 0.000000, 0.007969, 0.000030, 0.000018, 0.000184, 0.000263
153, 0.000000, 0.008066, 0.000029, 0.000018, 0.000185, 0.000263
153, 0.000000, 0.008570, 0.000036, 0.000020, 0.000204, 0.000318
153, 0.000000, 0.008658, 0.000036, 0.000020, 0.000205, 0.000318
153, 0.000000, 0.009341, 0.000040, 0.000022, 0.000220, 0.000341
153, 0.000000, 0.009418, 0.000041, 0.000022, 0.000221, 0.000341
153, 0.000000, 0.014789, 0.000061, 0.000036, 0.000357, 0.000475
153, 0.000000, 0.014859, 0.000061, 0.000036, 0.000358, 0.000476
153, 0.000000, 0.021985, 0.000092, 0.000045, 0.000515, 0.000716
153, 0.000000, 0.022032, 0.000092, 0.000045, 0.000515, 0.000717
153, 0.000000, 0.021197, 0.000094, 0.000050, 0.000507, 0.000738
153, 0.000000, 0.021246, 0.000094, 0.000050, 0.000508, 0.000738
153, 0.000000, 0.021130, 0.000094, 0.000052, 0.000518, 0.000769
153, 0.000000, 0.021187, 0.000094, 0.000052, 0.000519, 0.000769
153, 0.000000, 0.021804, 0.000095, 0.000054, 0.000537, 0.000779
153, 0.000000, 0.021888, 0.000095, 0.000055, 0.000539, 0.000781
153, 0.000000, 0.026412, 0.000109, 0.000061, 0.000640, 0.000951
153, 0.000000, 0.026450, 0.000110, 0.000061, 0.000641, 0.000953
153, 0.000000, 0.034947, 0.000136, 0.000076, 0.000834, 0.001177
153, 0.000000, 0.035010, 0.000137, 0.000076, 0.000835, 0.001177
153, 0.000000, 0.036030, 0.000144, 0.000081, 0.000859, 0.001218
153, 0.000000, 0.036066, 0.000144, 0.000081, 0.000859, 0.001219
153, 0.000000, 0.036100, 0.000148, 0.000079, 0.000860, 0.001232
153, 0.000000, 0.036124, 0.000148, 0.000079, 0.000860, 0.001232
153, 0.000000, 0.037178, 0.000152, 0.000080, 0.000882, 0.001251
153, 0.000000, 0.037229, 0.000153, 0.000080, 0.000883, 0.001251
153, 0.000000, 0.038232, 0.000152, 0.000082, 0.000908, 0.001287
153, 0.000000, 0.038304, 0.000152, 0.000082, 0.000909, 0.001287
153, 0.000000, 0.040035, 0.000154, 0.000082, 0.000943, 0.001311
154, 0.000000, 0.000346, 0.000004, 0.000003, 0.000008, 0.000017
154, 0.000000, 0.005870, 0.000026, 0.000013, 0.000140, 0.000208
154, 0.000000, 0.005901, 0.000025, 0.000013, 0.000140, 0.000208
154, 0.000000, 0.011953, 0.000048, 0.000028, 0.000283, 0.000449
154, 0.000000, 0.012059, 0.000048, 0.000028, 0.000285, 0.000450
154, 0.000000, 0.012754, 0.000052, 0.000029, 0.000301, 0.000471
154, 0.000000, 0.012827, 0.000053, 0.000030, 0.000302, 0.000472
154, 0.000000, 0.020241, 0.000094, 0.000049, 0.000492, 0.000681
154, 0.000000, 0.020350, 0.000094, 0.000049, 0.000494, 0.000681
154, 0.000000, 0.021503, 0.000097, 0.000051, 0.000519, 0.000702
154, 0.000000, 0.021610, 0.000097, 0.000051, 0.000521, 0.000703
154, 0.000000, 0.025520, 0.000111, 0.000060, 0.000612, 0.000908
154, 0.000000, 0.025634, 0.000111, 0.000061, 0.000614, 0.000909
154, 0.000000, 0.026360, 0.000116, 0.000068, 0.000636, 0.000946
154, 0.000000, 0.026445, 0.000116, 0.000068, 0.000638, 0.000947
154, 0.000000, 0.027007, 0.000117, 0.000068, 0.000652, 0.000954
154, 0.000000, 0.027115, 0.000117, 0.000068, 0.000654, 0.000954
154, 0.000000, 0.028049, 0.000120, 0.000070, 0.000673, 0.000971
154, 0.000000, 0.028151, 0.000120, 0.000070, 0.000675, 0.000972
154, 0.000000, 0.028094, 0.000123, 0.000073, 0.000676, 0.000984
154, 0.000000, 0.028181, 0.000123, 0.000073, 0.000677, 0.000985
154, 0.000000, 0.028308, 0.000124, 0.000074, 0.000680, 0.000993
154, 0.000000, 0.028383, 0.000124, 0.000074, 0.000682, 0.000995
154, 0.000000, 0.030427, 0.000139, 0.000089, 0.000748, 0.001106
154, 0.000000, 0.030517, 0.000139, 0.000090, 0.000750, 0.001107
154, 0.000000, 0.030698, 0.000142, 0.000094, 0.000762, 0.001134
154, 0.000000, 0.030765, 0.000142, 0.000094, 0.000763, 0.001135
154, 0.000000, 0.030980, 0.000144, 0.000095, 0.000770, 0.001148
154, 0.000000, 0.031071, 0.000143, 0.000095, 0.000771, 0.001148
154, 0.000000, 0.032546, 0.000147, 0.000096, 0.000790, 0.001165
154, 0.000000, 0.032670, 0.000147, 0.000096, 0.000791, 0.001166
154, 0.000000, 0.033388, 0.000148, 0.000096, 0.000801, 0.001184
155, 0.000000, 0.000356, 0.000002, 0.000002, 0.000009, 0.000022
155, 1.071157, 2711679488.000000, 12031394.621185, 8172313.418382, 65868150.599357, 97419004.270256
155, 1.071157, 2711679488.000000, 12031394.621185, 8172313.418382, 65868150.599357, 97419004.270256
155, 1.071157, 2711679488.000000, 12031394.621185, 8172313.418382, 65868150.599357, 97419004.270256
155, 1.071157, 2711679488.000000, 12031394.621185, 8172313.418382, 65868150.599357, 97419004.270256
155, 1.071157, 2711679488.000000, 12031394.621185, 8172313.418382, 65868150.599357, 97419004.270256
155, 1.071157, 2711679488.000000, 12031394.621185, 8172313.418382, 65868150.599357, 97419004.270256
155, 1.071157, 2711679488.000000, 12031394.621185, 8172313.418382, 65868150.599357, 97419004.270256
155, 1.071157, 2711679488.000000, 12031394.621185, 8172313.418382, 65868150.599357, 97419004.270256
155, 1.071157, 2711679488.000000, 12031394.621185, 8172313.418382, 65868150.599357, 97419004.270256
155, 1.071157, 2711679488.000000, 12031394.621185, 8172313.418382, 65868150.599357, 97419004.270256
155, 1.071157, 2711679488.000000, 12031394.621185, 8172313.418382, 65868150.599357, 97419004.270256
155, 1.071157, 2711679488.000000, 12031394.621185, 8172313.418382, 65868150.599357, 97419004.270256
155, 1.071157, 2711679488.000000, 12031394.621185, 8172313.418382, 65868150.599357, 97419004.270256
155, 1.071157, 2711679488.000000, 12031394.621185, 8172313.418382, 65868150.599357, 97419004.270256
155, 1.071157, 2711679488.000000, 12031394.621185, 8172313.418382, 65868150.599357, 97419004.270256
155, 1.071157, 2711679488.000000, 12031394.621185, 8172313.418382, 65868150.599357, 97419004.270256
155, 1.071157, 2711679488.000000, 12031394.621185, 8172313.418382, 65868150.599357, 97419004.270256
155, 1.071157, 2711679488.000000, 12031394.621185, 8172313.418382, 65868150.599357, 97419004.270256
155, 1.071157, 2711679488.000000, 12031394.621185, 8172313.418382, 65868150.599357, 97419004.270256
155, 1.071157, 2711679488.000000, 12031394.621185, 8172313.418382, 65868150.599357, 97419004.270256
155, 1.071157, 2711679488.000000, 12031394.621185, 8172313.418382, 65868150.599357, 97419004.270256
155, 1.071157, 2711679488.000000, 12031394.621185, 8172313.418382, 65868150.599357, 97419004.270256
155, 1.071157, 2711679488.000000, 12031394.621185, 8172313.418382, 65868150.599357, 97419004.270256
155, 1.071157, 2711679488.000000, 12031394.621185, 8172313.418382, 65868150.599357, 97419004.270256
155, 1.071157, 2711679488.000000, 12031394.621185, 8172313.418382, 65868150.599357, 97419004.270256
155, 1.071157, 2711679488.000000, 12031394.621185, 8172313.418382, 65868150.599357, 97419004.270256
155, 1.071157, 2711679488.000000, 12031394.621185, 8172313.418382, 65868150.599357, 97419004.270256
155, 1.071157, 2711679488.000000, 12031394.621185, 8172313.418382, 65868150.599357, 97419004.270256
155, 1.071157, 2711679488.000000, 12031394.621185, 8172313.418382, 65868150.599357, 97419004.270256
155, 1.071157, 2711679488.000000, 12031394.621185, 8172313.418382, 65868150.599357, 97419004.270256
155, 1.071157, 2711679488.000000, 12031394.621185, 8172313.418382, 65868150.599357, 97419004.270256
156, 0.000000, 0.000323, 0.000002, 0.000002, 0.000008, 0.000015
156, 0.000000, 0.007392, 0.000030, 0.000015, 0.000177, 0.000252
156, 0.000000, 0.007442, 0.000030, 0.000015, 0.000178, 0.000253
156, 0.000000, 0.008803, 0.000038, 0.000021, 0.000211, 0.000328
156, 0.000000, 0.008844, 0.000038, 0.000021, 0.000213, 0.000330
156, 0.000000, 0.009907, 0.000045, 0.000029, 0.000244, 0.000405
156, 0.000000, 0.009907, 0.000045, 0.000029, 0.000244, 0.000406
156, 0.000000, 15.613707, 0.048638, 0.020123, 0.329116, 0.399512
156, 0.000000, 15.613741, 0.048638, 0.020123, 0.329117, 0.399512
156, 0.000000, 15.613423, 0.048637, 0.020122, 0.329113, 0.399511
156, 0.000000, 15.613458, 0.048637, 0.020122, 0.329114, 0.399511
156, 0.000000, 15.612637, 0.048636, 0.020122, 0.329108, 0.399507
156, 0.000000, 15.612640, 0.048636, 0.020122, 0.329108, 0.399508
156, 0.000000, 15.612237, 0.048635, 0.020122, 0.329106, 0.399503
156, 0.000000, 15.612256, 0.048635, 0.020122, 0.329106, 0.399503
156, 0.000000, 15.613522, 0.048636, 0.020122, 0.329120, 0.399507
156, 0.000000, 15.613526, 0.048635, 0.020122, 0.329120, 0.399507
156, 0.000000, 15.613725, 0.048633, 0.020122, 0.329118, 0.399504
156, 0.000000, 15.613746, 0.048633, 0.020122, 0.329118, 0.399504
156, 0.000000, 15.614887, 0.048632, 0.020121, 0.329130, 0.399502
156, 0.000000, 15.614920, 0.048632, 0.020121, 0.329131, 0.399502
156, 0.000000, 15.615126, 0.048630, 0.020120, 0.329134, 0.399494
156, 0.000000, 15.615115, 0.048630, 0.020120, 0.329134, 0.399494
156, 0.000000, 15.612170, 0.048628, 0.020120, 0.329094, 0.399489
156, 0.000000, 15.612230, 0.048628, 0.020120, 0.329095, 0.399488
156, 0.000000, 15.612516, 0.048630, 0.020119, 0.329095, 0.399484
156, 0.000000, 15.612511, 0.048630, 0.020119, 0.329095, 0.399484
156, 0.000000, 15.612856, 0.048630, 0.020119, 0.329098, 0.399484
156, 0.000000, 15.612861, 0.048630, 0.020119, 0.329098, 0.399484
156, 0.000000, 15.616842, 0.048634, 0.020121, 0.329148, 0.399488
156, 0.000000, 15.616861, 0.048634, 0.020121, 0.329149, 0.399488
156, 0.000000, 15.618553, 0.048631, 0.020119, 0.329174, 0.399483
157, 0.000000, 0.000410, 0.000003, 0.000003, 0.000009, 0.000026
157, 0.000000, 0.005003, 0.000020, 0.000012, 0.000119, 0.000195
157, 0.000000, 0.004998, 0.000020, 0.000012, 0.000119, 0.000196
157, 0.000000, 0.008013, 0.000027, 0.000017, 0.000179, 0.000250
157, 0.000000, 0.007995, 0.000027, 0.000018, 0.000179, 0.000251
157, 0.000000, 0.010862, 0.000041, 0.000022, 0.000254, 0.000361
157, 0.000000, 0.010821, 0.000041, 0.000022, 0.000254, 0.000362
157, 0.000000, 0.011886, 0.000053, 0.000032, 0.000298, 0.000448
157, 0.000000, 0.011875, 0.000053, 0.000032, 0.000298, 0.000449
157, 0.000000, 0.011923, 0.000055, 0.000030, 0.000303, 0.000465
157, 0.000000, 0.011900, 0.000055, 0.000031, 0.000303, 0.000465
157, 0.000000, 0.016477, 0.000072, 0.000037, 0.000405, 0.000571
157, 0.000000, 0.016482, 0.000072, 0.000037, 0.000405, 0.000572
157, 0.000000, 0.018764, 0.000077, 0.000041, 0.000451, 0.000636
157, 0.000000, 0.018821, 0.000077, 0.000041, 0.000452, 0.000637
157, 0.000000, 0.020782, 0.000087, 0.000051, 0.000491, 0.000718
157, 0.000000, 0.020795, 0.000087, 0.000051, 0.000492, 0.000718
157, 0.000000, 0.022393, 0.000092, 0.000054, 0.000531, 0.000754
157, 0.000000, 0.022427, 0.000092, 0.000055, 0.000532, 0.000755
157, 0.000000, 0.022812, 0.000093, 0.000055, 0.000542, 0.000765
157, 0.000000, 0.022833, 0.000093, 0.000056, 0.000543, 0.000766
157, 0.000000, 0.025211, 0.000098, 0.000056, 0.000590, 0.000809
157, 0.000000, 0.025238, 0.000098, 0.000056, 0.000591, 0.000810
157, 0.000000, 0.026614, 0.000101, 0.000060, 0.000626, 0.000843
157, 0.000000, 0.026697, 0.000101, 0.000059, 0.000627, 0.000844
157, 0.000000, 0.026746, 0.000103, 0.000061, 0.000634, 0.000868
157, 0.000000, 0.026818, 0.000104, 0.000062, 0.000635, 0.000869
157, 0.000000, 0.026071, 0.000105, 0.000060, 0.000625, 0.000886
157, 0.000000, 0.026123, 0.000106, 0.000060, 0.000626, 0.000886
157, 0.000000, 0.029051, 0.000109, 0.000063, 0.000677, 0.000912
157, 0.000000, 0.029036, 0.000109, 0.000063, 0.000678, 0.000912
157, 0.000000, 0.028833, 0.000122, 0.000066, 0.000715, 0.001049
158, 0.000000, 0.000347, 0.000002, 0.000002, 0.000009, 0.000018
158, 0.000000, 0.006237, 0.000026, 0.000013, 0.000142, 0.000216
158, 0.000000, 0.006256, 0.000026, 0.000013, 0.000142, 0.000217
158, 0.000000, 0.008934, 0.000045, 0.000028, 0.000226, 0.000362
158, 0.000000, 0.008929, 0.000045, 0.000029, 0.000226, 0.000363
158, 0.000002, 1594.798950, 7.064365, 4.132605, 38.990617, 67.574277
158, 0.000002, 1594.799072, 7.064364, 4.132605, 38.990618, 67.574277
158, 0.000002, 1594.799438, 7.064367, 4.132605, 38.990622, 67.574276
158, 0.000002, 1594.799438, 7.064367, 4.132605, 38.990622, 67.574275
158, 0.000002, 1594.800659, 7.064367, 4.132605, 38.990638, 67.574276
158, 0.000002, 1594.800659, 7.064367, 4.132605, 38.990638, 67.574277
158, 0.000002, 1594.801392, 7.064368, 4.132605, 38.990647, 67.574277
158, 0.000002, 1594.801392, 7.064368, 4.132605, 38.990647, 67.574278
158, 0.000002, 1594.801514, 7.064364, 4.132602, 38.990645, 67.574272
158, 0.000002, 1594.801392, 7.064364, 4.132602, 38.990644, 67.574273
158, 0.000002, 1594.801392, 7.064364, 4.132601, 38.990643, 67.574268
158, 0.000002, 1594.801392, 7.064364, 4.132601, 38.990643, 67.574267
158, 0.000002, 1594.801514, 7.064364, 4.132602, 38.990649, 67.574269
158, 0.000002, 1594.801514, 7.064364, 4.132602, 38.990649, 67.574269
158, 0.000002, 1594.801270, 7.064363, 4.132602, 38.990646, 67.574266
158, 0.000002, 1594.801270, 7.064363, 4.132602, 38.990646, 67.574265
158, 0.000002, 1594.800903, 7.064362, 4.132603, 38.990639, 67.574271
158, 0.000002, 1594.800903, 7.064362, 4.132603, 38.990639, 67.574271
158, 0.000002, 1594.801880, 7.064360, 4.132598, 38.990650, 67.574282
158, 0.000002, 1594.801880, 7.064360, 4.132599, 38.990650, 67.574281
158, 0.000002, 1594.802124, 7.064362, 4.132598, 38.990652, 67.574283
158, 0.000002, 1594.802124, 7.064363, 4.132599, 38.990653, 67.574283
158, 0.000002, 1594.802368, 7.064362, 4.132597, 38.990653, 67.574280
158, 0.000002, 1594.802368, 7.064362, 4.132597, 38.990653, 67.574279
158, 0.000002, 1594.801392, 7.064362, 4.132595, 38.990639, 67.574276
158, 0.000002, 1594.801392, 7.064362, 4.132595, 38.990639, 67.574276
158, 0.000002, 1594.802368, 7.064362, 4.132595, 38.990652, 67.574278
159, 0.000000, 0.000407, 0.000002, 0.000001, 0.000008, 0.000019
159, 0.000000, 0.006196, 0.000032, 0.000019, 0.000162, 0.000287
159, 0.000000, 0.006184, 0.000032, 0.000019, 0.000161, 0.000288
159, 0.000000, 182.806732, 0.917975, 0.598344, 4.554233, 9.030780
159, 0.000000, 182.806671, 0.917975, 0.598344, 4.554232, 9.030780
159, 0.000000, 182.806213, 0.917975, 0.598344, 4.554220, 9.030781
159, 0.000000, 182.806183, 0.917975, 0.598344, 4.554220, 9.030781
159, 0.000000, 182.805710, 0.917974, 0.598344, 4.554214, 9.030782
159, 0.000000, 182.805679, 0.917974, 0.598344, 4.554214, 9.030781
159, 0.000000, 182.805222, 0.917976, 0.598341, 4.554207, 9.030777
159, 0.000000, 182.805176, 0.917976, 0.598341, 4.554207, 9.030778
159, 0.000000, 182.805954, 0.917972, 0.598341, 4.554215, 9.030776
159, 0.000000, 182.805908, 0.917972, 0.598341, 4.554214, 9.030776
159, 0.000000, 182.806213, 0.917976, 0.598342, 4.554226, 9.030781
159, 0.000000, 182.806168, 0.917976, 0.598342, 4.554225, 9.030781
159, 0.000000, 182.804108, 0.917997, 0.598352, 4.554224, 9.030791
159, 0.000000, 182.804092, 0.917997, 0.598352, 4.554224, 9.030791
159, 0.000000, 182.804077, 0.917996, 0.598350, 4.554227, 9.030788
159, 0.000000, 182.804031, 0.917996, 0.598350, 4.554226, 9.030788
159, 0.000000, 182.803436, 0.917995, 0.598349, 4.554215, 9.030778
159, 0.000000, 182.803391, 0.917995, 0.598349, 4.554214, 9.030778
159, 0.000000, 182.803894, 0.917991, 0.598348, 4.554221, 9.030781
159, 0.000000, 182.803864, 0.917991, 0.598348, 4.554220, 9.030780
159, 0.000000, 182.804520, 0.917989, 0.598347, 4.554233, 9.030768
159, 0.000000, 182.804504, 0.917989, 0.598347, 4.554233, 9.030767
159, 0.000000, 182.803131, 0.917992, 0.598349, 4.554216, 9.030782
159, 0.000000, 182.803116, 0.917992, 0.598350, 4.554215, 9.030782
159, 0.000263, 281189.375000, 1321.204554, 899.307884, 7034.603210, 12631.104806
159, 0.000263, 281189.375000, 1321.204554, 899.307884, 7034.603210, 12631.104806
159, 0.000263, 281189.375000, 1321.204555, 899.307884, 7034.603212, 12631.104830
159, 0.000263, 281189.375000, 1321.204555, 899.307884, 7034.603212, 12631.104830
159, 0.000263, 281189.375000, 1321.204555, 899.307882, 7034.603212, 12631.104830
160, 0.000000, 0.000325, 0.000003, 0.000003, 0.000008, 0.000016
160, 0.000000, 0.006510, 0.000024, 0.000013, 0.000145, 0.000211
160, 0.000000, 0.006555, 0.000024, 0.000013, 0.000146, 0.000214
160, 0.000000, 0.009450, 0.000044, 0.000026, 0.000231, 0.000368
160, 0.000000, 0.009463, 0.000044, 0.000026, 0.000231, 0.000369
160, 0.000000, 0.010206, 0.000048, 0.000028, 0.000248, 0.000399
160, 0.000000, 0.010264, 0.000048, 0.000028, 0.000249, 0.000401
160, 0.000000, 0.012107, 0.000052, 0.000033, 0.000285, 0.000448
160, 0.000000, 0.012112, 0.000052, 0.000033, 0.000285, 0.000448
160, 0.000000, 0.012032, 0.000053, 0.000033, 0.000287, 0.000461
160, 0.000000, 0.012088, 0.000053, 0.000034, 0.000288, 0.000462
160, 0.000000, 0.099192, 0.000453, 0.000286, 0.002361, 0.003984
160, 0.000000, 0.099190, 0.000454, 0.000287, 0.002362, 0.003985
160, 0.000000, 0.099869, 0.000454, 0.000282, 0.002373, 0.003998
160, 0.000000, 0.099846, 0.000454, 0.000282, 0.002373, 0.003999
160, 0.000000, 0.103315, 0.000456, 0.000283, 0.002422, 0.004024
160, 0.000000, 0.103312, 0.000456, 0.000283, 0.002422, 0.004026
160, 0.000000, 0.105345, 0.000463, 0.000288, 0.002456, 0.004052
160, 0.000000, 0.105350, 0.000463, 0.000288, 0.002457, 0.004053
160, 0.000000, 0.162420, 0.000642, 0.000340, 0.003611, 0.005201
160, 0.000000, 0.162427, 0.000642, 0.000340, 0.003611, 0.005201
160, 0.000000, 0.162934, 0.000644, 0.000341, 0.003623, 0.005207
160, 0.000000, 0.162927, 0.000644, 0.000341, 0.003623, 0.005208
160, 0.000000, 0.162989, 0.000645, 0.000343, 0.003626, 0.005213
160, 0.000000, 0.163010, 0.000645, 0.000343, 0.003626, 0.005213
160, 0.000000, 0.164121, 0.000646, 0.000342, 0.003645, 0.005222
160, 0.000000, 0.164111, 0.000646, 0.000342, 0.003645, 0.005222
160, 0.000000, 0.164230, 0.000651, 0.000346, 0.003647, 0.005239
160, 0.000000, 0.164282, 0.000651, 0.000346, 0.003647, 0.005240
160, 0.000000, 0.164609, 0.000653, 0.000346, 0.003655, 0.005239
160, 0.000000, 0.164604, 0.000653, 0.000346, 0.003656, 0.005239
160, 0.000000, 0.165326, 0.000654, 0.000346, 0.003665, 0.005238
161, 0.000000, 0.000352, 0.000001, 0.000001, 0.000007, 0.000012
161, 0.000000, 0.005510, 0.000018, 0.000008, 0.000115, 0.000136
161, 0.000000, 0.005500, 0.000018, 0.000008, 0.000115, 0.000138
161, 0.000360, 624545.500000, 2290.112500, 1171.157165, 14175.034391, 21120.068041
161, 0.000360, 624545.500000, 2290.112500, 1171.157165, 14175.034391, 21120.068041
161, 0.000360, 624545.500000, 2290.112501, 1171.157164, 14175.034391, 21120.068041
161, 0.000360, 624545.500000, 2290.112501, 1171.157164, 14175.034391, 21120.068041
161, 0.000360, 624545.500000, 2290.112501, 1171.157163, 14175.034391, 21120.068041
161, 0.000360, 624545.500000, 2290.112501, 1171.157163, 14175.034391, 21120.068041
161, 0.000360, 624545.500000, 2290.112503, 1171.157165, 14175.034390, 21120.068032
161, 0.000360, 624545.500000, 2290.112503, 1171.157165, 14175.034390, 21120.068032
161, 0.000360, 624545.500000, 2290.112501, 1171.157165, 14175.034392, 21120.068032
161, 0.000360, 624545.500000, 2290.112501, 1171.157165, 14175.034392, 21120.068032
161, 0.000360, 624545.500000, 2290.112501, 1171.157165, 14175.034392, 21120.068032
161, 0.000360, 624545.500000, 2290.112501, 1171.157165, 14175.034392, 21120.068032
161, 0.000360, 624545.500000, 2290.112499, 1171.157166, 14175.034392, 21120.068032
161, 0.000360, 624545.500000, 2290.112499, 1171.157166, 14175.034392, 21120.068032
161, 0.000360, 624545.500000, 2290.112500, 1171.157163, 14175.034392, 21120.068032
161, 0.000360, 624545.500000, 2290.112500, 1171.157163, 14175.034392, 21120.068032
161, 0.000360, 624545.500000, 2290.112500, 1171.157163, 14175.034392, 21120.068032
161, 0.000360, 624545.500000, 2290.112500, 1171.157163, 14175.034392, 21120.068032
161, 0.000360, 624545.500000, 2290.112500, 1171.157162, 14175.034392, 21120.068033
161, 0.000360, 624545.500000, 2290.112500, 1171.157162, 14175.034392, 21120.068033
161, 0.000360, 624545.500000, 2290.112501, 1171.157164, 14175.034392, 21120.068033
161, 0.000360, 624545.500000, 2290.112501, 1171.157164, 14175.034392, 21120.068033
161, 0.000360, 624545.500000, 2290.112503, 1171.157162, 14175.034392, 21120.068033
161, 0.000360, 624545.500000, 2290.112503, 1171.157162, 14175.034392, 21120.068033
161, 0.000360, 624545.500000, 2290.112502, 1171.157161, 14175.034389, 21120.068031
161, 0.000360, 624545.500000, 2290.112502, 1171.157161, 14175.034389, 21120.068031
161, 0.000360, 624545.500000, 2290.112502, 1171.157161, 14175.034390, 21120.068031
161, 0.000360, 624545.500000, 2290.112502, 1171.157161, 14175.034390, 21120.068031
161, 0.000360, 624545.500000, 2290.112501, 1171.157162, 14175.034392, 21120.068031
162, 0.000000, 0.000366, 0.000004, 0.000003, 0.000009, 0.000016
162, 0.000000, 0.004575, 0.000021, 0.000013, 0.000110, 0.000171
162, 0.000000, 0.004634, 0.000021, 0.000013, 0.000111, 0.000172
162, 0.000000, 0.006658, 0.000029, 0.000016, 0.000158, 0.000251
162, 0.000000, 0.006676, 0.000029, 0.000017, 0.000159, 0.000252
162, 0.000000, 0.406659, 0.001859, 0.001157, 0.010152, 0.016844
162, 0.000000, 0.406668, 0.001859, 0.001157, 0.010153, 0.016844
162, 0.000000, 0.407150, 0.001862, 0.001164, 0.010161, 0.016846
162, 0.000000, 0.407145, 0.001862, 0.001164, 0.010161, 0.016846
162, 0.000000, 0.431796, 0.001966, 0.001231, 0.010691, 0.018121
162, 0.000000, 0.431817, 0.001966, 0.001231, 0.010692, 0.018121
162, 0.000000, 0.432928, 0.001970, 0.001239, 0.010715, 0.018131
162, 0.000000, 0.432917, 0.001970, 0.001240, 0.010716, 0.018131
162, 0.000000, 0.432341, 0.001972, 0.001242, 0.010708, 0.018158
162, 0.000000, 0.432379, 0.001972, 0.001242, 0.010709, 0.018158
162, 0.000000, 0.433525, 0.001972, 0.001239, 0.010726, 0.018163
162, 0.000000, 0.433519, 0.001972, 0.001239, 0.010726, 0.018163
162, 0.000000, 0.434978, 0.001972, 0.001239, 0.010745, 0.018167
162, 0.000000, 0.435006, 0.001972, 0.001239, 0.010745, 0.018167
162, 0.000000, 0.434386, 0.001967, 0.001235, 0.010734, 0.018171
162, 0.000000, 0.434391, 0.001968, 0.001235, 0.010735, 0.018172
162, 0.000000, 0.434609, 0.001968, 0.001237, 0.010738, 0.018175
162, 0.000000, 0.434637, 0.001968, 0.001237, 0.010739, 0.018175
162, 0.000000, 0.434347, 0.001967, 0.001234, 0.010732, 0.018169
162, 0.000000, 0.434369, 0.001966, 0.001234, 0.010732, 0.018169
162, 0.000000, 0.434869, 0.001968, 0.001236, 0.010745, 0.018170
162, 0.000000, 0.434893, 0.001968, 0.001236, 0.010745, 0.018170
162, 0.000000, 0.434109, 0.001969, 0.001240, 0.010739, 0.018174
162, 0.000000, 0.434129, 0.001969, 0.001240, 0.010740, 0.018174
162, 0.000000, 0.433835, 0.001968, 0.001242, 0.010736, 0.018178
162, 0.000000, 0.433862, 0.001968, 0.001241, 0.010736, 0.018178
162, 0.000000, 0.434714, 0.001966, 0.001235, 0.010747, 0.018181
163, 0.000000, 0.000324, 0.000001, 0.000001, 0.000006, 0.000008
163, 0.000000, 0.006228, 0.000029, 0.000017, 0.000158, 0.000285
163, 0.000000, 0.006232, 0.000030, 0.000017, 0.000158, 0.000286
163, 0.000000, 0.011152, 0.000052, 0.000031, 0.000275, 0.000458
163, 0.000000, 0.011192, 0.000052, 0.000031, 0.000276, 0.000458
163, 0.000000, 0.012020, 0.000055, 0.000033, 0.000298, 0.000484
163, 0.000000, 0.012039, 0.000055, 0.000033, 0.000298, 0.000484
163, 0.000000, 0.012261, 0.000057, 0.000034, 0.000311, 0.000513
163, 0.000000, 0.012281, 0.000057, 0.000034, 0.000311, 0.000514
163, 0.000000, 0.014334, 0.000064, 0.000038, 0.000354, 0.000583
163, 0.000000, 0.014356, 0.000064, 0.000038, 0.000354, 0.000584
163, 0.000000, 0.016350, 0.000071, 0.000039, 0.000397, 0.000650
163, 0.000000, 0.016378, 0.000072, 0.000040, 0.000397, 0.000651
163, 0.000000, 0.016562, 0.000086, 0.000047, 0.000416, 0.000750
163, 0.000000, 0.016593, 0.000086, 0.000047, 0.000416, 0.000750
163, 0.000000, 0.016478, 0.000089, 0.000047, 0.000425, 0.000774
163, 0.000000, 0.016505, 0.000089, 0.000047, 0.000425, 0.000774
163, 0.000000, 0.023065, 0.000103, 0.000053, 0.000547, 0.000873
163, 0.000000, 0.023103, 0.000103, 0.000053, 0.000548, 0.000874
163, 0.000000, 0.024053, 0.000106, 0.000057, 0.000578, 0.000938
163, 0.000000, 0.024083, 0.000106, 0.000056, 0.000578, 0.000938
163, 0.000000, 0.027923, 0.000116, 0.000062, 0.000667, 0.001062
163, 0.000000, 0.027975, 0.000116, 0.000062, 0.000667, 0.001062
163, 0.000000, 0.029013, 0.000118, 0.000064, 0.000687, 0.001089
163, 0.000000, 0.029044, 0.000118, 0.000064, 0.000688, 0.001089
163, 0.000000, 0.028709, 0.000119, 0.000064, 0.000688, 0.001094
163, 0.000000, 0.028727, 0.000119, 0.000064, 0.000689, 0.001094
163, 0.000000, 0.029582, 0.000123, 0.000066, 0.000710, 0.001115
163, 0.000000, 0.029615, 0.000123, 0.000067, 0.000711, 0.001116
163, 0.000000, 0.030882, 0.000129, 0.000068, 0.000742, 0.001156
163, 0.000000, 0.030919, 0.000129, 0.000068, 0.000742, 0.001157
163, 0.000000, 0.069815, 0.000319, 0.000206, 0.001754, 0.003250
164, 0.000000, 0.000342, 0.000001, 0.000001, 0.000008, 0.000016
164, 0.000000, 0.003771, 0.000017, 0.000009, 0.000093, 0.000146
164, 0.000000, 0.003811, 0.000018, 0.000010, 0.000095, 0.000149
164, 0.000000, 0.011704, 0.000047, 0.000025, 0.000285, 0.000350
164, 0.000000, 0.011731, 0.000046, 0.000025, 0.000285, 0.000351
164, 0.000000, 0.016088, 0.000070, 0.000035, 0.000379, 0.000494
164, 0.000000, 0.016082, 0.000070, 0.000036, 0.000379, 0.000495
164, 0.000000, 0.018077, 0.000085, 0.000054, 0.000454, 0.000683
164, 0.000000, 0.018108, 0.000085, 0.000054, 0.000455, 0.000683
164, 0.000000, 0.022612, 0.000108, 0.000072, 0.000574, 0.000910
164, 0.000000, 0.022653, 0.000108, 0.000072, 0.000575, 0.000910
164, 0.000000, 17.747877, 0.073938, 0.040687, 0.424167, 0.586055
164, 0.000000, 17.747883, 0.073938, 0.040687, 0.424167, 0.586056
164, 0.000000, 17.747095, 0.073938, 0.040687, 0.424158, 0.586053
164, 0.000000, 17.747107, 0.073938, 0.040687, 0.424158, 0.586054
164, 0.000000, 17.746771, 0.073937, 0.040685, 0.424157, 0.586053
164, 0.000000, 17.746761, 0.073937, 0.040685, 0.424157, 0.586053
164, 0.000000, 17.747744, 0.073937, 0.040685, 0.424165, 0.586050
164, 0.000000, 17.747768, 0.073937, 0.040685, 0.424165, 0.586050
164, 0.000000, 17.747129, 0.073938, 0.040687, 0.424143, 0.586044
164, 0.000000, 17.747107, 0.073938, 0.040687, 0.424142, 0.586044
164, 0.000000, 17.746672, 0.073935, 0.040686, 0.424132, 0.586046
164, 0.000000, 17.746674, 0.073935, 0.040686, 0.424132, 0.586047
164, 0.000000, 17.746767, 0.073934, 0.040686, 0.424128, 0.586053
164, 0.000000, 17.746752, 0.073934, 0.040686, 0.424128, 0.586054
164, 0.000000, 213.703888, 0.972521, 0.516131, 5.184848, 8.074721
164, 0.000000, 213.703949, 0.972521, 0.516131, 5.184849, 8.074721
164, 0.000000, 213.703171, 0.972519, 0.516132, 5.184842, 8.074724
164, 0.000000, 213.703186, 0.972519, 0.516132, 5.184843, 8.074724
164, 0.000000, 213.702972, 0.972518, 0.516131, 5.184837, 8.074722
164, 0.000000, 213.703003, 0.972518, 0.516130, 5.184837, 8.074722
164, 0.000000, 213.702728, 0.972518, 0.516129, 5.184835, 8.074718
165, 0.000000, 0.000279, 0.000002, 0.000001, 0.000008, 0.000016
165, 0.000000, 0.002677, 0.000014, 0.000008, 0.000070, 0.000122
165, 0.000000, 0.002720, 0.000014, 0.000008, 0.000071, 0.000123
165, 0.000000, 0.004829, 0.000021, 0.000018, 0.000122, 0.000204
165, 0.000000, 0.004825, 0.000022, 0.000018, 0.000122, 0.000204
165, 0.000000, 0.006724, 0.000031, 0.000023, 0.000166, 0.000270
165, 0.000000, 0.006713, 0.000031, 0.000023, 0.000166, 0.000271
165, 0.000000, 0.007763, 0.000035, 0.000026, 0.000186, 0.000307
165, 0.000000, 0.007812, 0.000035, 0.000026, 0.000187, 0.000308
165, 0.000000, 0.009405, 0.000041, 0.000032, 0.000225, 0.000360
165, 0.000000, 0.009435, 0.000041, 0.000032, 0.000225, 0.000360
165, 0.000000, 0.016651, 0.000067, 0.000042, 0.000373, 0.000560
165, 0.000000, 0.016647, 0.000067, 0.000042, 0.000373, 0.000560
165, 0.000000, 0.018498, 0.000074, 0.000045, 0.000413, 0.000609
165, 0.000000, 0.018502, 0.000075, 0.000046, 0.000415, 0.000613
165, 0.000000, 0.021568, 0.000097, 0.000060, 0.000490, 0.000725
165, 0.000000, 0.021564, 0.000099, 0.000062, 0.000493, 0.000729
165, 0.000000, 0.024063, 0.000112, 0.000066, 0.000556, 0.000826
165, 0.000000, 0.024078, 0.000114, 0.000067, 0.000558, 0.000827
165, 0.000000, 0.025032, 0.000116, 0.000066, 0.000575, 0.000861
165, 0.000000, 0.025063, 0.000117, 0.000066, 0.000575, 0.000861
165, 0.000000, 0.025512, 0.000119, 0.000066, 0.000584, 0.000876
165, 0.000000, 0.025538, 0.000120, 0.000066, 0.000585, 0.000877
165, 0.000000, 0.029974, 0.000145, 0.000073, 0.000687, 0.001003
165, 0.000000, 0.030009, 0.000145, 0.000073, 0.000687, 0.001003
165, 0.000000, 0.030095, 0.000145, 0.000074, 0.000688, 0.001023
165, 0.000000, 0.030122, 0.000145, 0.000074, 0.000688, 0.001023
165, 0.000000, 0.030482, 0.000144, 0.000073, 0.000695, 0.001039
165, 0.000000, 0.030511, 0.000145, 0.000073, 0.000696, 0.001040
165, 0.000000, 0.030410, 0.000144, 0.000074, 0.000698, 0.001059
165, 0.000000, 0.030417, 0.000144, 0.000075, 0.000699, 0.001059
165, 0.000000, 0.030103, 0.000145, 0.000076, 0.000699, 0.001074
166, 0.000000, 0.000326, 0.000004, 0.000003, 0.000008, 0.000017
166, 0.000000, 0.007241, 0.000029, 0.000015, 0.000175, 0.000270
166, 0.000000, 0.007233, 0.000029, 0.000016, 0.000175, 0.000271
166, 0.000000, 0.007624, 0.000031, 0.000016, 0.000189, 0.000291
166, 0.000000, 0.007642, 0.000032, 0.000017, 0.000190, 0.000293
166, 0.000000, 0.008649, 0.000037, 0.000020, 0.000210, 0.000332
166, 0.000000, 0.008714, 0.000037, 0.000021, 0.000212, 0.000336
166, 0.000000, 0.009136, 0.000041, 0.000023, 0.000226, 0.000374
166, 0.000000, 0.009208, 0.000041, 0.000023, 0.000227, 0.000375
166, 0.000000, 0.010772, 0.000051, 0.000031, 0.000276, 0.000439
166, 0.000000, 0.010846, 0.000051, 0.000031, 0.000277, 0.000440
166, 0.000000, 0.023730, 0.000073, 0.000039, 0.000481, 0.000601
166, 0.000000, 0.023635, 0.000073, 0.000039, 0.000480, 0.000602
166, 0.000000, 0.025813, 0.000078, 0.000041, 0.000521, 0.000633
166, 0.000000, 0.025825, 0.000077, 0.000041, 0.000521, 0.000633
166, 0.000000, 0.026204, 0.000079, 0.000042, 0.000537, 0.000669
166, 0.000000, 0.026180, 0.000079, 0.000042, 0.000537, 0.000669
166, 0.000000, 3.789479, 0.014168, 0.009347, 0.087768, 0.099531
166, 0.000000, 3.789455, 0.014168, 0.009347, 0.087768, 0.099531
166, 0.000000, 3.791638, 0.014170, 0.009350, 0.087806, 0.099536
166, 0.000000, 3.791596, 0.014170, 0.009350, 0.087805, 0.099536
166, 0.000000, 3.791090, 0.014169, 0.009353, 0.087799, 0.099542
166, 0.000000, 3.791083, 0.014169, 0.009354, 0.087800, 0.099542
166, 0.000000, 3.790943, 0.014169, 0.009355, 0.087802, 0.099546
166, 0.000000, 3.790931, 0.014169, 0.009355, 0.087802, 0.099547
166, 0.000000, 3.794577, 0.014166, 0.009354, 0.087848, 0.099523
166, 0.000000, 3.794527, 0.014166, 0.009354, 0.087848, 0.099523
166, 0.000000, 3.793267, 0.014167, 0.009355, 0.087839, 0.099530
166, 0.000000, 3.793229, 0.014167, 0.009355, 0.087839, 0.099530
166, 0.000000, 3.792825, 0.014172, 0.009370, 0.087845, 0.099530
166, 0.000000, 3.792781, 0.014172, 0.009369, 0.087845, 0.099530
166, 0.000000, 3.791952, 0.014171, 0.009372, 0.087840, 0.099532
167, 0.000000, 0.000330, 0.000002, 0.000002, 0.000008, 0.000015
167, 0.000000, 0.006728, 0.000024, 0.000014, 0.000151, 0.000177
167, 0.000000, 0.006766, 0.000024, 0.000014, 0.000151, 0.000178
167, 0.000000, 0.010860, 0.000052, 0.000034, 0.000269, 0.000379
167, 0.000000, 0.010877, 0.000052, 0.000034, 0.000268, 0.000380
167, 0.000000, 0.014032, 0.000072, 0.000043, 0.000365, 0.000580
167, 0.000000, 0.014049, 0.000072, 0.000044, 0.000365, 0.000580
167, 0.000000, 0.016042, 0.000079, 0.000053, 0.000421, 0.000653
167, 0.000000, 0.016067, 0.000079, 0.000053, 0.000421, 0.000653
167, 0.001120, 1591456.125000, 10010.965594, 6266.826577, 44189.070184, 79557.737448
167, 0.001120, 1591456.125000, 10010.965594, 6266.826577, 44189.070184, 79557.737448
167, 0.001120, 1591456.125000, 10010.965594, 6266.826577, 44189.070184, 79557.737448
167, 0.001120, 1591456.125000, 10010.965594, 6266.826577, 44189.070184, 79557.737448
167, 0.001120, 1591456.125000, 10010.965594, 6266.826583, 44189.070184, 79557.737448
167, 0.001120, 1591456.125000, 10010.965594, 6266.826583, 44189.070184, 79557.737448
167, 0.001120, 1591456.125000, 10010.965594, 6266.826583, 44189.070184, 79557.737448
167, 0.001120, 1591456.125000, 10010.965594, 6266.826583, 44189.070184, 79557.737448
167, 0.001120, 1591456.125000, 10010.965594, 6266.826583, 44189.070184, 79557.737448
167, 0.001120, 1591456.125000, 10010.965594, 6266.826583, 44189.070184, 79557.737448
167, 0.001120, 1591456.125000, 10010.965594, 6266.826583, 44189.070184, 79557.737448
167, 0.001120, 1591456.125000, 10010.965594, 6266.826583, 44189.070184, 79557.737448
167, 0.001120, 1591456.125000, 10010.965594, 6266.826583, 44189.070184, 79557.737448
167, 0.001120, 1591456.125000, 10010.965594, 6266.826583, 44189.070184, 79557.737448
167, 0.001120, 1591456.125000, 10010.965594, 6266.826583, 44189.070184, 79557.737448
167, 0.001120, 1591456.125000, 10010.965594, 6266.826583, 44189.070184, 79557.737448
167, 0.001120, 1591456.125000, 10010.965594, 6266.826583, 44189.070184, 79557.737448
167, 0.001120, 1591456.125000, 10010.965594, 6266.826583, 44189.070184, 79557.737448
167, 0.001120, 1591456.125000, 10010.965594, 6266.826583, 44189.070184, 79557.737448
167, 0.001120, 1591456.125000, 10010.965594, 6266.826583, 44189.070184, 79557.737448
167, 0.001120, 1591456.125000, 10010.965594, 6266.826583, 44189.070184, 79557.737448
167, 0.001120, 1591456.125000, 10010.965594, 6266.826583, 44189.070184, 79557.737448
167, 0.001120, 1591456.125000, 10010.965594, 6266.826583, 44189.070184, 79557.737448
168, 0.000000, 0.000366, 0.000002, 0.000002, 0.000008, 0.000022
168, 0.000000, 0.008170, 0.000035, 0.000019, 0.000187, 0.000276
168, 0.000000, 0.008219, 0.000036, 0.000021, 0.000191, 0.000280
168, 0.000000, 0.010120, 0.000040, 0.000022, 0.000224, 0.000321
168, 0.000000, 0.010168, 0.000040, 0.000022, 0.000225, 0.000321
168, 0.000000, 0.011372, 0.000048, 0.000032, 0.000261, 0.000398
168, 0.000000, 0.011409, 0.000048, 0.000032, 0.000261, 0.000398
168, 0.000000, 0.012642, 0.000053, 0.000034, 0.000296, 0.000466
168, 0.000000, 0.012721, 0.000053, 0.000034, 0.000297, 0.000469
168, 0.000000, 0.016256, 0.000067, 0.000041, 0.000386, 0.000587
168, 0.000000, 0.016376, 0.000067, 0.000041, 0.000387, 0.000587
168, 0.000000, 0.019321, 0.000090, 0.000057, 0.000476, 0.000758
168, 0.000000, 0.019409, 0.000090, 0.000057, 0.000478, 0.000758
168, 0.000000, 0.020261, 0.000091, 0.000057, 0.000490, 0.000770
168, 0.000000, 0.020351, 0.000091, 0.000056, 0.000491, 0.000770
168, 0.000000, 0.020908, 0.000094, 0.000058, 0.000499, 0.000784
168, 0.000000, 0.021008, 0.000094, 0.000058, 0.000501, 0.000784
168, 0.000000, 0.022807, 0.000100, 0.000060, 0.000533, 0.000816
168, 0.000000, 0.022910, 0.000100, 0.000060, 0.000534, 0.000816
168, 0.000000, 0.026351, 0.000117, 0.000069, 0.000623, 0.000990
168, 0.000000, 0.026451, 0.000117, 0.000069, 0.000625, 0.000990
168, 0.000000, 0.027623, 0.000122, 0.000070, 0.000644, 0.001016
168, 0.000000, 0.027694, 0.000121, 0.000070, 0.000645, 0.001016
168, 0.000000, 0.027005, 0.000126, 0.000075, 0.000649, 0.001041
168, 0.000000, 0.027083, 0.000127, 0.000076, 0.000650, 0.001039
168, 0.000000, 0.027947, 0.000134, 0.000079, 0.000669, 0.001064
168, 0.000000, 0.028034, 0.000134, 0.000078, 0.000670, 0.001064
168, 0.000000, 0.028550, 0.000136, 0.000081, 0.000682, 0.001089
168, 0.000000, 0.028625, 0.000136, 0.000081, 0.000683, 0.001090
168, 0.000000, 0.028698, 0.000136, 0.000082, 0.000692, 0.001102
168, 0.000000, 0.028762, 0.000137, 0.000082, 0.000693, 0.001102
168, 0.000000, 0.029255, 0.000140, 0.000083, 0.000704, 0.001128
169, 0.000000, 0.000321, 0.000002, 0.000001, 0.000007, 0.000015
169, 0.000000, 0.007276, 0.000034, 0.000027, 0.000175, 0.000252
169, 0.000000, 0.007233, 0.000034, 0.000027, 0.000174, 0.000252
169, 0.000000, 0.009212, 0.000043, 0.000033, 0.000218, 0.000293
169, 0.000000, 0.009189, 0.000043, 0.000034, 0.000218, 0.000293
169, 0.000000, 0.009168, 0.000048, 0.000036, 0.000230, 0.000334
169, 0.000000, 0.009159, 0.000048, 0.000037, 0.000231, 0.000336
169, 0.000000, 0.009315, 0.000052, 0.000038, 0.000240, 0.000363
169, 0.000000, 0.009333, 0.000052, 0.000038, 0.000241, 0.000367
169, 0.000000, 0.011227, 0.000060, 0.000043, 0.000282, 0.000419
169, 0.000000, 0.011227, 0.000060, 0.000043, 0.000283, 0.000419
169, 0.000000, 0.012775, 0.000072, 0.000049, 0.000321, 0.000492
169, 0.000000, 0.012756, 0.000072, 0.000049, 0.000321, 0.000492
169, 0.000000, 0.196582, 0.000810, 0.000487, 0.004547, 0.007750
169, 0.000000, 0.196593, 0.000810, 0.000487, 0.004547, 0.007750
169, 0.000000, 0.196356, 0.000809, 0.000487, 0.004543, 0.007755
169, 0.000000, 0.196346, 0.000809, 0.000487, 0.004542, 0.007754
169, 0.000000, 0.199457, 0.000810, 0.000483, 0.004583, 0.007757
169, 0.000000, 0.199459, 0.000810, 0.000482, 0.004583, 0.007757
169, 0.000000, 0.199485, 0.000810, 0.000481, 0.004584, 0.007760
169, 0.000000, 0.199491, 0.000810, 0.000481, 0.004584, 0.007759
169, 0.000000, 0.199492, 0.000810, 0.000482, 0.004585, 0.007760
169, 0.000000, 0.199459, 0.000810, 0.000482, 0.004585, 0.007760
169, 0.000000, 0.198064, 0.000812, 0.000486, 0.004573, 0.007770
169, 0.000000, 0.198067, 0.000812, 0.000486, 0.004573, 0.007770
169, 0.000000, 0.198367, 0.000813, 0.000486, 0.004577, 0.007771
169, 0.000000, 0.198409, 0.000813, 0.000486, 0.004577, 0.007771
169, 0.000000, 0.198275, 0.000814, 0.000487, 0.004580, 0.007775
169, 0.000000, 0.198264, 0.000814, 0.000487, 0.004579, 0.007775
169, 0.000000, 0.197875, 0.000813, 0.000489, 0.004576, 0.007778
169, 0.000000, 0.197881, 0.000813, 0.000488, 0.004576, 0.007778
169, 0.000000, 0.198435, 0.000814, 0.000488, 0.004588, 0.007784
170, 0.000000, 0.000374, 0.000001, 0.000001, 0.000007, 0.000013
170, 0.000000, 0.009428, 0.000033, 0.000015, 0.000194, 0.000234
170, 0.000000, 0.009403, 0.000033, 0.000015, 0.000194, 0.000236
170, 0.000000, 0.011057, 0.000041, 0.000021, 0.000242, 0.000311
170, 0.000000, 0.011008, 0.000041, 0.000021, 0.000242, 0.000314
170, 0.000000, 0.012230, 0.000057, 0.000035, 0.000292, 0.000469
170, 0.000000, 0.012231, 0.000057, 0.000035, 0.000292, 0.000471
170, 0.000000, 0.018223, 0.000083, 0.000049, 0.000418, 0.000641
170, 0.000000, 0.018199, 0.000083, 0.000050, 0.000418, 0.000642
170, 0.000000, 0.018686, 0.000088, 0.000051, 0.000437, 0.000678
170, 0.000000, 0.018656, 0.000088, 0.000051, 0.000437, 0.000682
170, 0.000000, 0.019429, 0.000092, 0.000051, 0.000452, 0.000710
170, 0.000000, 0.019446, 0.000092, 0.000051, 0.000452, 0.000711
170, 0.000000, 0.019745, 0.000094, 0.000052, 0.000460, 0.000726
170, 0.000000, 0.019709, 0.000094, 0.000052, 0.000460, 0.000726
170, 0.000000, 0.019603, 0.000099, 0.000054, 0.000465, 0.000754
170, 0.000000, 0.019626, 0.000099, 0.000054, 0.000465, 0.000755
170, 0.000000, 0.047532, 0.000164, 0.000091, 0.001034, 0.001182
170, 0.000000, 0.047484, 0.000164, 0.000091, 0.001033, 0.001183
170, 0.000000, 0.045877, 0.000177, 0.000098, 0.001027, 0.001267
170, 0.000000, 0.045864, 0.000177, 0.000098, 0.001027, 0.001268
170, 0.000000, 0.046127, 0.000177, 0.000100, 0.001034, 0.001278
170, 0.000000, 0.046096, 0.000177, 0.000100, 0.001034, 0.001279
170, 0.000000, 0.046653, 0.000182, 0.000102, 0.001061, 0.001341
170, 0.000000, 0.046646, 0.000182, 0.000103, 0.001061, 0.001342
170, 0.000006, 24172.259766, 103.846687, 48.331263, 569.219999, 837.897207
170, 0.000006, 24172.259766, 103.846687, 48.331263, 569.219998, 837.897208
170, 0.000006, 24172.259766, 103.846689, 48.331265, 569.220001, 837.897208
170, 0.000006, 24172.259766, 103.846689, 48.331265, 569.220001, 837.897208
170, 0.000006, 24172.261719, 103.846690, 48.331266, 569.220020, 837.897207
170, 0.000006, 24172.261719, 103.846690, 48.331267, 569.220020, 837.897206
170, 0.000006, 24172.259766, 103.846687, 48.331264, 569.219997, 837.897225
171, 0.000000, 0.000487, 0.000004, 0.000003, 0.000011, 0.000032
171, 0.000000, 0.019956, 0.000106, 0.000076, 0.000551, 0.000918
171, 0.000000, 0.020015, 0.000106, 0.000077, 0.000552, 0.000918
171, 0.000000, 115.346512, 0.507757, 0.253224, 2.600013, 4.245325
171, 0.000000, 115.346550, 0.507757, 0.253224, 2.600014, 4.245326
171, 0.000000, 115.347244, 0.507758, 0.253225, 2.600023, 4.245326
171, 0.000000, 115.347290, 0.507758, 0.253225, 2.600023, 4.245326
171, 0.000000, 115.346779, 0.507755, 0.253225, 2.600018, 4.245325
171, 0.000000, 115.346794, 0.507755, 0.253225, 2.600018, 4.245324
171, 0.000000, 115.347496, 0.507752, 0.253225, 2.600028, 4.245326
171, 0.000000, 115.347542, 0.507752, 0.253225, 2.600028, 4.245327
171, 0.000000, 115.348206, 0.507746, 0.253222, 2.600037, 4.245315
171, 0.000000, 115.348236, 0.507746, 0.253222, 2.600037, 4.245315
171, 0.000000, 115.348129, 0.507749, 0.253223, 2.600035, 4.245323
171, 0.000000, 115.348167, 0.507749, 0.253223, 2.600035, 4.245322
171, 0.000000, 115.348625, 0.507750, 0.253225, 2.600039, 4.245317
171, 0.000000, 115.348686, 0.507750, 0.253225, 2.600040, 4.245317
171, 0.000000, 115.349976, 0.507751, 0.253224, 2.600057, 4.245319
171, 0.000000, 115.350029, 0.507751, 0.253224, 2.600058, 4.245320
171, 0.000000, 115.349838, 0.507747, 0.253225, 2.600057, 4.245319
171, 0.000000, 115.349884, 0.507747, 0.253225, 2.600058, 4.245319
171, 0.000000, 115.349907, 0.507752, 0.253224, 2.600059, 4.245320
171, 0.000000, 115.349968, 0.507752, 0.253224, 2.600060, 4.245321
171, 0.000000, 115.348831, 0.507754, 0.253223, 2.600048, 4.245324
171, 0.000000, 115.348862, 0.507754, 0.253224, 2.600048, 4.245325
171, 0.000000, 115.349083, 0.507754, 0.253222, 2.600049, 4.245324
171, 0.000000, 115.349121, 0.507755, 0.253222, 2.600049, 4.245324
171, 0.000000, 115.346909, 0.507741, 0.253222, 2.600021, 4.245320
171, 0.000000, 115.346970, 0.507741, 0.253222, 2.600022, 4.245320
171, 0.000000, 115.347221, 0.507738, 0.253221, 2.600023, 4.245320
171, 0.000000, 115.347267, 0.507738, 0.253221, 2.600024, 4.245320
171, 0.000000, 115.346565, 0.507738, 0.253220, 2.600010, 4.245312
172, 0.000000, 0.000383, 0.000003, 0.000003, 0.000009, 0.000018
172, 0.000000, 0.010063, 0.000045, 0.000025, 0.000245, 0.000401
172, 0.000000, 0.010048, 0.000045, 0.000025, 0.000245, 0.000403
172, 0.000000, 0.019445, 0.000114, 0.000083, 0.000533, 0.000779
172, 0.000000, 0.019466, 0.000114, 0.000083, 0.000533, 0.000780
172, 0.000000, 0.023063, 0.000130, 0.000088, 0.000637, 0.001000
172, 0.000000, 0.023087, 0.000130, 0.000088, 0.000637, 0.001000
172, 0.000000, 0.024266, 0.000134, 0.000092, 0.000671, 0.001042
172, 0.000000, 0.024285, 0.000134, 0.000092, 0.000672, 0.001042
172, 0.000000, 0.024679, 0.000137, 0.000096, 0.000683, 0.001069
172, 0.000000, 0.024727, 0.000137, 0.000096, 0.000684, 0.001070
172, 0.000000, 0.026010, 0.000139, 0.000097, 0.000706, 0.001090
172, 0.000000, 0.026059, 0.000139, 0.000097, 0.000707, 0.001091
172, 0.000000, 0.026048, 0.000141, 0.000097, 0.000706, 0.001099
172, 0.000000, 0.026070, 0.000141, 0.000097, 0.000706, 0.001099
172, 0.000000, 0.026525, 0.000144, 0.000098, 0.000720, 0.001147
172, 0.000000, 0.026602, 0.000144, 0.000098, 0.000722, 0.001149
172, 0.000000, 0.228541, 0.001084, 0.000688, 0.005824, 0.009709
172, 0.000000, 0.228522, 0.001084, 0.000688, 0.005823, 0.009709
172, 0.000000, 0.227857, 0.001083, 0.000686, 0.005816, 0.009704
172, 0.000000, 0.227815, 0.001083, 0.000687, 0.005816, 0.009704
172, 0.000000, 0.227200, 0.001088, 0.000688, 0.005805, 0.009715
172, 0.000000, 0.227125, 0.001088, 0.000688, 0.005804, 0.009715
172, 0.000000, 0.226693, 0.001088, 0.000685, 0.005794, 0.009717
172, 0.000000, 0.226642, 0.001088, 0.000685, 0.005793, 0.009717
172, 0.000000, 0.224915, 0.001089, 0.000686, 0.005778, 0.009722
172, 0.000000, 0.224870, 0.001089, 0.000686, 0.005778, 0.009723
172, 0.000000, 0.225722, 0.001094, 0.000691, 0.005795, 0.009733
172, 0.000000, 0.225686, 0.001094, 0.000691, 0.005795, 0.009733
172, 0.000000, 0.225642, 0.001091, 0.000691, 0.005800, 0.009734
172, 0.000000, 0.225623, 0.001091, 0.000691, 0.005800, 0.009734
172, 0.000000, 0.223480, 0.001089, 0.000694, 0.005790, 0.009742
173, 0.000000, 0.000326, 0.000002, 0.000002, 0.000007, 0.000015
173, 0.000000, 0.136840, 0.000543, 0.000333, 0.003164, 0.005161
173, 0.000000, 0.136890, 0.000543, 0.000333, 0.003164, 0.005162
173, 0.000000, 0.136672, 0.000543, 0.000333, 0.003159, 0.005161
173, 0.000000, 0.136738, 0.000543, 0.000332, 0.003160, 0.005161
173, 0.000000, 5.856301, 0.029268, 0.019145, 0.148892, 0.243538
173, 0.000000, 5.856311, 0.029268, 0.019145, 0.148892, 0.243538
173, 0.000000, 5.856984, 0.029267, 0.019146, 0.148905, 0.243542
173, 0.000000, 5.857007, 0.029267, 0.019146, 0.148906, 0.243542
173, 0.000000, 5.857012, 0.029266, 0.019146, 0.148912, 0.243542
173, 0.000000, 5.856999, 0.029266, 0.019147, 0.148912, 0.243543
173, 0.000000, 5.855729, 0.029265, 0.019149, 0.148896, 0.243546
173, 0.000000, 5.855721, 0.029265, 0.019149, 0.148896, 0.243546
173, 0.000000, 5.856661, 0.029266, 0.019149, 0.148912, 0.243546
173, 0.000000, 5.856627, 0.029266, 0.019149, 0.148911, 0.243546
173, 0.000000, 5.858298, 0.029263, 0.019140, 0.148939, 0.243539
173, 0.000000, 5.858324, 0.029263, 0.019140, 0.148939, 0.243539
173, 0.000000, 5.858145, 0.029259, 0.019135, 0.148928, 0.243532
173, 0.000000, 5.858156, 0.029259, 0.019135, 0.148928, 0.243533
173, 0.001150, 2524154.250000, 10444.504460, 4872.421750, 58780.589971, 86597.229907
173, 0.001150, 2524154.250000, 10444.504460, 4872.421750, 58780.589971, 86597.229907
173, 0.001150, 2524154.250000, 10444.504460, 4872.421750, 58780.589948, 86597.229907
173, 0.001150, 2524154.250000, 10444.504460, 4872.421750, 58780.589948, 86597.229907
173, 0.001150, 2524154.250000, 10444.504460, 4872.421750, 58780.589948, 86597.229907
173, 0.001150, 2524154.250000, 10444.504460, 4872.421750, 58780.589948, 86597.229907
173, 0.001150, 2524154.250000, 10444.504460, 4872.421750, 58780.589948, 86597.229907
173, 0.001150, 2524154.250000, 10444.504460, 4872.421750, 58780.589948, 86597.229907
173, 0.001150, 2524154.250000, 10444.504460, 4872.421750, 58780.589948, 86597.229907
173, 0.001150, 2524154.250000, 10444.504460, 4872.421750, 58780.589948, 86597.229907
173, 0.001150, 2524154.250000, 10444.504460, 4872.421750, 58780.589948, 86597.229907
173, 0.001150, 2524154.250000, 10444.504460, 4872.421750, 58780.589948, 86597.229907
173, 0.001150, 2524154.250000, 10444.504460, 4872.421750, 58780.589954, 86597.229907
174, 0.000000, 0.000304, 0.000002, 0.000002, 0.000008, 0.000022
174, 0.000000, 0.005975, 0.000026, 0.000016, 0.000142, 0.000236
174, 0.000000, 0.005947, 0.000026, 0.000016, 0.000142, 0.000237
174, 0.000000, 0.007002, 0.000034, 0.000021, 0.000176, 0.000299
174, 0.000000, 0.007041, 0.000034, 0.000021, 0.000177, 0.000300
174, 0.000000, 0.011222, 0.000048, 0.000028, 0.000265, 0.000411
174, 0.000000, 0.011314, 0.000048, 0.000028, 0.000265, 0.000411
174, 0.000000, 0.012446, 0.000052, 0.000029, 0.000294, 0.000468
174, 0.000000, 0.012503, 0.000052, 0.000029, 0.000295, 0.000469
174, 0.000000, 0.013443, 0.000056, 0.000030, 0.000319, 0.000506
174, 0.000000, 0.013481, 0.000056, 0.000030, 0.000320, 0.000506
174, 0.000000, 0.014321, 0.000058, 0.000032, 0.000337, 0.000527
174, 0.000000, 0.014342, 0.000058, 0.000032, 0.000337, 0.000527
174, 0.000000, 0.016283, 0.000066, 0.000038, 0.000386, 0.000597
174, 0.000000, 0.016355, 0.000066, 0.000038, 0.000387, 0.000598
174, 0.000000, 0.017527, 0.000072, 0.000041, 0.000425, 0.000668
174, 0.000000, 0.017611, 0.000072, 0.000041, 0.000427, 0.000669
174, 0.000052, 25505.263672, 127.273115, 96.840819, 666.114282, 1025.450686
174, 0.000052, 25505.263672, 127.273115, 96.840818, 666.114282, 1025.450686
174, 0.000052, 25505.261719, 127.273114, 96.840816, 666.114255, 1025.450696
174, 0.000052, 25505.261719, 127.273114, 96.840816, 666.114255, 1025.450695
174, 0.000052, 25505.261719, 127.273116, 96.840822, 666.114263, 1025.450702
174, 0.000052, 25505.261719, 127.273116, 96.840822, 666.114263, 1025.450702
174, 0.000052, 25505.261719, 127.273117, 96.840816, 666.114257, 1025.450720
174, 0.000052, 25505.261719, 127.273117, 96.840816, 666.114257, 1025.450720
174, 0.000052, 25505.261719, 127.273117, 96.840809, 666.114216, 1025.450685
174, 0.000052, 25505.261719, 127.273117, 96.840810, 666.114216, 1025.450685
174, 0.000052, 25505.261719, 127.273116, 96.840812, 666.114213, 1025.450692
174, 0.000052, 25505.261719, 127.273116, 96.840812, 666.114214, 1025.450692
174, 0.000052, 25505.261719, 127.273116, 96.840813, 666.114214, 1025.450667
174, 0.000052, 25505.261719, 127.273116, 96.840813, 666.114214, 1025.450662
174, 0.000052, 25505.261719, 127.273115, 96.840813, 666.114226, 1025.450679
175, 0.000000, 0.000329, 0.000002, 0.000001, 0.000007, 0.000016
175, 0.000000, 0.006351, 0.000032, 0.000019, 0.000154, 0.000246
175, 0.000000, 0.006385, 0.000032, 0.000020, 0.000155, 0.000249
175, 0.000000, 0.010065, 0.000045, 0.000026, 0.000239, 0.000387
175, 0.000000, 0.010107, 0.000045, 0.000026, 0.000240, 0.000388
175, 0.000000, 0.011531, 0.000052, 0.000030, 0.000279, 0.000448
175, 0.000000, 0.011592, 0.000052, 0.000030, 0.000280, 0.000448
175, 0.000000, 0.023126, 0.000089, 0.000055, 0.000521, 0.000747
175, 0.000000, 0.023158, 0.000090, 0.000056, 0.000523, 0.000749
175, 0.000000, 0.024300, 0.000106, 0.000066, 0.000570, 0.000892
175, 0.000000, 0.024303, 0.000106, 0.000066, 0.000570, 0.000892
175, 0.000000, 0.024658, 0.000107, 0.000067, 0.000583, 0.000897
175, 0.000000, 0.024670, 0.000107, 0.000067, 0.000583, 0.000898
175, 0.000000, 0.027904, 0.000113, 0.000073, 0.000647, 0.000988
175, 0.000000, 0.027932, 0.000113, 0.000073, 0.000648, 0.000989
175, 0.000000, 0.027133, 0.000114, 0.000074, 0.000644, 0.001008
175, 0.000000, 0.027209, 0.000114, 0.000074, 0.000644, 0.001008
175, 0.008143, 52637224.000000, 213536.344534, 138968.966593, 1205798.398244, 1830174.404183
175, 0.008143, 52637224.000000, 213536.344534, 138968.966593, 1205798.398244, 1830174.404183
175, 0.008143, 52637224.000000, 213536.344534, 138968.966593, 1205798.398244, 1830174.404183
175, 0.008143, 52637224.000000, 213536.344534, 138968.966593, 1205798.398244, 1830174.404183
175, 0.008143, 52637224.000000, 213536.344534, 138968.966593, 1205798.398244, 1830174.404183
175, 0.008143, 52637224.000000, 213536.344534, 138968.966593, 1205798.398244, 1830174.404183
175, 0.008143, 52637224.000000, 213536.344534, 138968.966593, 1205798.398244, 1830174.404183
175, 0.008143, 52637224.000000, 213536.344534, 138968.966593, 1205798.398244, 1830174.404183
175, 0.008143, 52637224.000000, 213536.344258, 138968.969264, 1205798.352295, 1830174.404265
175, 0.008143, 52637224.000000, 213536.344258, 138968.969264, 1205798.352295, 1830174.404265
175, 0.008143, 52637224.000000, 213536.344258, 138968.969264, 1205798.352295, 1830174.404265
175, 0.008143, 52637224.000000, 213536.344258, 138968.969264, 1205798.352295, 1830174.404265
175, 0.008143, 52637224.000000, 213536.344258, 138968.969264, 1205798.352295, 1830174.404265
175, 0.008143, 52637224.000000, 213536.344258, 138968.969264, 1205798.352295, 1830174.404265
175, 0.008143, 52637224.000000, 213536.344258, 138968.969264, 1205798.352295, 1830174.404265
176, 0.000000, 0.000404, 0.000003, 0.000003, 0.000009, 0.000015
176, 0.000000, 0.011564, 0.000041, 0.000024, 0.000260, 0.000370
176, 0.000000, 0.011638, 0.000041, 0.000024, 0.000260, 0.000370
176, 0.000000, 0.011645, 0.000042, 0.000024, 0.000264, 0.000385
176, 0.000000, 0.011690, 0.000043, 0.000024, 0.000265, 0.000386
176, 0.000000, 0.011910, 0.000047, 0.000028, 0.000277, 0.000421
176, 0.000000, 0.011957, 0.000047, 0.000028, 0.000277, 0.000422
176, 0.000000, 0.011850, 0.000048, 0.000029, 0.000277, 0.000432
176, 0.000000, 0.011910, 0.000049, 0.000029, 0.000277, 0.000432
176, 0.000000, 0.014579, 0.000054, 0.000032, 0.000324, 0.000476
176, 0.000000, 0.014682, 0.000054, 0.000032, 0.000325, 0.000477
176, 0.000000, 0.015507, 0.000059, 0.000036, 0.000345, 0.000508
176, 0.000000, 0.015606, 0.000059, 0.000036, 0.000347, 0.000508
176, 0.000000, 0.017331, 0.000062, 0.000039, 0.000382, 0.000546
176, 0.000000, 0.017423, 0.000062, 0.000039, 0.000383, 0.000546
176, 0.000000, 0.019180, 0.000073, 0.000047, 0.000440, 0.000647
176, 0.000000, 0.019247, 0.000073, 0.000047, 0.000441, 0.000647
176, 0.000000, 0.019680, 0.000076, 0.000047, 0.000461, 0.000680
176, 0.000000, 0.019777, 0.000076, 0.000048, 0.000463, 0.000680
176, 0.000000, 0.023954, 0.000099, 0.000070, 0.000581, 0.000870
176, 0.000000, 0.024081, 0.000099, 0.000070, 0.000582, 0.000870
176, 0.000000, 0.027047, 0.000117, 0.000085, 0.000658, 0.001022
176, 0.000000, 0.027157, 0.000117, 0.000085, 0.000660, 0.001022
176, 0.000000, 0.032044, 0.000134, 0.000082, 0.000762, 0.001162
176, 0.000000, 0.032144, 0.000134, 0.000082, 0.000763, 0.001162
176, 0.000000, 0.033171, 0.000135, 0.000082, 0.000782, 0.001172
176, 0.000000, 0.033268, 0.000135, 0.000082, 0.000783, 0.001173
176, 0.000000, 0.033605, 0.000144, 0.000090, 0.000795, 0.001239
176, 0.000000, 0.033711, 0.000144, 0.000090, 0.000797, 0.001240
176, 0.000000, 0.034668, 0.000144, 0.000093, 0.000812, 0.001251
176, 0.000000, 0.034764, 0.000145, 0.000093, 0.000814, 0.001251
176, 0.000000, 0.035667, 0.000148, 0.000090, 0.000841, 0.001280
177, 0.000000, 0.000322, 0.000001, 0.000001, 0.000007, 0.000016
177, 0.000000, 0.009482, 0.000046, 0.000025, 0.000243, 0.000409
177, 0.000000, 0.009469, 0.000046, 0.000025, 0.000243, 0.000409
177, 0.000000, 0.010647, 0.000049, 0.000026, 0.000265, 0.000432
177, 0.000000, 0.010629, 0.000049, 0.000027, 0.000265, 0.000432
177, 0.000000, 0.013141, 0.000055, 0.000030, 0.000313, 0.000485
177, 0.000000, 0.013134, 0.000055, 0.000030, 0.000313, 0.000486
177, 0.000000, 0.014070, 0.000060, 0.000033, 0.000339, 0.000519
177, 0.000000, 0.014066, 0.000060, 0.000034, 0.000340, 0.000521
177, 0.000000, 0.021735, 0.000082, 0.000048, 0.000500, 0.000721
177, 0.000000, 0.021755, 0.000082, 0.000048, 0.000500, 0.000721
177, 0.000000, 0.021776, 0.000084, 0.000049, 0.000503, 0.000727
177, 0.000000, 0.021761, 0.000084, 0.000049, 0.000503, 0.000727
177, 0.000000, 0.022629, 0.000086, 0.000048, 0.000521, 0.000748
177, 0.000000, 0.022592, 0.000086, 0.000048, 0.000521, 0.000748
177, 0.000000, 0.022993, 0.000088, 0.000050, 0.000530, 0.000763
177, 0.000000, 0.022946, 0.000087, 0.000050, 0.000529, 0.000764
177, 0.000000, 0.025536, 0.000101, 0.000057, 0.000600, 0.000911
177, 0.000000, 0.025511, 0.000100, 0.000057, 0.000599, 0.000911
177, 0.000000, 0.024980, 0.000104, 0.000057, 0.000603, 0.000933
177, 0.000000, 0.024956, 0.000104, 0.000057, 0.000603, 0.000934
177, 0.000000, 0.028071, 0.000118, 0.000064, 0.000681, 0.001021
177, 0.000000, 0.028075, 0.000118, 0.000064, 0.000681, 0.001022
177, 0.000000, 0.029472, 0.000121, 0.000068, 0.000714, 0.001055
177, 0.000000, 0.029460, 0.000121, 0.000068, 0.000714, 0.001055
177, 0.000000, 0.032116, 0.000128, 0.000073, 0.000764, 0.001114
177, 0.000000, 0.032126, 0.000128, 0.000073, 0.000764, 0.001115
177, 0.000000, 0.031956, 0.000128, 0.000073, 0.000762, 0.001123
177, 0.000000, 0.031975, 0.000128, 0.000074, 0.000763, 0.001124
177, 0.000000, 0.032033, 0.000130, 0.000076, 0.000778, 0.001155
177, 0.000000, 0.032036, 0.000130, 0.000076, 0.000779, 0.001155
177, 0.000000, 0.032178, 0.000130, 0.000076, 0.000781, 0.001171
178, 0.000000, 0.000336, 0.000002, 0.000002, 0.000008, 0.000023
178, 0.000000, 0.005407, 0.000022, 0.000014, 0.000129, 0.000199
178, 0.000000, 0.005441, 0.000022, 0.000015, 0.000129, 0.000199
178, 0.000000, 0.007980, 0.000037, 0.000021, 0.000194, 0.000322
178, 0.000000, 0.008022, 0.000037, 0.000021, 0.000195, 0.000324
178, 0.000000, 0.011149, 0.000056, 0.000035, 0.000296, 0.000499
178, 0.000000, 0.011153, 0.000056, 0.000035, 0.000297, 0.000499
178, 0.000000, 0.013723, 0.000065, 0.000040, 0.000353, 0.000583
178, 0.000000, 0.013749, 0.000065, 0.000040, 0.000354, 0.000583
178, 0.000000, 0.014433, 0.000069, 0.000041, 0.000370, 0.000598
178, 0.000000, 0.014452, 0.000069, 0.000041, 0.000370, 0.000598
178, 0.000000, 0.014903, 0.000072, 0.000044, 0.000391, 0.000633
178, 0.000000, 0.014919, 0.000072, 0.000045, 0.000391, 0.000633
178, 0.000000, 0.018696, 0.000082, 0.000047, 0.000476, 0.000730
178, 0.000000, 0.018720, 0.000083, 0.000048, 0.000476, 0.000730
178, 0.000000, 0.021179, 0.000091, 0.000054, 0.000528, 0.000794
178, 0.000000, 0.021232, 0.000091, 0.000054, 0.000529, 0.000794
178, 0.000000, 0.021608, 0.000094, 0.000056, 0.000537, 0.000811
178, 0.000000, 0.021617, 0.000094, 0.000056, 0.000537, 0.000812
178, 0.000000, 0.022446, 0.000099, 0.000059, 0.000560, 0.000850
178, 0.000000, 0.022455, 0.000099, 0.000059, 0.000560, 0.000851
178, 0.000000, 0.023141, 0.000102, 0.000062, 0.000576, 0.000871
178, 0.000000, 0.023166, 0.000102, 0.000062, 0.000576, 0.000871
178, 0.000000, 0.024254, 0.000105, 0.000063, 0.000601, 0.000891
178, 0.000000, 0.024293, 0.000105, 0.000064, 0.000602, 0.000892
178, 0.000000, 2.243540, 0.010415, 0.004446, 0.052757, 0.070321
178, 0.000000, 2.243557, 0.010415, 0.004446, 0.052758, 0.070321
178, 0.000000, 2.243505, 0.010414, 0.004445, 0.052760, 0.070316
178, 0.000000, 2.243515, 0.010413, 0.004444, 0.052760, 0.070316
178, 0.000000, 2.245275, 0.010412, 0.004447, 0.052786, 0.070317
178, 0.000000, 2.245292, 0.010411, 0.004447, 0.052786, 0.070316
178, 0.000000, 2.245193, 0.010409, 0.004449, 0.052791, 0.070318
179, 0.000000, 0.000432, 0.000001, 0.000001, 0.000009, 0.000016
179, 0.000000, 0.014308, 0.000075, 0.000057, 0.000380, 0.000728
179, 0.000000, 0.014287, 0.000075, 0.000057, 0.000380, 0.000728
179, 0.000000, 0.015726, 0.000082, 0.000062, 0.000403, 0.000761
179, 0.000000, 0.015745, 0.000082, 0.000062, 0.000403, 0.000760
179, 0.000000, 0.019112, 0.000108, 0.000086, 0.000491, 0.000892
179, 0.000000, 0.019125, 0.000108, 0.000086, 0.000491, 0.000891
179, 0.000000, 0.020187, 0.000112, 0.000089, 0.000514, 0.000924
179, 0.000000, 0.020214, 0.000112, 0.000090, 0.000515, 0.000924
179, 0.000000, 0.022180, 0.000122, 0.000092, 0.000554, 0.000974
179, 0.000000, 0.022222, 0.000122, 0.000092, 0.000555, 0.000974
179, 0.000000, 0.022323, 0.000124, 0.000096, 0.000565, 0.000989
179, 0.000000, 0.022330, 0.000124, 0.000095, 0.000564, 0.000989
179, 0.000000, 0.042055, 0.000188, 0.000121, 0.000990, 0.001418
179, 0.000000, 0.042022, 0.000188, 0.000121, 0.000990, 0.001420
179, 0.000000, 0.041489, 0.000190, 0.000120, 0.000988, 0.001434
179, 0.000000, 0.041457, 0.000190, 0.000120, 0.000988, 0.001434
179, 0.000000, 0.042749, 0.000200, 0.000127, 0.001002, 0.001476
179, 0.000000, 0.042752, 0.000200, 0.000127, 0.001002, 0.001476
179, 0.000000, 0.041233, 0.000205, 0.000134, 0.000995, 0.001533
179, 0.000000, 0.041214, 0.000205, 0.000134, 0.000995, 0.001533
179, 0.000000, 0.042285, 0.000215, 0.000140, 0.001020, 0.001576
179, 0.000000, 0.042270, 0.000215, 0.000139, 0.001020, 0.001577
179, 0.000000, 0.068083, 0.000345, 0.000199, 0.001736, 0.002663
179, 0.000000, 0.068136, 0.000345, 0.000199, 0.001737, 0.002663
179, 0.000000, 0.068224, 0.000351, 0.000200, 0.001755, 0.002710
179, 0.000000, 0.068265, 0.000351, 0.000201, 0.001756, 0.002712
179, 0.000000, 0.068216, 0.000348, 0.000196, 0.001762, 0.002730
179, 0.000000, 0.068250, 0.000348, 0.000196, 0.001763, 0.002729
179, 0.000000, 0.067945, 0.000351, 0.000195, 0.001758, 0.002737
179, 0.000000, 0.068008, 0.000351, 0.000195, 0.001759, 0.002737
179, 0.000000, 0.067763, 0.000355, 0.000199, 0.001761, 0.002747
180, 0.000000, 0.000369, 0.000001, 0.000001, 0.000007, 0.000011
180, 0.000000, 0.007253, 0.000040, 0.000025, 0.000181, 0.000348
180, 0.000000, 0.007249, 0.000039, 0.000024, 0.000181, 0.000348
180, 0.000000, 0.024029, 0.000108, 0.000063, 0.000582, 0.001084
180, 0.000000, 0.024028, 0.000108, 0.000063, 0.000581, 0.001084
180, 0.000000, 0.024710, 0.000116, 0.000066, 0.000602, 0.001116
180, 0.000000, 0.024738, 0.000116, 0.000066, 0.000602, 0.001116
180, 0.000000, 0.025296, 0.000119, 0.000068, 0.000617, 0.001144
180, 0.000000, 0.025359, 0.000119, 0.000068, 0.000618, 0.001144
180, 0.000000, 0.028718, 0.000134, 0.000072, 0.000687, 0.001183
180, 0.000000, 0.028742, 0.000134, 0.000072, 0.000688, 0.001183
180, 0.000000, 0.029376, 0.000139, 0.000074, 0.000705, 0.001197
180, 0.000000, 0.029435, 0.000138, 0.000074, 0.000707, 0.001197
180, 0.000000, 0.029429, 0.000137, 0.000073, 0.000710, 0.001199
180, 0.000000, 0.029460, 0.000137, 0.000073, 0.000711, 0.001200
180, 0.000000, 0.030381, 0.000137, 0.000073, 0.000728, 0.001216
180, 0.000000, 0.030446, 0.000137, 0.000073, 0.000729, 0.001217
180, 0.000000, 0.031314, 0.000140, 0.000073, 0.000745, 0.001234
180, 0.000000, 0.031361, 0.000141, 0.000073, 0.000746, 0.001235
180, 0.000000, 0.032510, 0.000139, 0.000073, 0.000773, 0.001246
180, 0.000000, 0.032565, 0.000139, 0.000073, 0.000774, 0.001247
180, 0.000000, 0.035306, 0.000160, 0.000090, 0.000842, 0.001327
180, 0.000000, 0.035365, 0.000160, 0.000091, 0.000844, 0.001328
180, 0.000000, 0.035126, 0.000162, 0.000093, 0.000847, 0.001345
180, 0.000000, 0.035184, 0.000162, 0.000094, 0.000849, 0.001346
180, 0.000000, 0.035128, 0.000163, 0.000093, 0.000851, 0.001357
180, 0.000000, 0.035221, 0.000164, 0.000093, 0.000853, 0.001357
180, 0.000000, 0.035765, 0.000165, 0.000093, 0.000860, 0.001364
180, 0.000000, 0.035845, 0.000165, 0.000093, 0.000861, 0.001364
180, 0.000000, 0.036342, 0.000167, 0.000096, 0.000876, 0.001381
180, 0.000000, 0.036418, 0.000167, 0.000096, 0.000876, 0.001381
180, 0.000000, 0.036134, 0.000165, 0.000097, 0.000873, 0.001411
181, 0.000000, 0.000377, 0.000002, 0.000002, 0.000008, 0.000015
181, 0.000000, 0.010244, 0.000073, 0.000092, 0.000303, 0.000493
181, 0.000000, 0.010242, 0.000073, 0.000092, 0.000303, 0.000494
181, 0.000000, 0.011044, 0.000074, 0.000093, 0.000318, 0.000511
181, 0.000000, 0.011102, 0.000074, 0.000093, 0.000319, 0.000512
181, 0.000000, 0.016213, 0.000103, 0.000104, 0.000454, 0.000718
181, 0.000000, 0.016214, 0.000103, 0.000105, 0.000455, 0.000718
181, 0.000000, 0.019576, 0.000133, 0.000131, 0.000564, 0.000953
181, 0.000000, 0.019661, 0.000133, 0.000131, 0.000565, 0.000954
181, 0.000000, 0.020674, 0.000137, 0.000134, 0.000592, 0.000983
181, 0.000000, 0.020766, 0.000137, 0.000134, 0.000593, 0.000984
181, 0.000000, 0.021613, 0.000142, 0.000143, 0.000616, 0.001017
181, 0.000000, 0.021672, 0.000142, 0.000143, 0.000617, 0.001017
181, 0.000000, 0.023532, 0.000150, 0.000129, 0.000647, 0.001103
181, 0.000000, 0.023547, 0.000149, 0.000129, 0.000647, 0.001103
181, 0.000000, 0.026359, 0.000158, 0.000130, 0.000710, 0.001160
181, 0.000000, 0.026391, 0.000158, 0.000130, 0.000711, 0.001161
181, 0.000000, 0.027015, 0.000161, 0.000128, 0.000720, 0.001183
181, 0.000000, 0.027053, 0.000161, 0.000128, 0.000721, 0.001183
181, 0.000000, 0.027492, 0.000162, 0.000130, 0.000732, 0.001198
181, 0.000000, 0.027551, 0.000163, 0.000131, 0.000733, 0.001199
181, 0.000000, 0.027948, 0.000170, 0.000134, 0.000752, 0.001238
181, 0.000000, 0.027993, 0.000170, 0.000134, 0.000753, 0.001238
181, 0.000000, 0.901618, 0.004258, 0.002742, 0.023544, 0.040738
181, 0.000000, 0.901588, 0.004258, 0.002742, 0.023544, 0.040738
181, 0.000000, 0.901391, 0.004258, 0.002742, 0.023538, 0.040734
181, 0.000000, 0.901337, 0.004258, 0.002742, 0.023537, 0.040734
181, 0.000000, 0.901018, 0.004259, 0.002741, 0.023531, 0.040734
181, 0.000000, 0.900995, 0.004259, 0.002742, 0.023532, 0.040735
181, 0.000000, 0.901312, 0.004258, 0.002739, 0.023533, 0.040727
181, 0.000000, 0.901272, 0.004258, 0.002739, 0.023533, 0.040727
181, 0.000000, 0.902400, 0.004261, 0.002736, 0.023541, 0.040714
182, 0.000000, 0.000333, 0.000002, 0.000002, 0.000008, 0.000018
182, 0.000000, 0.017388, 0.000092, 0.000066, 0.000455, 0.000756
182, 0.000000, 0.017408, 0.000092, 0.000066, 0.000455, 0.000756
182, 0.000000, 0.027324, 0.000116, 0.000070, 0.000637, 0.000893
182, 0.000000, 0.027371, 0.000116, 0.000070, 0.000638, 0.000893
182, 0.000000, 0.027538, 0.000116, 0.000069, 0.000642, 0.000908
182, 0.000000, 0.027590, 0.000116, 0.000069, 0.000643, 0.000909
182, 0.000000, 0.027975, 0.000116, 0.000071, 0.000656, 0.000933
182, 0.000000, 0.028050, 0.000116, 0.000071, 0.000657, 0.000933
182, 0.000000, 0.031822, 0.000136, 0.000082, 0.000748, 0.001126
182, 0.000000, 0.031920, 0.000136, 0.000082, 0.000749, 0.001126
182, 0.000000, 0.031806, 0.000137, 0.000085, 0.000752, 0.001142
182, 0.000000, 0.031892, 0.000137, 0.000085, 0.000753, 0.001143
182, 0.000000, 0.032499, 0.000140, 0.000085, 0.000764, 0.001165
182, 0.000000, 0.032581, 0.000140, 0.000085, 0.000764, 0.001166
182, 0.000000, 0.131225, 0.000484, 0.000253, 0.002965, 0.003813
182, 0.000000, 0.131237, 0.000484, 0.000253, 0.002965, 0.003813
182, 0.000000, 0.131751, 0.000482, 0.000251, 0.002972, 0.003814
182, 0.000000, 0.131753, 0.000482, 0.000250, 0.002972, 0.003813
182, 0.004205, 2581155.000000, 13217.591541, 8516.991666, 67765.091937, 109253.670343
182, 0.004205, 2581155.000000, 13217.591541, 8516.991666, 67765.091937, 109253.670343
182, 0.004205, 2581155.000000, 13217.591541, 8516.991666, 67765.091937, 109253.670343
182, 0.004205, 2581155.000000, 13217.591541, 8516.991666, 67765.091937, 109253.670343
182, 0.004205, 2581155.000000, 13217.591424, 8516.991607, 67765.091713, 109253.670938
182, 0.004205, 2581155.000000, 13217.591424, 8516.991607, 67765.091713, 109253.670938
182, 0.004205, 2581155.000000, 13217.591424, 8516.991607, 67765.091713, 109253.670938
182, 0.004205, 2581155.000000, 13217.591424, 8516.991607, 67765.091713, 109253.670938
182, 0.004205, 2581155.000000, 13217.591424, 8516.991607, 67765.091713, 109253.670938
182, 0.004205, 2581155.000000, 13217.591424, 8516.991607, 67765.091713, 109253.670938
182, 0.004205, 2581155.000000, 13217.591424, 8516.991607, 67765.091713, 109253.670938
182, 0.004205, 2581155.000000, 13217.591424, 8516.991607, 67765.091713, 109253.670938
182, 0.004205, 2581155.000000, 13217.591424, 8516.991607, 67765.091713, 109253.670938
183, 0.000000, 0.000356, 0.000006, 0.000005, 0.000010, 0.000019
183, 0.000000, 0.009517, 0.000041, 0.000022, 0.000220, 0.000300
183, 0.000000, 0.009533, 0.000041, 0.000022, 0.000221, 0.000301
183, 0.000000, 0.010596, 0.000046, 0.000024, 0.000242, 0.000343
183, 0.000000, 0.010631, 0.000046, 0.000024, 0.000243, 0.000343
183, 0.000000, 0.015964, 0.000065, 0.000032, 0.000363, 0.000471
183, 0.000000, 0.015999, 0.000065, 0.000032, 0.000364, 0.000471
183, 0.000001, 2351.885498, 10.356714, 6.073402, 56.792503, 100.556844
183, 0.000001, 2351.885742, 10.356714, 6.073402, 56.792505, 100.556846
183, 0.000001, 2351.884521, 10.356703, 6.073384, 56.792491, 100.556843
183, 0.000001, 2351.884521, 10.356703, 6.073383, 56.792490, 100.556843
183, 0.000001, 2351.884766, 10.356705, 6.073383, 56.792494, 100.556848
183, 0.000001, 2351.884766, 10.356705, 6.073383, 56.792494, 100.556848
183, 0.000001, 2351.885010, 10.356705, 6.073385, 56.792495, 100.556849
183, 0.000001, 2351.884766, 10.356706, 6.073385, 56.792491, 100.556849
183, 0.000001, 2351.885010, 10.356709, 6.073386, 56.792497, 100.556858
183, 0.000001, 2351.885010, 10.356708, 6.073386, 56.792497, 100.556857
183, 0.000001, 2351.884033, 10.356710, 6.073389, 56.792490, 100.556862
183, 0.000001, 2351.884033, 10.356710, 6.073389, 56.792490, 100.556862
183, 0.000001, 2351.883057, 10.356708, 6.073389, 56.792480, 100.556863
183, 0.000001, 2351.883301, 10.356708, 6.073389, 56.792482, 100.556863
183, 0.000001, 2351.882812, 10.356709, 6.073386, 56.792475, 100.556867
183, 0.000001, 2351.882812, 10.356709, 6.073386, 56.792476, 100.556866
183, 0.000001, 2351.879883, 10.356708, 6.073389, 56.792430, 100.556868
183, 0.000001, 2351.879883, 10.356708, 6.073388, 56.792429, 100.556868
183, 0.000001, 2351.878418, 10.356710, 6.073391, 56.792408, 100.556863
183, 0.000001, 2351.878418, 10.356710, 6.073390, 56.792408, 100.556863
183, 0.000001, 2351.877197, 10.356710, 6.073392, 56.792398, 100.556863
183, 0.000001, 2351.877197, 10.356710, 6.073393, 56.792398, 100.556863
183, 0.000001, 2351.875732, 10.356710, 6.073390, 56.792370, 100.556873
183, 0.000001, 2351.875488, 10.356710, 6.073390, 56.792367, 100.556872
183, 0.000001, 2351.875732, 10.356712, 6.073392, 56.792380, 100.556879
184, 0.000000, 0.000331, 0.000001, 0.000001, 0.000007, 0.000008
184, 0.000000, 0.007737, 0.000033, 0.000017, 0.000190, 0.000287
184, 0.000000, 0.007724, 0.000033, 0.000017, 0.000190, 0.000288
184, 0.000000, 0.015279, 0.000078, 0.000049, 0.000398, 0.000757
184, 0.000000, 0.015282, 0.000078, 0.000049, 0.000398, 0.000756
184, 0.000000, 0.016717, 0.000080, 0.000054, 0.000426, 0.000784
184, 0.000000, 0.016726, 0.000080, 0.000054, 0.000426, 0.000785
184, 0.000000, 0.021763, 0.000109, 0.000073, 0.000552, 0.000962
184, 0.000000, 0.021777, 0.000109, 0.000073, 0.000552, 0.000962
184, 0.000000, 0.022085, 0.000109, 0.000072, 0.000555, 0.000970
184, 0.000000, 0.022076, 0.000109, 0.000073, 0.000555, 0.000970
184, 0.000000, 0.022270, 0.000109, 0.000072, 0.000559, 0.000974
184, 0.000000, 0.022287, 0.000109, 0.000072, 0.000560, 0.000975
184, 0.000000, 0.023800, 0.000115, 0.000077, 0.000600, 0.001046
184, 0.000000, 0.023832, 0.000115, 0.000077, 0.000600, 0.001047
184, 0.000000, 0.026714, 0.000130, 0.000091, 0.000678, 0.001139
184, 0.000000, 0.026734, 0.000130, 0.000091, 0.000678, 0.001139
184, 0.000000, 0.027293, 0.000129, 0.000088, 0.000692, 0.001147
184, 0.000000, 0.027303, 0.000129, 0.000088, 0.000692, 0.001148
184, 0.000000, 0.028060, 0.000129, 0.000085, 0.000704, 0.001158
184, 0.000000, 0.028135, 0.000129, 0.000085, 0.000706, 0.001159
184, 0.000000, 0.028996, 0.000133, 0.000086, 0.000725, 0.001185
184, 0.000000, 0.029021, 0.000133, 0.000086, 0.000725, 0.001186
184, 0.000000, 0.029032, 0.000134, 0.000087, 0.000730, 0.001200
184, 0.000000, 0.029084, 0.000134, 0.000087, 0.000731, 0.001201
184, 0.000000, 0.029660, 0.000135, 0.000088, 0.000739, 0.001215
184, 0.000000, 0.029658, 0.000135, 0.000089, 0.000739, 0.001215
184, 0.000000, 0.031607, 0.000139, 0.000091, 0.000783, 0.001254
184, 0.000000, 0.031657, 0.000139, 0.000091, 0.000784, 0.001255
184, 0.000000, 0.032997, 0.000142, 0.000095, 0.000816, 0.001280
184, 0.000000, 0.033048, 0.000142, 0.000094, 0.000816, 0.001279
184, 0.000000, 0.034615, 0.000145, 0.000096, 0.000843, 0.001300
185, 0.000000, 0.000362, 0.000002, 0.000002, 0.000008, 0.000019
185, 0.000000, 0.006850, 0.000031, 0.000017, 0.000167, 0.000285
185, 0.000000, 0.006806, 0.000031, 0.000017, 0.000166, 0.000286
185, 0.000000, 0.008893, 0.000041, 0.000023, 0.000216, 0.000359
185, 0.000000, 0.008880, 0.000041, 0.000023, 0.000216, 0.000360
185, 0.000000, 0.010321, 0.000045, 0.000025, 0.000245, 0.000402
185, 0.000000, 0.010324, 0.000045, 0.000025, 0.000245, 0.000402
185, 0.000000, 0.014531, 0.000072, 0.000039, 0.000361, 0.000593
185, 0.000000, 0.014561, 0.000072, 0.000039, 0.000361, 0.000593
185, 0.000000, 0.017393, 0.000086, 0.000042, 0.000421, 0.000655
185, 0.000000, 0.017399, 0.000086, 0.000042, 0.000421, 0.000655
185, 0.000000, 0.022865, 0.000117, 0.000063, 0.000551, 0.000869
185, 0.000000, 0.022930, 0.000117, 0.000063, 0.000552, 0.000869
185, 0.000000, 0.023376, 0.000118, 0.000066, 0.000564, 0.000889
185, 0.000000, 0.023424, 0.000119, 0.000066, 0.000564, 0.000889
185, 0.000000, 0.025780, 0.000130, 0.000070, 0.000610, 0.000954
185, 0.000000, 0.025845, 0.000130, 0.000070, 0.000611, 0.000954
185, 0.000000, 0.034494, 0.000155, 0.000092, 0.000785, 0.001189
185, 0.000000, 0.034551, 0.000156, 0.000092, 0.000785, 0.001189
185, 0.000000, 0.035415, 0.000159, 0.000092, 0.000801, 0.001199
185, 0.000000, 0.035506, 0.000159, 0.000092, 0.000802, 0.001199
185, 0.000000, 0.035637, 0.000160, 0.000093, 0.000809, 0.001212
185, 0.000000, 0.035696, 0.000160, 0.000093, 0.000809, 0.001212
185, 0.000000, 0.037964, 0.000177, 0.000105, 0.000877, 0.001339
185, 0.000000, 0.038006, 0.000177, 0.000105, 0.000878, 0.001340
185, 0.000000, 0.039076, 0.000181, 0.000108, 0.000897, 0.001368
185, 0.000000, 0.039113, 0.000181, 0.000108, 0.000898, 0.001369
185, 0.000000, 0.039504, 0.000182, 0.000109, 0.000906, 0.001387
185, 0.000000, 0.039571, 0.000182, 0.000109, 0.000907, 0.001387
185, 0.000000, 0.559323, 0.002860, 0.001186, 0.014202, 0.018108
185, 0.000000, 0.559358, 0.002860, 0.001186, 0.014203, 0.018108
185, 0.000000, 0.557085, 0.002862, 0.001190, 0.014164, 0.018119
186, 0.000000, 0.000356, 0.000002, 0.000002, 0.000009, 0.000024
186, 0.000000, 0.004129, 0.000020, 0.000011, 0.000098, 0.000174
186, 0.000000, 0.004140, 0.000020, 0.000012, 0.000100, 0.000180
186, 0.000000, 0.007674, 0.000037, 0.000028, 0.000186, 0.000301
186, 0.000000, 0.007720, 0.000037, 0.000028, 0.000187, 0.000301
186, 0.000000, 0.010094, 0.000047, 0.000031, 0.000237, 0.000352
186, 0.000000, 0.010179, 0.000047, 0.000031, 0.000238, 0.000352
186, 0.000000, 0.010999, 0.000054, 0.000040, 0.000264, 0.000433
186, 0.000000, 0.011045, 0.000054, 0.000040, 0.000265, 0.000434
186, 0.000000, 0.012007, 0.000057, 0.000038, 0.000284, 0.000469
186, 0.000000, 0.012056, 0.000057, 0.000038, 0.000285, 0.000470
186, 0.000000, 0.017458, 0.000085, 0.000064, 0.000455, 0.000754
186, 0.000000, 0.017535, 0.000085, 0.000064, 0.000455, 0.000755
186, 0.000015, 33894.328125, 140.020268, 67.719013, 793.911826, 1312.294147
186, 0.000015, 33894.328125, 140.020268, 67.719013, 793.911826, 1312.294135
186, 0.000015, 33894.328125, 140.020269, 67.719014, 793.911835, 1312.294146
186, 0.000015, 33894.328125, 140.020269, 67.719013, 793.911835, 1312.294146
186, 0.013346, 6624650.000000, 28153.555658, 14165.884474, 154686.223728, 221092.097522
186, 0.013346, 6624650.000000, 28153.555658, 14165.884474, 154686.223728, 221092.097522
186, 0.013346, 6624650.000000, 28153.555658, 14165.884474, 154686.223728, 221092.097522
186, 0.013346, 6624650.000000, 28153.555658, 14165.884474, 154686.223728, 221092.097522
186, 0.013346, 6624650.000000, 28153.555658, 14165.884474, 154686.223728, 221092.097522
186, 0.013346, 6624650.000000, 28153.555658, 14165.884474, 154686.223728, 221092.097522
186, 0.013346, 6624650.000000, 28153.555658, 14165.884474, 154686.223728, 221092.097522
186, 0.013346, 6624650.000000, 28153.555658, 14165.884474, 154686.223728, 221092.097522
186, 0.013346, 6624650.000000, 28153.555658, 14165.884474, 154686.223728, 221092.097522
186, 0.013346, 6624650.000000, 28153.555658, 14165.884474, 154686.223728, 221092.097522
186, 0.013346, 6624650.000000, 28153.555658, 14165.884474, 154686.223728, 221092.097522
186, 0.013346, 6624650.000000, 28153.555658, 14165.884474, 154686.223728, 221092.097522
186, 0.013346, 6624650.000000, 28153.555658, 14165.884474, 154686.223728, 221092.097522
186, 0.013346, 6624650.000000, 28153.555658, 14165.884474, 154686.223728, 221092.097522
186, 0.013346, 6624650.000000, 28153.555658, 14165.884474, 154686.223728, 221092.097522
187, 0.000000, 0.000333, 0.000002, 0.000002, 0.000008, 0.000014
187, 0.000000, 0.014321, 0.000074, 0.000038, 0.000332, 0.000462
187, 0.000000, 0.014278, 0.000075, 0.000039, 0.000332, 0.000463
187, 0.000000, 0.294868, 0.001155, 0.000698, 0.006949, 0.011636
187, 0.000000, 0.294796, 0.001155, 0.000698, 0.006948, 0.011636
187, 0.000000, 0.293363, 0.001157, 0.000705, 0.006934, 0.011635
187, 0.000000, 0.293350, 0.001157, 0.000705, 0.006934, 0.011635
187, 0.000000, 0.301514, 0.001168, 0.000723, 0.007078, 0.011693
187, 0.000000, 0.301529, 0.001168, 0.000723, 0.007079, 0.011693
187, 0.000000, 0.300799, 0.001163, 0.000714, 0.007061, 0.011692
187, 0.000000, 0.300780, 0.001162, 0.000713, 0.007060, 0.011691
187, 0.000000, 0.300498, 0.001162, 0.000714, 0.007055, 0.011693
187, 0.000000, 0.300452, 0.001162, 0.000714, 0.007054, 0.011693
187, 0.000000, 0.299931, 0.001162, 0.000710, 0.007045, 0.011698
187, 0.000000, 0.299908, 0.001162, 0.000710, 0.007045, 0.011698
187, 0.000000, 0.300364, 0.001160, 0.000707, 0.007048, 0.011705
187, 0.000000, 0.300349, 0.001160, 0.000707, 0.007048, 0.011705
187, 0.003980, 2205082.500000, 10044.202472, 4396.194901, 56586.800305, 82181.020599
187, 0.003980, 2205082.500000, 10044.202472, 4396.194901, 56586.800305, 82181.020599
187, 0.003980, 2205082.500000, 10044.202472, 4396.194901, 56586.800305, 82181.020599
187, 0.003980, 2205082.500000, 10044.202472, 4396.194901, 56586.800305, 82181.020599
187, 0.003980, 2205082.500000, 10044.202472, 4396.194901, 56586.800305, 82181.020599
187, 0.003980, 2205082.500000, 10044.202472, 4396.194901, 56586.800305, 82181.020599
187, 0.003980, 2205082.500000, 10044.202472, 4396.194901, 56586.800305, 82181.020599
187, 0.003980, 2205082.500000, 10044.202472, 4396.194901, 56586.800305, 82181.020599
187, 0.003980, 2205082.500000, 10044.202472, 4396.194901, 56586.800305, 82181.020599
187, 0.003980, 2205082.500000, 10044.202472, 4396.194901, 56586.800305, 82181.020599
187, 0.003980, 2205082.500000, 10044.202472, 4396.194901, 56586.800305, 82181.020599
187, 0.003980, 2205082.500000, 10044.202472, 4396.194901, 56586.800305, 82181.020599
187, 0.003980, 2205082.500000, 10044.202472, 4396.194901, 56586.800305, 82181.020599
187, 0.003980, 2205082.500000, 10044.202472, 4396.194901, 56586.800305, 82181.020599
187, 0.003980, 2205082.500000, 10044.202472, 4396.194901, 56586.800305, 82181.020599
188, 0.000000, 0.000344, 0.000001, 0.000001, 0.000007, 0.000011
188, 0.000000, 0.004934, 0.000022, 0.000017, 0.000116, 0.000173
188, 0.000000, 0.004935, 0.000022, 0.000016, 0.000116, 0.000175
188, 0.000000, 0.005834, 0.000027, 0.000018, 0.000138, 0.000219
188, 0.000000, 0.005784, 0.000027, 0.000018, 0.000137, 0.000220
188, 0.000000, 0.034114, 0.000122, 0.000075, 0.000794, 0.001163
188, 0.000000, 0.034156, 0.000122, 0.000075, 0.000795, 0.001164
188, 0.000000, 0.036109, 0.000128, 0.000079, 0.000832, 0.001195
188, 0.000000, 0.036146, 0.000128, 0.000079, 0.000832, 0.001196
188, 0.000000, 0.036687, 0.000131, 0.000082, 0.000845, 0.001212
188, 0.000000, 0.036706, 0.000131, 0.000082, 0.000846, 0.001212
188, 0.000000, 0.037635, 0.000134, 0.000083, 0.000872, 0.001243
188, 0.000000, 0.037671, 0.000134, 0.000083, 0.000872, 0.001243
188, 0.000000, 0.036800, 0.000135, 0.000082, 0.000858, 0.001246
188, 0.000000, 0.036804, 0.000134, 0.000082, 0.000859, 0.001247
188, 0.000000, 0.035785, 0.000137, 0.000083, 0.000844, 0.001264
188, 0.000000, 0.035811, 0.000137, 0.000083, 0.000844, 0.001264
188, 0.000000, 0.035990, 0.000139, 0.000085, 0.000849, 0.001269
188, 0.000000, 0.036011, 0.000139, 0.000085, 0.000849, 0.001270
188, 0.000000, 0.036994, 0.000141, 0.000086, 0.000864, 0.001288
188, 0.000000, 0.037007, 0.000141, 0.000086, 0.000864, 0.001289
188, 0.000000, 0.037696, 0.000144, 0.000088, 0.000881, 0.001313
188, 0.000000, 0.037724, 0.000144, 0.000088, 0.000881, 0.001314
188, 0.000000, 12.025753, 0.051193, 0.028410, 0.297669, 0.483682
188, 0.000000, 12.025789, 0.051193, 0.028410, 0.297669, 0.483681
188, 0.000000, 12.025848, 0.051193, 0.028410, 0.297669, 0.483682
188, 0.000000, 12.025842, 0.051193, 0.028410, 0.297669, 0.483682
188, 0.000000, 12.026300, 0.051196, 0.028414, 0.297682, 0.483689
188, 0.000000, 12.026323, 0.051196, 0.028414, 0.297682, 0.483688
188, 0.000000, 12.028598, 0.051197, 0.028417, 0.297713, 0.483691
188, 0.000000, 12.028641, 0.051198, 0.028417, 0.297713, 0.483691
188, 0.000000, 12.026999, 0.051192, 0.028429, 0.297717, 0.483745
189, 0.000000, 0.000337, 0.000002, 0.000002, 0.000008, 0.000021
189, 0.000000, 0.003447, 0.000014, 0.000008, 0.000083, 0.000137
189, 0.000000, 0.003447, 0.000015, 0.000009, 0.000083, 0.000139
189, 0.000000, 0.008434, 0.000040, 0.000023, 0.000231, 0.000328
189, 0.000000, 0.008458, 0.000040, 0.000023, 0.000231, 0.000328
189, 0.000000, 0.009910, 0.000050, 0.000029, 0.000268, 0.000389
189, 0.000000, 0.009958, 0.000050, 0.000029, 0.000269, 0.000390
189, 0.000000, 0.012412, 0.000058, 0.000034, 0.000315, 0.000469
189, 0.000000, 0.012465, 0.000059, 0.000034, 0.000316, 0.000469
189, 0.000000, 0.011684, 0.000064, 0.000043, 0.000317, 0.000528
189, 0.000000, 0.011721, 0.000064, 0.000044, 0.000318, 0.000528
189, 0.000000, 0.013219, 0.000070, 0.000044, 0.000347, 0.000577
189, 0.000000, 0.013274, 0.000070, 0.000045, 0.000348, 0.000578
189, 0.000000, 0.014911, 0.000076, 0.000047, 0.000382, 0.000617
189, 0.000000, 0.014967, 0.000076, 0.000047, 0.000383, 0.000617
189, 0.000000, 0.015326, 0.000079, 0.000048, 0.000391, 0.000644
189, 0.000000, 0.015380, 0.000079, 0.000050, 0.000393, 0.000646
189, 0.000000, 0.015881, 0.000085, 0.000058, 0.000416, 0.000698
189, 0.000000, 0.015927, 0.000086, 0.000059, 0.000418, 0.000699
189, 11.096244, 9304324096.000000, 46891121.335756, 25166263.333088, 237293662.774449, 447805380.168870
189, 11.096244, 9304324096.000000, 46891121.335756, 25166263.333088, 237293662.774449, 447805380.168870
189, 11.096244, 9304324096.000000, 46891121.335756, 25166263.333088, 237293662.774449, 447805380.168870
189, 11.096244, 9304324096.000000, 46891121.335756, 25166263.333088, 237293662.774449, 447805380.168870
189, 11.096244, 9304324096.000000, 46891121.335756, 25166263.333088, 237293662.774449, 447805380.168870
189, 11.096244, 9304324096.000000, 46891121.335756, 25166263.333088, 237293662.774449, 447805380.168870
189, 11.096244, 9304324096.000000, 46891121.335756, 25166263.333088, 237293662.774449, 447805380.168870
189, 11.096244, 9304324096.000000, 46891121.335756, 25166263.333088, 237293662.774449, 447805380.168870
189, 11.096244, 9304324096.000000, 46891121.335756, 25166263.333088, 237293662.774449, 447805380.168870
189, 11.096244, 9304324096.000000, 46891121.335756, 25166263.333088, 237293662.774449, 447805380.168870
189, 11.096244, 9304324096.000000, 46891121.335756, 25166263.333088, 237293662.774449, 447805380.168870
189, 11.096244, 9304324096.000000, 46891121.335756, 25166263.333088, 237293662.774449, 447805380.168870
189, 11.096244, 9304324096.000000, 46891121.335756, 25166263.333088, 237293662.774449, 447805380.168870
190, 0.000000, 0.000366, 0.000002, 0.000001, 0.000007, 0.000017
190, 0.000000, 0.014791, 0.000068, 0.000035, 0.000349, 0.000535
190, 0.000000, 0.014773, 0.000068, 0.000035, 0.000349, 0.000536
190, 0.000000, 0.017078, 0.000072, 0.000036, 0.000390, 0.000563
190, 0.000000, 0.017067, 0.000072, 0.000036, 0.000390, 0.000564
190, 0.000000, 0.019752, 0.000083, 0.000046, 0.000446, 0.000630
190, 0.000000, 0.019696, 0.000083, 0.000046, 0.000445, 0.000630
190, 0.000000, 0.021968, 0.000088, 0.000049, 0.000488, 0.000673
190, 0.000000, 0.021992, 0.000088, 0.000049, 0.000489, 0.000673
190, 0.000000, 0.022371, 0.000098, 0.000061, 0.000523, 0.000777
190, 0.000000, 0.022366, 0.000098, 0.000061, 0.000523, 0.000777
190, 0.000000, 0.022627, 0.000101, 0.000064, 0.000536, 0.000809
190, 0.000000, 0.022650, 0.000101, 0.000064, 0.000536, 0.000811
190, 0.000000, 0.023114, 0.000103, 0.000064, 0.000549, 0.000831
190, 0.000000, 0.023143, 0.000103, 0.000064, 0.000550, 0.000831
190, 0.000000, 0.024228, 0.000107, 0.000069, 0.000573, 0.000857
190, 0.000000, 0.024257, 0.000107, 0.000069, 0.000574, 0.000858
190, 0.000000, 0.025211, 0.000112, 0.000079, 0.000606, 0.000910
190, 0.000000, 0.025250, 0.000112, 0.000078, 0.000606, 0.000910
190, 0.000000, 0.028526, 0.000120, 0.000073, 0.000662, 0.000988
190, 0.000000, 0.028546, 0.000121, 0.000073, 0.000662, 0.000989
190, 0.000000, 0.029766, 0.000125, 0.000074, 0.000684, 0.001008
190, 0.000000, 0.029761, 0.000126, 0.000074, 0.000684, 0.001009
190, 0.000000, 0.030051, 0.000131, 0.000076, 0.000702, 0.001041
190, 0.000000, 0.030042, 0.000130, 0.000076, 0.000702, 0.001041
190, 0.000000, 0.031017, 0.000143, 0.000085, 0.000743, 0.001151
190, 0.000000, 0.031038, 0.000144, 0.000085, 0.000744, 0.001152
190, 0.000000, 0.040676, 0.000193, 0.000109, 0.000956, 0.001487
190, 0.000000, 0.040728, 0.000193, 0.000109, 0.000957, 0.001488
190, 0.000000, 0.620928, 0.002601, 0.001068, 0.014785, 0.019174
190, 0.000000, 0.620944, 0.002600, 0.001069, 0.014785, 0.019174
190, 0.000000, 0.620674, 0.002600, 0.001071, 0.014783, 0.019177
191, 0.000000, 0.000339, 0.000002, 0.000001, 0.000007, 0.000011
191, 0.000000, 0.008721, 0.000039, 0.000023, 0.000215, 0.000319
191, 0.000000, 0.008735, 0.000039, 0.000023, 0.000215, 0.000320
191, 0.000000, 0.009807, 0.000048, 0.000028, 0.000245, 0.000373
191, 0.000000, 0.009784, 0.000048, 0.000028, 0.000244, 0.000373
191, 0.000000, 0.010638, 0.000055, 0.000030, 0.000267, 0.000432
191, 0.000000, 0.010655, 0.000055, 0.000030, 0.000267, 0.000432
191, 0.000000, 0.014625, 0.000082, 0.000050, 0.000373, 0.000605
191, 0.000000, 0.014643, 0.000082, 0.000050, 0.000373, 0.000606
191, 0.000000, 0.018952, 0.000092, 0.000054, 0.000464, 0.000735
191, 0.000000, 0.018976, 0.000091, 0.000055, 0.000464, 0.000736
191, 0.000000, 0.018545, 0.000097, 0.000058, 0.000463, 0.000766
191, 0.000000, 0.018543, 0.000097, 0.000058, 0.000463, 0.000766
191, 0.000000, 0.020394, 0.000099, 0.000056, 0.000491, 0.000804
191, 0.000000, 0.020406, 0.000099, 0.000056, 0.000491, 0.000805
191, 0.000000, 0.020395, 0.000100, 0.000060, 0.000508, 0.000868
191, 0.000000, 0.020404, 0.000100, 0.000060, 0.000508, 0.000868
191, 0.000000, 0.021598, 0.000104, 0.000062, 0.000531, 0.000885
191, 0.000000, 0.021632, 0.000104, 0.000062, 0.000532, 0.000886
191, 0.000000, 0.022135, 0.000105, 0.000062, 0.000544, 0.000903
191, 0.000000, 0.022173, 0.000105, 0.000062, 0.000544, 0.000903
191, 0.000000, 0.022872, 0.000106, 0.000064, 0.000564, 0.000928
191, 0.000000, 0.022897, 0.000106, 0.000064, 0.000565, 0.000929
191, 0.000000, 0.024110, 0.000114, 0.000068, 0.000602, 0.000996
191, 0.000000, 0.024159, 0.000114, 0.000068, 0.000602, 0.000997
191, 0.000000, 0.025004, 0.000115, 0.000069, 0.000619, 0.001002
191, 0.000000, 0.025025, 0.000115, 0.000069, 0.000619, 0.001003
191, 0.001767, 3788411.500000, 15828.506066, 7630.142162, 88929.797931, 133486.177102
191, 0.001767, 3788411.500000, 15828.506066, 7630.142162, 88929.797931, 133486.177102
191, 0.001767, 3788411.500000, 15828.506066, 7630.142162, 88929.797931, 133486.177102
191, 0.001767, 3788411.500000, 15828.506066, 7630.142162, 88929.797931, 133486.177102
191, 0.001767, 3788411.500000, 15828.506066, 7630.142162, 88929.797931, 133486.177102
192, 0.000000, 0.000339, 0.000001, 0.000001, 0.000008, 0.000014
192, 0.000000, 0.007336, 0.000029, 0.000017, 0.000179, 0.000259
192, 0.000000, 0.007358, 0.000030, 0.000017, 0.000180, 0.000260
192, 0.000000, 0.017946, 0.000070, 0.000046, 0.000418, 0.000581
192, 0.000000, 0.017960, 0.000070, 0.000046, 0.000418, 0.000581
192, 0.000000, 0.020576, 0.000086, 0.000046, 0.000497, 0.000730
192, 0.000000, 0.020599, 0.000086, 0.000046, 0.000497, 0.000730
192, 0.000000, 0.021286, 0.000088, 0.000046, 0.000506, 0.000753
192, 0.000000, 0.021323, 0.000088, 0.000046, 0.000507, 0.000753
192, 0.000000, 0.024008, 0.000098, 0.000055, 0.000569, 0.000877
192, 0.000000, 0.024065, 0.000098, 0.000055, 0.000570, 0.000877
192, 0.000000, 0.029803, 0.000143, 0.000075, 0.000747, 0.001205
192, 0.000000, 0.029837, 0.000143, 0.000075, 0.000747, 0.001205
192, 0.000000, 0.029678, 0.000143, 0.000077, 0.000756, 0.001242
192, 0.000000, 0.029705, 0.000144, 0.000077, 0.000756, 0.001243
192, 0.000000, 0.030914, 0.000144, 0.000079, 0.000779, 0.001263
192, 0.000000, 0.030929, 0.000144, 0.000079, 0.000779, 0.001264
192, 0.000000, 0.031727, 0.000149, 0.000082, 0.000803, 0.001290
192, 0.000000, 0.031761, 0.000149, 0.000082, 0.000804, 0.001290
192, 0.000000, 0.031595, 0.000151, 0.000082, 0.000805, 0.001300
192, 0.000000, 0.031652, 0.000151, 0.000082, 0.000806, 0.001300
192, 0.000000, 0.031517, 0.000153, 0.000083, 0.000808, 0.001319
192, 0.000000, 0.031569, 0.000153, 0.000083, 0.000809, 0.001319
192, 0.000000, 0.031735, 0.000154, 0.000084, 0.000813, 0.001326
192, 0.000000, 0.031774, 0.000154, 0.000084, 0.000813, 0.001326
192, 0.000000, 0.032184, 0.000157, 0.000086, 0.000828, 0.001360
192, 0.000000, 0.032227, 0.000157, 0.000086, 0.000829, 0.001360
192, 0.000000, 0.032325, 0.000157, 0.000086, 0.000832, 0.001366
192, 0.000000, 0.032389, 0.000157, 0.000086, 0.000833, 0.001367
192, 0.000000, 0.034916, 0.000164, 0.000090, 0.000877, 0.001427
192, 0.000000, 0.034947, 0.000164, 0.000090, 0.000878, 0.001428
192, 0.000000, 0.035919, 0.000169, 0.000091, 0.000907, 0.001453
193, 0.000000, 0.000302, 0.000001, 0.000002, 0.000007, 0.000013
193, 0.000000, 0.010392, 0.000046, 0.000032, 0.000237, 0.000423
193, 0.000000, 0.010366, 0.000045, 0.000032, 0.000236, 0.000423
193, 0.000000, 0.010492, 0.000047, 0.000035, 0.000250, 0.000454
193, 0.000000, 0.010489, 0.000047, 0.000035, 0.000250, 0.000454
193, 0.000000, 0.014716, 0.000063, 0.000045, 0.000345, 0.000599
193, 0.000000, 0.014726, 0.000063, 0.000045, 0.000345, 0.000600
193, 0.000000, 0.067020, 0.000285, 0.000171, 0.001564, 0.002565
193, 0.000000, 0.066992, 0.000285, 0.000171, 0.001564, 0.002565
193, 0.000000, 0.066481, 0.000285, 0.000173, 0.001560, 0.002572
193, 0.000000, 0.066483, 0.000285, 0.000174, 0.001560, 0.002572
193, 0.000000, 0.066764, 0.000286, 0.000173, 0.001563, 0.002575
193, 0.000000, 0.066739, 0.000286, 0.000173, 0.001563, 0.002575
193, 0.000000, 0.067530, 0.000286, 0.000165, 0.001584, 0.002608
193, 0.000000, 0.067513, 0.000286, 0.000164, 0.001583, 0.002608
193, 0.000000, 15.463118, 0.062021, 0.041156, 0.366454, 0.531340
193, 0.000000, 15.463099, 0.062022, 0.041156, 0.366455, 0.531340
193, 0.000000, 15.461517, 0.062024, 0.041160, 0.366429, 0.531343
193, 0.000000, 15.461509, 0.062024, 0.041159, 0.366428, 0.531342
193, 0.000000, 15.461124, 0.062021, 0.041155, 0.366422, 0.531340
193, 0.000000, 15.461111, 0.062021, 0.041155, 0.366421, 0.531340
193, 0.000000, 15.459872, 0.062020, 0.041157, 0.366413, 0.531340
193, 0.000000, 15.459888, 0.062020, 0.041157, 0.366413, 0.531340
193, 0.000000, 15.459960, 0.062020, 0.041155, 0.366415, 0.531347
193, 0.000000, 15.459954, 0.062020, 0.041156, 0.366415, 0.531347
193, 0.000000, 15.459441, 0.062020, 0.041159, 0.366415, 0.531345
193, 0.000000, 15.459431, 0.062020, 0.041159, 0.366415, 0.531345
193, 0.000000, 15.459643, 0.062020, 0.041159, 0.366423, 0.531345
193, 0.000000, 15.459672, 0.062020, 0.041159, 0.366423, 0.531345
193, 0.000000, 15.458990, 0.061956, 0.041016, 0.366251, 0.531295
193, 0.000000, 15.458984, 0.061956, 0.041017, 0.366251, 0.531296
193, 0.000000, 15.458955, 0.061957, 0.041020, 0.366257, 0.531297
194, 0.000000, 0.000304, 0.000002, 0.000001, 0.000007, 0.000019
194, 0.000000, 0.004882, 0.000021, 0.000010, 0.000116, 0.000166
194, 0.000000, 0.004941, 0.000021, 0.000010, 0.000117, 0.000168
194, 0.000000, 0.005117, 0.000024, 0.000013, 0.000127, 0.000197
194, 0.000000, 0.005180, 0.000024, 0.000013, 0.000128, 0.000198
194, 0.000000, 0.007120, 0.000032, 0.000017, 0.000174, 0.000276
194, 0.000000, 0.007168, 0.000032, 0.000018, 0.000175, 0.000280
194, 0.000000, 0.008749, 0.000040, 0.000022, 0.000217, 0.000322
194, 0.000000, 0.008781, 0.000040, 0.000022, 0.000218, 0.000323
194, 0.000000, 0.014014, 0.000059, 0.000035, 0.000342, 0.000531
194, 0.000000, 0.014034, 0.000059, 0.000035, 0.000342, 0.000531
194, 0.000000, 0.020541, 0.000100, 0.000071, 0.000541, 0.000863
194, 0.000000, 0.020550, 0.000100, 0.000071, 0.000541, 0.000862
194, 0.000000, 0.021285, 0.000102, 0.000072, 0.000555, 0.000875
194, 0.000000, 0.021291, 0.000102, 0.000071, 0.000555, 0.000875
194, 482.986755, 215765450752.000000, 1006350166.686046, 543399898.005882, 5552057572.729412, 9096120436.197922
194, 482.986755, 215765450752.000000, 1006350166.686046, 543399898.005882, 5552057572.729412, 9096120436.197922
194, 482.986755, 215765450752.000000, 1006350166.686046, 543399898.005882, 5552057572.729412, 9096120436.197922
194, 482.986755, 215765450752.000000, 1006350166.686046, 543399898.005882, 5552057572.729412, 9096120436.197922
194, 482.986755, 215765450752.000000, 1006350166.686046, 543399898.005882, 5552057572.729412, 9096120436.197922
194, 482.986755, 215765450752.000000, 1006350166.686046, 543399898.005882, 5552057572.729412, 9096120436.197922
194, 482.986755, 215765450752.000000, 1006350166.686046, 543399898.005882, 5552057572.729412, 9096120436.197922
194, 482.986755, 215765450752.000000, 1006350166.686046, 543399898.005882, 5552057572.729412, 9096120436.197922
194, 482.986755, 215765450752.000000, 1006350166.686046, 543399898.005882, 5552057572.729412, 9096120436.197922
194, 482.986755, 215765450752.000000, 1006350166.686046, 543399898.005882, 5552057572.729412, 9096120436.197922
194, 482.986755, 215765450752.000000, 1006350166.686046, 543399898.005882, 5552057572.729412, 9096120436.197922
194, 482.986755, 215765450752.000000, 1006350166.686046, 543399898.005882, 5552057572.729412, 9096120436.197922
194, 482.986755, 215765450752.000000, 1006350166.686046, 543399898.005882, 5552057572.729412, 9096120436.197922
194, 482.986755, 215765450752.000000, 1006350166.686046, 543399898.005882, 5552057572.729412, 9096120436.197922
194, 482.986755, 215765450752.000000, 1006350166.686046, 543399898.005882, 5552057572.729412, 9096120436.197922
194, 482.986755, 215765450752.000000, 1006350166.686046, 543399898.005882, 5552057572.729412, 9096120436.197922
194, 482.986755, 215765450752.000000, 1006350166.686046, 543399898.005882, 5552057572.729412, 9096120436.197922
195, 0.000000, 0.000320, 0.000002, 0.000002, 0.000008, 0.000018
195, 0.000000, 0.003763, 0.000020, 0.000010, 0.000094, 0.000160
195, 0.000000, 0.003812, 0.000020, 0.000010, 0.000095, 0.000161
195, 0.000000, 0.040810, 0.000155, 0.000091, 0.000924, 0.001348
195, 0.000000, 0.040840, 0.000155, 0.000091, 0.000924, 0.001348
195, 0.000000, 0.043199, 0.000179, 0.000103, 0.001023, 0.001531
195, 0.000000, 0.043257, 0.000179, 0.000103, 0.001024, 0.001532
195, 0.000000, 0.056754, 0.000211, 0.000115, 0.001265, 0.001723
195, 0.000000, 0.056780, 0.000211, 0.000116, 0.001266, 0.001723
195, 0.000000, 0.056659, 0.000213, 0.000118, 0.001269, 0.001735
195, 0.000000, 0.056709, 0.000213, 0.000118, 0.001270, 0.001735
195, 0.000000, 0.058174, 0.000211, 0.000117, 0.001288, 0.001740
195, 0.000000, 0.058195, 0.000211, 0.000117, 0.001289, 0.001741
195, 0.000000, 0.059766, 0.000213, 0.000117, 0.001312, 0.001750
195, 0.000000, 0.059774, 0.000213, 0.000117, 0.001312, 0.001750
195, 0.000000, 0.060348, 0.000215, 0.000118, 0.001325, 0.001768
195, 0.000000, 0.060423, 0.000215, 0.000118, 0.001325, 0.001768
195, 0.000000, 0.061432, 0.000218, 0.000118, 0.001345, 0.001795
195, 0.000000, 0.061491, 0.000218, 0.000118, 0.001346, 0.001795
195, 0.000000, 0.062218, 0.000217, 0.000119, 0.001359, 0.001802
195, 0.000000, 0.062265, 0.000217, 0.000119, 0.001360, 0.001802
195, 0.000000, 0.063824, 0.000218, 0.000119, 0.001382, 0.001811
195, 0.000000, 0.063873, 0.000218, 0.000119, 0.001383, 0.001811
195, 0.000000, 0.065023, 0.000221, 0.000120, 0.001404, 0.001832
195, 0.000000, 0.065063, 0.000221, 0.000120, 0.001405, 0.001833
195, 0.000000, 0.063620, 0.000224, 0.000123, 0.001390, 0.001843
195, 0.000000, 0.063684, 0.000224, 0.000123, 0.001391, 0.001843
195, 0.000000, 0.065872, 0.000227, 0.000124, 0.001422, 0.001864
195, 0.000000, 0.065935, 0.000227, 0.000125, 0.001423, 0.001864
195, 0.000000, 0.065755, 0.000228, 0.000125, 0.001421, 0.001872
195, 0.000000, 0.065745, 0.000228, 0.000125, 0.001421, 0.001872
195, 0.000000, 0.067199, 0.000227, 0.000124, 0.001445, 0.001883
196, 0.000000, 0.000869, 0.000003, 0.000004, 0.000010, 0.000041
196, 0.000000, 0.006910, 0.000030, 0.000014, 0.000159, 0.000257
196, 0.000000, 0.006992, 0.000030, 0.000014, 0.000160, 0.000257
196, 0.000000, 0.008614, 0.000036, 0.000019, 0.000202, 0.000316
196, 0.000000, 0.008626, 0.000037, 0.000019, 0.000202, 0.000317
196, 0.000000, 0.010601, 0.000042, 0.000023, 0.000243, 0.000364
196, 0.000000, 0.010659, 0.000043, 0.000023, 0.000244, 0.000365
196, 0.000000, 0.011415, 0.000049, 0.000026, 0.000266, 0.000409
196, 0.000000, 0.011404, 0.000049, 0.000026, 0.000266, 0.000409
196, 0.000000, 0.013395, 0.000053, 0.000029, 0.000303, 0.000443
196, 0.000000, 0.013442, 0.000053, 0.000029, 0.000304, 0.000444
196, 0.000000, 0.017983, 0.000079, 0.000050, 0.000440, 0.000693
196, 0.000000, 0.017949, 0.000079, 0.000050, 0.000439, 0.000693
196, 0.000000, 0.017274, 0.000081, 0.000051, 0.000436, 0.000711
196, 0.000000, 0.017258, 0.000081, 0.000052, 0.000437, 0.000712
196, 0.000000, 0.021760, 0.000127, 0.000100, 0.000578, 0.000945
196, 0.000000, 0.021733, 0.000127, 0.000100, 0.000578, 0.000945
196, 0.000000, 0.022014, 0.000129, 0.000095, 0.000585, 0.000973
196, 0.000000, 0.022043, 0.000129, 0.000095, 0.000585, 0.000973
196, 0.000000, 0.021838, 0.000132, 0.000100, 0.000588, 0.000991
196, 0.000000, 0.021848, 0.000132, 0.000101, 0.000588, 0.000991
196, 0.000000, 0.022702, 0.000143, 0.000111, 0.000615, 0.001044
196, 0.000000, 0.022687, 0.000143, 0.000111, 0.000615, 0.001045
196, 0.000000, 0.024109, 0.000143, 0.000112, 0.000642, 0.001065
196, 0.000000, 0.024109, 0.000144, 0.000112, 0.000643, 0.001066
196, 0.000000, 0.024160, 0.000149, 0.000125, 0.000649, 0.001081
196, 0.000000, 0.024163, 0.000149, 0.000125, 0.000649, 0.001081
196, 0.000000, 0.025348, 0.000148, 0.000122, 0.000671, 0.001110
196, 0.000000, 0.025378, 0.000148, 0.000122, 0.000672, 0.001110
196, 0.000000, 0.025816, 0.000150, 0.000119, 0.000688, 0.001137
196, 0.000000, 0.025784, 0.000150, 0.000119, 0.000687, 0.001137
196, 0.000000, 0.026500, 0.000153, 0.000122, 0.000700, 0.001148
197, 0.000000, 0.000351, 0.000001, 0.000001, 0.000007, 0.000012
197, 0.000000, 0.004992, 0.000031, 0.000016, 0.000133, 0.000231
197, 0.000000, 0.005005, 0.000031, 0.000016, 0.000134, 0.000232
197, 0.000000, 0.010101, 0.000052, 0.000029, 0.000251, 0.000422
197, 0.000000, 0.010158, 0.000052, 0.000029, 0.000251, 0.000422
197, 0.000000, 0.017041, 0.000084, 0.000053, 0.000401, 0.000608
197, 0.000000, 0.017062, 0.000084, 0.000053, 0.000401, 0.000609
197, 0.000000, 0.018462, 0.000086, 0.000053, 0.000429, 0.000634
197, 0.000000, 0.018602, 0.000087, 0.000053, 0.000431, 0.000635
197, 0.000000, 0.018701, 0.000089, 0.000056, 0.000440, 0.000654
197, 0.000000, 0.018769, 0.000089, 0.000056, 0.000441, 0.000655
197, 0.000000, 0.019109, 0.000090, 0.000056, 0.000455, 0.000680
197, 0.000000, 0.019221, 0.000090, 0.000057, 0.000456, 0.000681
197, 0.000000, 0.019698, 0.000098, 0.000067, 0.000475, 0.000719
197, 0.000000, 0.019722, 0.000098, 0.000068, 0.000476, 0.000720
197, 0.000000, 0.019908, 0.000101, 0.000068, 0.000478, 0.000731
197, 0.000000, 0.019990, 0.000101, 0.000068, 0.000480, 0.000732
197, 0.000000, 0.020593, 0.000110, 0.000074, 0.000504, 0.000769
197, 0.000000, 0.020663, 0.000110, 0.000075, 0.000505, 0.000770
197, 0.000000, 0.022630, 0.000112, 0.000075, 0.000565, 0.000879
197, 0.000000, 0.022670, 0.000112, 0.000075, 0.000566, 0.000879
197, 0.000000, 0.024165, 0.000113, 0.000074, 0.000600, 0.000917
197, 0.000000, 0.024280, 0.000114, 0.000075, 0.000602, 0.000918
197, 0.000000, 0.024765, 0.000113, 0.000075, 0.000610, 0.000925
197, 0.000000, 0.024840, 0.000113, 0.000075, 0.000610, 0.000925
197, 0.000000, 0.030845, 0.000130, 0.000084, 0.000747, 0.001099
197, 0.000000, 0.030909, 0.000130, 0.000084, 0.000748, 0.001100
197, 0.000000, 0.035513, 0.000156, 0.000095, 0.000893, 0.001353
197, 0.000000, 0.035598, 0.000156, 0.000096, 0.000894, 0.001353
197, 0.000000, 0.036315, 0.000156, 0.000096, 0.000903, 0.001363
197, 0.000000, 0.036378, 0.000156, 0.000096, 0.000904, 0.001363
197, 0.000000, 0.038110, 0.000159, 0.000096, 0.000931, 0.001382
198, 0.000000, 0.000348, 0.000001, 0.000001, 0.000008, 0.000013
198, 0.000000, 0.003136, 0.000015, 0.000010, 0.000074, 0.000105
198, 0.000000, 0.003182, 0.000015, 0.000010, 0.000075, 0.000110
198, 0.000000, 0.005052, 0.000025, 0.000014, 0.000132, 0.000203
198, 0.000000, 0.005088, 0.000025, 0.000014, 0.000133, 0.000204
198, 0.000000, 0.007806, 0.000035, 0.000017, 0.000199, 0.000276
198, 0.000000, 0.007861, 0.000035, 0.000018, 0.000199, 0.000277
198, 0.000000, 0.007752, 0.000038, 0.000024, 0.000209, 0.000338
198, 0.000000, 0.007785, 0.000038, 0.000024, 0.000210, 0.000339
198, 0.000000, 0.010660, 0.000050, 0.000031, 0.000271, 0.000407
198, 0.000000, 0.010676, 0.000050, 0.000031, 0.000271, 0.000409
198, 0.000000, 0.012087, 0.000056, 0.000038, 0.000316, 0.000474
198, 0.000000, 0.012092, 0.000056, 0.000038, 0.000317, 0.000474
198, 0.000000, 0.013820, 0.000062, 0.000042, 0.000359, 0.000530
198, 0.000000, 0.013815, 0.000062, 0.000042, 0.000359, 0.000530
198, 0.000000, 14.153282, 0.067342, 0.038770, 0.341220, 0.648410
198, 0.000000, 14.153187, 0.067342, 0.038770, 0.341219, 0.648410
198, 0.000000, 14.152115, 0.067342, 0.038771, 0.341217, 0.648412
198, 0.000000, 14.152064, 0.067342, 0.038771, 0.341216, 0.648412
198, 0.000000, 14.152161, 0.067341, 0.038770, 0.341216, 0.648408
198, 0.000000, 14.152101, 0.067341, 0.038770, 0.341215, 0.648408
198, 0.000000, 14.152689, 0.067341, 0.038770, 0.341223, 0.648405
198, 0.000000, 14.152652, 0.067341, 0.038770, 0.341222, 0.648405
198, 0.000000, 14.152762, 0.067341, 0.038770, 0.341223, 0.648399
198, 0.000000, 14.152697, 0.067341, 0.038770, 0.341223, 0.648399
198, 0.000000, 14.152050, 0.067341, 0.038771, 0.341219, 0.648399
198, 0.000000, 14.152020, 0.067341, 0.038771, 0.341218, 0.648400
198, 0.000000, 14.151172, 0.067341, 0.038771, 0.341207, 0.648397
198, 0.000000, 14.151107, 0.067341, 0.038772, 0.341207, 0.648398
198, 0.000000, 14.148229, 0.067334, 0.038766, 0.341169, 0.648355
198, 0.000000, 14.148164, 0.067334, 0.038767, 0.341168, 0.648355
198, 0.000000, 14.148598, 0.067333, 0.038767, 0.341174, 0.648357
199, 0.000000, 0.000331, 0.000002, 0.000002, 0.000007, 0.000017
199, 0.000000, 0.017577, 0.000088, 0.000043, 0.000445, 0.000700
199, 0.000000, 0.017578, 0.000088, 0.000043, 0.000445, 0.000700
199, 0.000000, 0.018070, 0.000089, 0.000044, 0.000455, 0.000714
199, 0.000000, 0.018084, 0.000089, 0.000044, 0.000456, 0.000715
199, 0.000000, 0.019928, 0.000095, 0.000047, 0.000488, 0.000746
199, 0.000000, 0.019948, 0.000095, 0.000047, 0.000489, 0.000747
199, 0.000000, 0.021546, 0.000098, 0.000049, 0.000519, 0.000764
199, 0.000000, 0.021539, 0.000098, 0.000049, 0.000520, 0.000764
199, 0.000000, 0.022592, 0.000101, 0.000053, 0.000539, 0.000790
199, 0.000000, 0.022599, 0.000101, 0.000053, 0.000540, 0.000790
199, 0.000000, 0.023894, 0.000107, 0.000058, 0.000570, 0.000824
199, 0.000000, 0.023890, 0.000107, 0.000059, 0.000570, 0.000824
199, 0.000000, 0.024771, 0.000109, 0.000059, 0.000583, 0.000838
199, 0.000000, 0.024801, 0.000109, 0.000059, 0.000583, 0.000837
199, 0.000000, 0.025337, 0.000117, 0.000067, 0.000610, 0.000906
199, 0.000000, 0.025348, 0.000117, 0.000067, 0.000610, 0.000907
199, 0.000000, 0.025686, 0.000118, 0.000066, 0.000619, 0.000923
199, 0.000000, 0.025692, 0.000118, 0.000066, 0.000620, 0.000923
199, 0.000000, 0.026274, 0.000122, 0.000069, 0.000638, 0.000979
199, 0.000000, 0.026289, 0.000122, 0.000069, 0.000638, 0.000980
199, 0.000000, 0.026109, 0.000123, 0.000070, 0.000637, 0.000989
199, 0.000000, 0.026136, 0.000123, 0.000070, 0.000638, 0.000989
199, 0.000000, 0.026511, 0.000127, 0.000074, 0.000649, 0.001017
199, 0.000000, 0.026517, 0.000127, 0.000074, 0.000649, 0.001018
199, 0.000000, 0.026567, 0.000127, 0.000073, 0.000650, 0.001023
199, 0.000000, 0.026613, 0.000127, 0.000073, 0.000651, 0.001023
199, 0.000000, 0.025989, 0.000127, 0.000072, 0.000648, 0.001036
199, 0.000000, 0.025996, 0.000127, 0.000072, 0.000649, 0.001037
199, 0.000000, 0.026363, 0.000127, 0.000072, 0.000658, 0.001044
199, 0.000000, 0.026412, 0.000127, 0.000072, 0.000659, 0.001045
199, 0.000000, 0.028520, 0.000131, 0.000082, 0.000699, 0.001087
200, 0.000000, 0.000387, 0.000001, 0.000001, 0.000008, 0.000018
200, 0.000000, 0.005352, 0.000025, 0.000015, 0.000132, 0.000219
200, 0.000000, 0.005387, 0.000025, 0.000015, 0.000133, 0.000222
200, 0.000000, 0.008024, 0.000042, 0.000021, 0.000200, 0.000331
200, 0.000000, 0.008056, 0.000042, 0.000021, 0.000201, 0.000331
200, 0.000000, 0.008215, 0.000041, 0.000020, 0.000206, 0.000342
200, 0.000000, 0.008248, 0.000041, 0.000021, 0.000206, 0.000344
200, 0.000000, 0.009584, 0.000049, 0.000026, 0.000241, 0.000388
200, 0.000000, 0.009656, 0.000049, 0.000026, 0.000242, 0.000389
200, 0.000000, 0.013627, 0.000063, 0.000037, 0.000331, 0.000513
200, 0.000000, 0.013703, 0.000064, 0.000038, 0.000332, 0.000514
200, 0.000000, 0.014323, 0.000070, 0.000043, 0.000355, 0.000558
200, 0.000000, 0.014412, 0.000070, 0.000043, 0.000357, 0.000559
200, 0.000000, 0.015126, 0.000072, 0.000042, 0.000374, 0.000581
200, 0.000000, 0.015224, 0.000072, 0.000042, 0.000376, 0.000581
200, 0.000371, 496374.375000, 2338.960437, 1176.349089, 11567.493182, 17365.978360
200, 0.000371, 496374.375000, 2338.960437, 1176.349089, 11567.493182, 17365.978360
200, 0.000371, 496374.375000, 2338.960438, 1176.349089, 11567.493182, 17365.978174
200, 0.000371, 496374.375000, 2338.960438, 1176.349089, 11567.493182, 17365.978174
200, 0.000371, 496374.406250, 2338.960430, 1176.349089, 11567.493567, 17365.978539
200, 0.000371, 496374.406250, 2338.960430, 1176.349089, 11567.493567, 17365.978539
200, 0.000371, 496374.406250, 2338.960430, 1176.349089, 11567.493567, 17365.978539
200, 0.000371, 496374.406250, 2338.960430, 1176.349089, 11567.493567, 17365.978539
200, 0.000371, 496374.406250, 2338.960435, 1176.349089, 11567.493567, 17365.978539
200, 0.000371, 496374.406250, 2338.960435, 1176.349089, 11567.493567, 17365.978539
200, 0.000371, 496374.406250, 2338.960419, 1176.349096, 11567.493574, 17365.978344
200, 0.000371, 496374.406250, 2338.960419, 1176.349096, 11567.493574, 17365.978344
200, 0.000371, 496374.406250, 2338.960413, 1176.349096, 11567.493574, 17365.978344
200, 0.000371, 496374.406250, 2338.960413, 1176.349096, 11567.493574, 17365.978344
200, 0.000371, 496374.406250, 2338.960413, 1176.349095, 11567.493573, 17365.978342
200, 0.000371, 496374.406250, 2338.960413, 1176.349095, 11567.493573, 17365.978342
200, 0.000371, 496374.406250, 2338.960419, 1176.349094, 11567.493572, 17365.978341
201, 0.000000, 0.000352, 0.000002, 0.000002, 0.000008, 0.000016
201, 0.000000, 0.005724, 0.000027, 0.000015, 0.000142, 0.000260
201, 0.000000, 0.005768, 0.000027, 0.000015, 0.000142, 0.000259
201, 0.000000, 0.009447, 0.000040, 0.000025, 0.000231, 0.000382
201, 0.000000, 0.009484, 0.000040, 0.000025, 0.000231, 0.000383
201, 0.000000, 0.019879, 0.000111, 0.000107, 0.000547, 0.000858
201, 0.000000, 0.019965, 0.000112, 0.000107, 0.000548, 0.000859
201, 0.000000, 0.022524, 0.000128, 0.000123, 0.000616, 0.000969
201, 0.000000, 0.022528, 0.000128, 0.000123, 0.000616, 0.000969
201, 0.000000, 0.026600, 0.000139, 0.000126, 0.000691, 0.001021
201, 0.000000, 0.026689, 0.000139, 0.000125, 0.000692, 0.001020
201, 0.000000, 0.026803, 0.000142, 0.000126, 0.000703, 0.001063
201, 0.000000, 0.026850, 0.000142, 0.000126, 0.000703, 0.001063
201, 0.000001, 4467.626465, 19.038751, 12.343108, 112.371417, 207.013137
201, 0.000001, 4467.626465, 19.038750, 12.343108, 112.371417, 207.013137
201, 0.000001, 4467.625977, 19.038749, 12.343109, 112.371410, 207.013135
201, 0.000001, 4467.625977, 19.038749, 12.343109, 112.371411, 207.013136
201, 0.000001, 4467.623047, 19.038745, 12.343103, 112.371355, 207.013125
201, 0.000001, 4467.623047, 19.038745, 12.343103, 112.371356, 207.013126
201, 0.000001, 4467.623047, 19.038746, 12.343102, 112.371356, 207.013128
201, 0.000001, 4467.623047, 19.038746, 12.343102, 112.371356, 207.013127
201, 0.000001, 4467.623047, 19.038747, 12.343103, 112.371359, 207.013128
201, 0.000001, 4467.623047, 19.038746, 12.343104, 112.371359, 207.013128
201, 0.000001, 4467.625977, 19.038756, 12.343103, 112.371409, 207.013140
201, 0.000001, 4467.625977, 19.038756, 12.343103, 112.371409, 207.013140
201, 0.000001, 4467.626953, 19.038754, 12.343103, 112.371429, 207.013157
201, 0.000001, 4467.626953, 19.038754, 12.343103, 112.371428, 207.013152
201, 0.000001, 4467.627441, 19.038755, 12.343103, 112.371436, 207.013161
201, 0.000001, 4467.627441, 19.038755, 12.343103, 112.371436, 207.013161
201, 0.000001, 4467.629883, 19.038753, 12.343103, 112.371465, 207.013163
201, 0.000001, 4467.629883, 19.038753, 12.343103, 112.371465, 207.013164
201, 0.000001, 4467.629395, 19.038756, 12.343102, 112.371454, 207.013164
202, 0.000000, 0.000329, 0.000002, 0.000002, 0.000007, 0.000013
202, 0.000000, 0.024820, 0.000109, 0.000064, 0.000588, 0.000871
202, 0.000000, 0.024846, 0.000109, 0.000065, 0.000588, 0.000871
202, 0.000000, 0.025869, 0.000111, 0.000066, 0.000615, 0.000898
202, 0.000000, 0.025920, 0.000111, 0.000065, 0.000616, 0.000899
202, 0.000000, 0.025958, 0.000114, 0.000067, 0.000626, 0.000924
202, 0.000000, 0.026014, 0.000114, 0.000067, 0.000627, 0.000926
202, 0.000000, 0.026361, 0.000115, 0.000070, 0.000632, 0.000947
202, 0.000000, 0.026489, 0.000115, 0.000070, 0.000634, 0.000947
202, 0.000000, 0.027214, 0.000119, 0.000075, 0.000652, 0.000974
202, 0.000000, 0.027242, 0.000119, 0.000075, 0.000652, 0.000975
202, 0.000000, 0.027898, 0.000121, 0.000076, 0.000663, 0.000996
202, 0.000000, 0.027940, 0.000121, 0.000076, 0.000663, 0.000997
202, 0.000000, 0.028614, 0.000122, 0.000078, 0.000679, 0.001011
202, 0.000000, 0.028691, 0.000122, 0.000078, 0.000681, 0.001012
202, 0.000000, 0.032853, 0.000145, 0.000091, 0.000799, 0.001208
202, 0.000000, 0.032887, 0.000145, 0.000091, 0.000800, 0.001208
202, 0.000000, 0.033137, 0.000147, 0.000091, 0.000803, 0.001221
202, 0.000000, 0.033203, 0.000147, 0.000091, 0.000804, 0.001221
202, 0.000000, 0.034739, 0.000152, 0.000092, 0.000831, 0.001248
202, 0.000000, 0.034796, 0.000152, 0.000092, 0.000832, 0.001248
202, 0.000000, 0.035561, 0.000155, 0.000094, 0.000852, 0.001277
202, 0.000000, 0.035610, 0.000155, 0.000095, 0.000853, 0.001276
202, 0.000000, 0.048562, 0.000216, 0.000123, 0.001137, 0.001793
202, 0.000000, 0.048596, 0.000216, 0.000123, 0.001138, 0.001794
202, 0.000000, 0.048892, 0.000220, 0.000125, 0.001152, 0.001819
202, 0.000000, 0.049028, 0.000220, 0.000125, 0.001154, 0.001819
202, 0.000000, 0.049309, 0.000221, 0.000125, 0.001158, 0.001821
202, 0.000000, 0.049351, 0.000221, 0.000125, 0.001158, 0.001820
202, 0.000000, 0.049941, 0.000225, 0.000126, 0.001175, 0.001840
202, 0.000000, 0.050021, 0.000225, 0.000126, 0.001176, 0.001840
202, 0.000000, 0.055754, 0.000249, 0.000147, 0.001339, 0.002106
203, 0.000000, 0.000327, 0.000002, 0.000002, 0.000008, 0.000017
203, 0.000000, 0.010585, 0.000045, 0.000024, 0.000248, 0.000350
203, 0.000000, 0.010581, 0.000045, 0.000024, 0.000248, 0.000350
203, 0.000000, 0.011068, 0.000048, 0.000028, 0.000267, 0.000378
203, 0.000000, 0.011088, 0.000048, 0.000029, 0.000267, 0.000378
203, 0.000000, 0.012027, 0.000052, 0.000028, 0.000291, 0.000412
203, 0.000000, 0.012064, 0.000052, 0.000029, 0.000292, 0.000413
203, 0.000000, 0.012659, 0.000055, 0.000028, 0.000302, 0.000433
203, 0.000000, 0.012704, 0.000055, 0.000029, 0.000304, 0.000435
203, 0.000000, 0.015844, 0.000068, 0.000039, 0.000375, 0.000533
203, 0.000000, 0.015926, 0.000068, 0.000039, 0.000376, 0.000533
203, 0.000000, 0.017516, 0.000077, 0.000044, 0.000423, 0.000622
203, 0.000000, 0.017588, 0.000077, 0.000044, 0.000424, 0.000623
203, 0.000000, 0.017676, 0.000079, 0.000045, 0.000430, 0.000634
203, 0.000000, 0.017749, 0.000079, 0.000045, 0.000431, 0.000635
203, 0.000000, 0.018026, 0.000083, 0.000055, 0.000455, 0.000692
203, 0.000000, 0.018119, 0.000083, 0.000055, 0.000456, 0.000693
203, 0.000000, 0.017935, 0.000086, 0.000058, 0.000466, 0.000712
203, 0.000000, 0.017974, 0.000086, 0.000058, 0.000467, 0.000713
203, 0.000000, 0.020176, 0.000089, 0.000059, 0.000496, 0.000737
203, 0.000000, 0.020258, 0.000089, 0.000059, 0.000497, 0.000737
203, 0.000453, 922088.312500, 3705.976281, 2101.841149, 20712.904126, 31511.477502
203, 0.000453, 922088.312500, 3705.976281, 2101.841149, 20712.904126, 31511.477502
203, 0.000453, 922088.312500, 3705.976281, 2101.841147, 20712.904126, 31511.477503
203, 0.000453, 922088.312500, 3705.976281, 2101.841147, 20712.904126, 31511.477503
203, 0.000453, 922088.312500, 3705.976293, 2101.841163, 20712.904140, 31511.477505
203, 0.000453, 922088.312500, 3705.976293, 2101.841163, 20712.904140, 31511.477505
203, 0.000447, 914922.125000, 3690.240661, 2156.426340, 20781.289633, 32105.998981
203, 0.000447, 914922.125000, 3690.240661, 2156.426340, 20781.289633, 32105.998981
203, 0.000447, 914922.125000, 3690.240661, 2156.426340, 20781.289633, 32105.998981
203, 0.000447, 914922.125000, 3690.240661, 2156.426340, 20781.289633, 32105.998981
203, 0.000447, 914922.125000, 3690.240646, 2156.426339, 20781.289587, 32105.998982
204, 0.000000, 0.000353, 0.000002, 0.000002, 0.000008, 0.000017
204, 0.000000, 0.011043, 0.000042, 0.000026, 0.000244, 0.000362
204, 0.000000, 0.011111, 0.000042, 0.000026, 0.000245, 0.000362
204, 0.000000, 0.078836, 0.000284, 0.000133, 0.001683, 0.002088
204, 0.000000, 0.078781, 0.000284, 0.000133, 0.001682, 0.002087
204, 0.000000, 0.079587, 0.000284, 0.000131, 0.001695, 0.002099
204, 0.000000, 0.079611, 0.000284, 0.000132, 0.001696, 0.002099
204, 0.000000, 0.080127, 0.000286, 0.000134, 0.001703, 0.002107
204, 0.000000, 0.080175, 0.000286, 0.000134, 0.001704, 0.002107
204, 0.000000, 0.090436, 0.000313, 0.000153, 0.001945, 0.002408
204, 0.000000, 0.090411, 0.000313, 0.000153, 0.001945, 0.002408
204, 0.000000, 0.090328, 0.000314, 0.000154, 0.001944, 0.002415
204, 0.000000, 0.090300, 0.000314, 0.000154, 0.001944, 0.002415
204, 0.000000, 0.091231, 0.000321, 0.000159, 0.001964, 0.002450
204, 0.000000, 0.091209, 0.000321, 0.000159, 0.001964, 0.002449
204, 0.000000, 0.090890, 0.000320, 0.000159, 0.001960, 0.002453
204, 0.000000, 0.090879, 0.000320, 0.000159, 0.001959, 0.002454
204, 0.000000, 0.090989, 0.000321, 0.000159, 0.001961, 0.002455
204, 0.000000, 0.090977, 0.000321, 0.000159, 0.001961, 0.002456
204, 0.000000, 0.089624, 0.000322, 0.000165, 0.001947, 0.002471
204, 0.000000, 0.089633, 0.000322, 0.000165, 0.001947, 0.002471
204, 0.000000, 0.088203, 0.000322, 0.000166, 0.001931, 0.002481
204, 0.000000, 0.088193, 0.000322, 0.000166, 0.001930, 0.002481
204, 0.000000, 0.089549, 0.000326, 0.000168, 0.001952, 0.002500
204, 0.000000, 0.089567, 0.000326, 0.000168, 0.001952, 0.002501
204, 0.000000, 0.093665, 0.000331, 0.000167, 0.002026, 0.002559
204, 0.000000, 0.093684, 0.000331, 0.000167, 0.002026, 0.002558
204, 0.000000, 0.093531, 0.000332, 0.000166, 0.002027, 0.002564
204, 0.000000, 0.093516, 0.000332, 0.000166, 0.002026, 0.002564
204, 0.000000, 0.093063, 0.000334, 0.000166, 0.002021, 0.002575
204, 0.000000, 0.093087, 0.000334, 0.000166, 0.002021, 0.002574
204, 0.000000, 0.093381, 0.000337, 0.000168, 0.002028, 0.002579
205, 0.000000, 0.000378, 0.000002, 0.000002, 0.000008, 0.000021
205, 0.000000, 0.014222, 0.000053, 0.000031, 0.000316, 0.000511
205, 0.000000, 0.014242, 0.000053, 0.000031, 0.000317, 0.000514
205, 0.000000, 0.014609, 0.000058, 0.000032, 0.000333, 0.000561
205, 0.000000, 0.014650, 0.000058, 0.000032, 0.000333, 0.000561
205, 0.000000, 0.300090, 0.000839, 0.000328, 0.006118, 0.005585
205, 0.000000, 0.300082, 0.000839, 0.000328, 0.006118, 0.005585
205, 0.000000, 0.299589, 0.000838, 0.000328, 0.006109, 0.005584
205, 0.000000, 0.299594, 0.000838, 0.000328, 0.006109, 0.005584
205, 0.000000, 0.298060, 0.000840, 0.000329, 0.006092, 0.005604
205, 0.000000, 0.298052, 0.000840, 0.000329, 0.006092, 0.005604
205, 0.000000, 0.297465, 0.000840, 0.000332, 0.006089, 0.005617
205, 0.000000, 0.297459, 0.000840, 0.000332, 0.006089, 0.005618
205, 0.000000, 0.295958, 0.000839, 0.000332, 0.006074, 0.005636
205, 0.000000, 0.295950, 0.000839, 0.000332, 0.006074, 0.005636
205, 0.000000, 0.297966, 0.000842, 0.000332, 0.006109, 0.005648
205, 0.000000, 0.297966, 0.000842, 0.000331, 0.006111, 0.005649
205, 0.000000, 0.296787, 0.000843, 0.000331, 0.006098, 0.005654
205, 0.000000, 0.296782, 0.000843, 0.000331, 0.006098, 0.005654
205, 0.000000, 0.295828, 0.000844, 0.000326, 0.006090, 0.005658
205, 0.000000, 0.295839, 0.000844, 0.000326, 0.006090, 0.005658
205, 0.000000, 0.296476, 0.000845, 0.000328, 0.006097, 0.005664
205, 0.000000, 0.296490, 0.000845, 0.000328, 0.006097, 0.005664
205, 0.000000, 0.297498, 0.000845, 0.000334, 0.006110, 0.005679
205, 0.000000, 0.297510, 0.000845, 0.000334, 0.006111, 0.005679
205, 0.000000, 0.296932, 0.000844, 0.000333, 0.006103, 0.005682
205, 0.000000, 0.296947, 0.000845, 0.000333, 0.006103, 0.005682
205, 0.000000, 0.296489, 0.000847, 0.000334, 0.006099, 0.005687
205, 0.000000, 0.296499, 0.000847, 0.000334, 0.006100, 0.005687
205, 0.000000, 0.296319, 0.000848, 0.000334, 0.006101, 0.005688
205, 0.000000, 0.296304, 0.000848, 0.000334, 0.006101, 0.005688
205, 0.000000, 0.296843, 0.000848, 0.000335, 0.006110, 0.005695
206, 0.000000, 0.000300, 0.000001, 0.000001, 0.000006, 0.000012
206, 0.000000, 0.004751, 0.000022, 0.000016, 0.000124, 0.000190
206, 0.000000, 0.004803, 0.000022, 0.000017, 0.000125, 0.000193
206, 0.000000, 0.009912, 0.000041, 0.000032, 0.000248, 0.000370
206, 0.000000, 0.009900, 0.000041, 0.000031, 0.000248, 0.000370
206, 0.000000, 0.011537, 0.000047, 0.000032, 0.000282, 0.000422
206, 0.000000, 0.011548, 0.000047, 0.000031, 0.000282, 0.000422
206, 0.000000, 0.015889, 0.000072, 0.000051, 0.000378, 0.000543
206, 0.000000, 0.015927, 0.000072, 0.000051, 0.000378, 0.000544
206, 0.000000, 0.058582, 0.000250, 0.000102, 0.001365, 0.001580
206, 0.000000, 0.058559, 0.000250, 0.000103, 0.001365, 0.001581
206, 0.000000, 0.058817, 0.000248, 0.000103, 0.001367, 0.001587
206, 0.000000, 0.058818, 0.000248, 0.000103, 0.001367, 0.001587
206, 0.000000, 0.060565, 0.000251, 0.000108, 0.001410, 0.001645
206, 0.000000, 0.060608, 0.000251, 0.000108, 0.001411, 0.001645
206, 0.000000, 0.059774, 0.000253, 0.000112, 0.001406, 0.001658
206, 0.000000, 0.059775, 0.000253, 0.000112, 0.001406, 0.001659
206, 0.000000, 0.059033, 0.000253, 0.000115, 0.001396, 0.001668
206, 0.000000, 0.059031, 0.000253, 0.000115, 0.001395, 0.001668
206, 0.000000, 0.059215, 0.000252, 0.000112, 0.001398, 0.001679
206, 0.000000, 0.059234, 0.000252, 0.000112, 0.001398, 0.001680
206, 0.000000, 0.061018, 0.000253, 0.000128, 0.001462, 0.001800
206, 0.000000, 0.061025, 0.000253, 0.000128, 0.001462, 0.001800
206, 0.000000, 0.061825, 0.000255, 0.000130, 0.001469, 0.001824
206, 0.000000, 0.061842, 0.000256, 0.000130, 0.001470, 0.001827
206, 0.000000, 0.062090, 0.000273, 0.000135, 0.001475, 0.001905
206, 0.000000, 0.062081, 0.000273, 0.000135, 0.001476, 0.001907
206, 0.000000, 0.062364, 0.000270, 0.000138, 0.001500, 0.001945
206, 0.000000, 0.062351, 0.000270, 0.000138, 0.001500, 0.001946
206, 0.000000, 0.062101, 0.000271, 0.000139, 0.001501, 0.001960
206, 0.000000, 0.062082, 0.000270, 0.000139, 0.001501, 0.001960
206, 0.000000, 0.063192, 0.000273, 0.000144, 0.001521, 0.001995
207, 0.000000, 0.000281, 0.000001, 0.000001, 0.000006, 0.000010
207, 0.000000, 0.019547, 0.000091, 0.000055, 0.000478, 0.000683
207, 0.000000, 0.019559, 0.000091, 0.000055, 0.000478, 0.000683
207, 0.000000, 0.025296, 0.000097, 0.000056, 0.000567, 0.000739
207, 0.000000, 0.025288, 0.000097, 0.000056, 0.000567, 0.000739
207, 0.000000, 0.025595, 0.000111, 0.000073, 0.000628, 0.000923
207, 0.000000, 0.025566, 0.000111, 0.000074, 0.000628, 0.000924
207, 0.000000, 0.027258, 0.000122, 0.000076, 0.000689, 0.001010
207, 0.000000, 0.027274, 0.000122, 0.000076, 0.000689, 0.001009
207, 0.000000, 13.500414, 0.064240, 0.061553, 0.343411, 0.566343
207, 0.000000, 13.500411, 0.064240, 0.061553, 0.343411, 0.566343
207, 0.000000, 13.500010, 0.064240, 0.061552, 0.343406, 0.566339
207, 0.000000, 13.500037, 0.064239, 0.061551, 0.343405, 0.566337
207, 0.000000, 13.500237, 0.064238, 0.061548, 0.343408, 0.566335
207, 0.000000, 13.500244, 0.064239, 0.061548, 0.343409, 0.566337
207, 0.000000, 13.498918, 0.064233, 0.061547, 0.343387, 0.566322
207, 0.000000, 13.498929, 0.064233, 0.061547, 0.343387, 0.566322
207, 0.000000, 13.499132, 0.064232, 0.061547, 0.343386, 0.566329
207, 0.000000, 13.499126, 0.064232, 0.061547, 0.343386, 0.566328
207, 0.000000, 13.499348, 0.064234, 0.061548, 0.343385, 0.566324
207, 0.000000, 13.499337, 0.064234, 0.061548, 0.343386, 0.566324
207, 0.000000, 13.498876, 0.064234, 0.061544, 0.343379, 0.566322
207, 0.000000, 13.498901, 0.064233, 0.061544, 0.343379, 0.566322
207, 0.000000, 13.500192, 0.064234, 0.061549, 0.343404, 0.566338
207, 0.000000, 13.500161, 0.064234, 0.061550, 0.343404, 0.566338
207, 0.000000, 13.499513, 0.064232, 0.061551, 0.343394, 0.566334
207, 0.000000, 13.499536, 0.064232, 0.061551, 0.343395, 0.566333
207, 0.000000, 13.500175, 0.064234, 0.061554, 0.343401, 0.566340
207, 0.000000, 13.500183, 0.064234, 0.061554, 0.343401, 0.566340
207, 0.000000, 13.500036, 0.064233, 0.061551, 0.343400, 0.566339
207, 0.000000, 13.500053, 0.064233, 0.061551, 0.343400, 0.566339
207, 0.000000, 13.500990, 0.064234, 0.061553, 0.343418, 0.566334
208, 0.000000, 0.000348, 0.000002, 0.000002, 0.000008, 0.000019
208, 0.159357, 344000832.000000, 1868183.378180, 1304273.637454, 8809240.755526, 15506339.906868
208, 0.159357, 344000832.000000, 1868183.378180, 1304273.637454, 8809240.755526, 15506339.906868
208, 0.159357, 344000832.000000, 1868183.378180, 1304273.637454, 8809240.755526, 15506339.906868
208, 0.159357, 344000832.000000, 1868183.378180, 1304273.637454, 8809240.755526, 15506339.906868
208, 0.159357, 344000832.000000, 1868183.378180, 1304273.637454, 8809240.755526, 15506339.906868
208, 0.159357, 344000832.000000, 1868183.378180, 1304273.637454, 8809240.755526, 15506339.906868
208, 0.159357, 344000832.000000, 1868183.378180, 1304273.637454, 8809240.755526, 15506339.906868
208, 0.159357, 344000832.000000, 1868183.378180, 1304273.637454, 8809240.755526, 15506339.906868
208, 0.159357, 344000832.000000, 1868183.378180, 1304273.637454, 8809240.755526, 15506339.906868
208, 0.159357, 344000832.000000, 1868183.378180, 1304273.637454, 8809240.755526, 15506339.906868
208, 0.159357, 344000832.000000, 1868183.378180, 1304273.637454, 8809240.755526, 15506339.906868
208, 0.159357, 344000832.000000, 1868183.378180, 1304273.637454, 8809240.755526, 15506339.906868
208, 0.159357, 344000832.000000, 1868183.378180, 1304273.637454, 8809240.755526, 15506339.906868
208, 0.159357, 344000832.000000, 1868183.378180, 1304273.637454, 8809240.755526, 15506339.906868
208, 0.159357, 344000832.000000, 1868183.378180, 1304273.637454, 8809240.755526, 15506339.906868
208, 0.159357, 344000832.000000, 1868183.378180, 1304273.637454, 8809240.755526, 15506339.906868
208, 0.159377, 343992768.000000, 1868157.425350, 1304245.736765, 8809153.857755, 15506370.982875
208, 0.159377, 343992768.000000, 1868157.425350, 1304245.736765, 8809153.857755, 15506370.982875
208, 0.159377, 343992768.000000, 1868157.425350, 1304245.736765, 8809153.857755, 15506370.982875
208, 0.159377, 343992768.000000, 1868157.425350, 1304245.736765, 8809153.857755, 15506370.982875
208, 0.159377, 343992768.000000, 1868157.425350, 1304245.736765, 8809153.857755, 15506370.982875
208, 0.159377, 343992768.000000, 1868157.425350, 1304245.736765, 8809153.857755, 15506370.982875
208, 0.159377, 343992768.000000, 1868157.425350, 1304245.736765, 8809153.857755, 15506370.982875
208, 0.159377, 343992768.000000, 1868157.425350, 1304245.736765, 8809153.857755, 15506370.982875
208, 0.159377, 343992768.000000, 1868157.425350, 1304245.736765, 8809153.857755, 15506370.982875
208, 0.159377, 343992768.000000, 1868157.425350, 1304245.736765, 8809153.857755, 15506370.982875
208, 0.159377, 343992768.000000, 1868157.425350, 1304245.736765, 8809153.857755, 15506370.982875
208, 0.159377, 343992768.000000, 1868157.425350, 1304245.736765, 8809153.857755, 15506370.982875
208, 0.159377, 343992768.000000, 1868157.425350, 1304245.736765, 8809153.857755, 15506370.982875
208, 0.159377, 343992768.000000, 1868157.425350, 1304245.736765, 8809153.857755, 15506370.982875
208, 0.159377, 343992768.000000, 1868157.425350, 1304245.736765, 8809153.857755, 15506370.982875
209, 0.000000, 0.000363, 0.000002, 0.000001, 0.000008, 0.000016
209, 0.000000, 0.005922, 0.000028, 0.000016, 0.000146, 0.000238
209, 0.000000, 0.005922, 0.000028, 0.000016, 0.000146, 0.000239
209, 0.000000, 0.007483, 0.000039, 0.000020, 0.000184, 0.000306
209, 0.000000, 0.007537, 0.000039, 0.000020, 0.000185, 0.000306
209, 0.000000, 0.009891, 0.000047, 0.000022, 0.000237, 0.000355
209, 0.000000, 0.009953, 0.000047, 0.000022, 0.000238, 0.000356
209, 0.000000, 0.016837, 0.000064, 0.000035, 0.000376, 0.000557
209, 0.000000, 0.016848, 0.000065, 0.000035, 0.000376, 0.000557
209, 0.000000, 0.017542, 0.000068, 0.000037, 0.000389, 0.000580
209, 0.000000, 0.017526, 0.000068, 0.000037, 0.000389, 0.000580
209, 0.000000, 0.022442, 0.000085, 0.000044, 0.000488, 0.000713
209, 0.000000, 0.022477, 0.000085, 0.000044, 0.000489, 0.000714
209, 0.000000, 0.026869, 0.000105, 0.000058, 0.000577, 0.000831
209, 0.000000, 0.026937, 0.000105, 0.000058, 0.000578, 0.000831
209, 0.000000, 0.028374, 0.000115, 0.000062, 0.000609, 0.000879
209, 0.000000, 0.028420, 0.000115, 0.000062, 0.000610, 0.000879
209, 0.000000, 0.028742, 0.000117, 0.000064, 0.000624, 0.000899
209, 0.000000, 0.028790, 0.000117, 0.000064, 0.000625, 0.000899
209, 0.000000, 0.029944, 0.000119, 0.000063, 0.000649, 0.000917
209, 0.000000, 0.030014, 0.000119, 0.000063, 0.000649, 0.000916
209, 0.000000, 0.030778, 0.000126, 0.000065, 0.000662, 0.000929
209, 0.000000, 0.030843, 0.000127, 0.000065, 0.000663, 0.000930
209, 0.000000, 0.032343, 0.000132, 0.000073, 0.000692, 0.000973
209, 0.000000, 0.032399, 0.000132, 0.000073, 0.000692, 0.000973
209, 0.000000, 0.034743, 0.000139, 0.000077, 0.000734, 0.001013
209, 0.000000, 0.034815, 0.000139, 0.000077, 0.000735, 0.001012
209, 0.000000, 16.894228, 0.065057, 0.027622, 0.378046, 0.512128
209, 0.000000, 16.894260, 0.065057, 0.027621, 0.378046, 0.512128
209, 0.000000, 16.894932, 0.065058, 0.027622, 0.378054, 0.512126
209, 0.000000, 16.894945, 0.065058, 0.027622, 0.378055, 0.512126
209, 0.000000, 16.895668, 0.065061, 0.027623, 0.378058, 0.512123
210, 0.000000, 0.000336, 0.000002, 0.000001, 0.000007, 0.000014
210, 0.000000, 0.006204, 0.000027, 0.000016, 0.000149, 0.000229
210, 0.000000, 0.006218, 0.000026, 0.000016, 0.000150, 0.000230
210, 0.000000, 0.012581, 0.000043, 0.000023, 0.000280, 0.000382
210, 0.000000, 0.012657, 0.000043, 0.000023, 0.000281, 0.000383
210, 0.000000, 0.013324, 0.000048, 0.000025, 0.000296, 0.000402
210, 0.000000, 0.013411, 0.000048, 0.000025, 0.000297, 0.000402
210, 0.000000, 0.075778, 0.000302, 0.000218, 0.001856, 0.002714
210, 0.000000, 0.075780, 0.000302, 0.000218, 0.001856, 0.002714
210, 0.000000, 0.075317, 0.000303, 0.000215, 0.001857, 0.002720
210, 0.000000, 0.075348, 0.000303, 0.000216, 0.001859, 0.002719
210, 0.000000, 0.075274, 0.000303, 0.000216, 0.001859, 0.002724
210, 0.000000, 0.075288, 0.000302, 0.000216, 0.001858, 0.002724
210, 0.000000, 0.075479, 0.000303, 0.000216, 0.001860, 0.002730
210, 0.000000, 0.075448, 0.000303, 0.000215, 0.001859, 0.002730
210, 0.000000, 0.075388, 0.000303, 0.000215, 0.001860, 0.002737
210, 0.000000, 0.075417, 0.000303, 0.000215, 0.001861, 0.002738
210, 0.000000, 0.075027, 0.000302, 0.000213, 0.001851, 0.002747
210, 0.000000, 0.075044, 0.000302, 0.000213, 0.001851, 0.002747
210, 0.000000, 0.074493, 0.000305, 0.000213, 0.001847, 0.002758
210, 0.000000, 0.074488, 0.000305, 0.000213, 0.001847, 0.002759
210, 0.000000, 0.073990, 0.000304, 0.000211, 0.001840, 0.002760
210, 0.000000, 0.074030, 0.000304, 0.000211, 0.001841, 0.002760
210, 0.000000, 0.074661, 0.000306, 0.000213, 0.001855, 0.002780
210, 0.000000, 0.074677, 0.000306, 0.000213, 0.001856, 0.002782
210, 0.000000, 0.073605, 0.000304, 0.000210, 0.001830, 0.002783
210, 0.000000, 0.073627, 0.000304, 0.000210, 0.001830, 0.002783
210, 0.000000, 0.073054, 0.000304, 0.000209, 0.001821, 0.002786
210, 0.000000, 0.073075, 0.000304, 0.000208, 0.001821, 0.002786
210, 0.000000, 0.073019, 0.000303, 0.000210, 0.001826, 0.002789
210, 0.000000, 0.073049, 0.000304, 0.000210, 0.001827, 0.002789
210, 0.000000, 0.074372, 0.000309, 0.000216, 0.001849, 0.002821
211, 0.000000, 0.000335, 0.000002, 0.000002, 0.000008, 0.000018
211, 0.000000, 0.006105, 0.000026, 0.000022, 0.000156, 0.000231
211, 0.000000, 0.006185, 0.000026, 0.000022, 0.000158, 0.000231
211, 0.000000, 0.008431, 0.000038, 0.000030, 0.000219, 0.000323
211, 0.000000, 0.008465, 0.000038, 0.000030, 0.000219, 0.000324
211, 0.000000, 0.073411, 0.000317, 0.000185, 0.001745, 0.002694
211, 0.000000, 0.073414, 0.000317, 0.000185, 0.001745, 0.002694
211, 0.000000, 0.073517, 0.000319, 0.000186, 0.001749, 0.002698
211, 0.000000, 0.073537, 0.000319, 0.000186, 0.001749, 0.002698
211, 0.000000, 0.073638, 0.000322, 0.000187, 0.001755, 0.002705
211, 0.000000, 0.073660, 0.000322, 0.000187, 0.001756, 0.002705
211, 0.000000, 0.074359, 0.000321, 0.000188, 0.001768, 0.002707
211, 0.000000, 0.074383, 0.000321, 0.000188, 0.001768, 0.002707
211, 0.000000, 0.075118, 0.000323, 0.000188, 0.001780, 0.002709
211, 0.000000, 0.075137, 0.000323, 0.000188, 0.001780, 0.002709
211, 0.000000, 0.074573, 0.000323, 0.000189, 0.001773, 0.002716
211, 0.000000, 0.074577, 0.000323, 0.000189, 0.001774, 0.002716
211, 0.000000, 0.075251, 0.000326, 0.000193, 0.001788, 0.002733
211, 0.000000, 0.075311, 0.000326, 0.000193, 0.001789, 0.002734
211, 0.000000, 0.075205, 0.000329, 0.000197, 0.001797, 0.002748
211, 0.000000, 0.075224, 0.000329, 0.000196, 0.001797, 0.002748
211, 0.000000, 0.074845, 0.000330, 0.000197, 0.001789, 0.002753
211, 0.000000, 0.074875, 0.000330, 0.000197, 0.001790, 0.002753
211, 0.000000, 0.075853, 0.000338, 0.000199, 0.001812, 0.002774
211, 0.000000, 0.075896, 0.000338, 0.000199, 0.001812, 0.002774
211, 0.000000, 0.076633, 0.000342, 0.000200, 0.001831, 0.002782
211, 0.000000, 0.076653, 0.000342, 0.000199, 0.001831, 0.002782
211, 0.000000, 0.077595, 0.000343, 0.000200, 0.001848, 0.002805
211, 0.000000, 0.077577, 0.000343, 0.000200, 0.001847, 0.002806
211, 0.000000, 0.078219, 0.000345, 0.000202, 0.001860, 0.002812
211, 0.000000, 0.078213, 0.000345, 0.000202, 0.001860, 0.002812
211, 0.000000, 0.077218, 0.000345, 0.000200, 0.001843, 0.002825
212, 0.000000, 0.000321, 0.000001, 0.000001, 0.000007, 0.000018
212, 0.000000, 0.010202, 0.000051, 0.000029, 0.000248, 0.000382
212, 0.000000, 0.010202, 0.000051, 0.000029, 0.000249, 0.000383
212, 0.000000, 0.014144, 0.000062, 0.000033, 0.000337, 0.000455
212, 0.000000, 0.014200, 0.000062, 0.000033, 0.000337, 0.000456
212, 0.000000, 0.015290, 0.000079, 0.000045, 0.000404, 0.000639
212, 0.000000, 0.015303, 0.000079, 0.000045, 0.000405, 0.000640
212, 0.000000, 0.015586, 0.000081, 0.000044, 0.000416, 0.000670
212, 0.000000, 0.015604, 0.000081, 0.000044, 0.000417, 0.000671
212, 0.000000, 0.017243, 0.000085, 0.000046, 0.000453, 0.000710
212, 0.000000, 0.017304, 0.000085, 0.000046, 0.000454, 0.000711
212, 0.000000, 0.034700, 0.000151, 0.000069, 0.000859, 0.001157
212, 0.000000, 0.034721, 0.000151, 0.000069, 0.000859, 0.001157
212, 0.000000, 0.035473, 0.000153, 0.000069, 0.000881, 0.001175
212, 0.000000, 0.035508, 0.000153, 0.000069, 0.000882, 0.001176
212, 0.000000, 0.036693, 0.000159, 0.000073, 0.000901, 0.001217
212, 0.000000, 0.036729, 0.000159, 0.000073, 0.000901, 0.001217
212, 0.000000, 0.037944, 0.000163, 0.000073, 0.000923, 0.001237
212, 0.000000, 0.037989, 0.000163, 0.000073, 0.000924, 0.001237
212, 0.000000, 0.038707, 0.000164, 0.000073, 0.000936, 0.001242
212, 0.000000, 0.038768, 0.000164, 0.000073, 0.000937, 0.001242
212, 0.000000, 0.039579, 0.000165, 0.000075, 0.000951, 0.001258
212, 0.000000, 0.039635, 0.000165, 0.000075, 0.000952, 0.001258
212, 0.000000, 0.041107, 0.000175, 0.000079, 0.000985, 0.001332
212, 0.000000, 0.041170, 0.000175, 0.000079, 0.000986, 0.001332
212, 0.000000, 0.042986, 0.000193, 0.000105, 0.001050, 0.001453
212, 0.000000, 0.043033, 0.000193, 0.000105, 0.001050, 0.001453
212, 0.000000, 0.044372, 0.000200, 0.000111, 0.001098, 0.001532
212, 0.000000, 0.044436, 0.000200, 0.000111, 0.001098, 0.001532
212, 0.000000, 0.044494, 0.000201, 0.000113, 0.001103, 0.001548
212, 0.000000, 0.044563, 0.000201, 0.000113, 0.001104, 0.001549
212, 0.000000, 0.044933, 0.000203, 0.000114, 0.001113, 0.001554
213, 0.000000, 0.000388, 0.000005, 0.000005, 0.000010, 0.000020
213, 0.000000, 0.002886, 0.000015, 0.000009, 0.000075, 0.000125
213, 0.000000, 0.002919, 0.000015, 0.000009, 0.000075, 0.000125
213, 0.000000, 0.016694, 0.000075, 0.000043, 0.000401, 0.000590
213, 0.000000, 0.016728, 0.000075, 0.000043, 0.000401, 0.000590
213, 0.000000, 0.017092, 0.000079, 0.000042, 0.000414, 0.000614
213, 0.000000, 0.017117, 0.000079, 0.000042, 0.000414, 0.000614
213, 0.000000, 0.017367, 0.000083, 0.000042, 0.000434, 0.000650
213, 0.000000, 0.017389, 0.000083, 0.000042, 0.000434, 0.000650
213, 0.000000, 0.018060, 0.000084, 0.000042, 0.000449, 0.000678
213, 0.000000, 0.018099, 0.000084, 0.000042, 0.000450, 0.000678
213, 0.000000, 0.018498, 0.000090, 0.000047, 0.000464, 0.000726
213, 0.000000, 0.018553, 0.000090, 0.000047, 0.000465, 0.000726
213, 0.000000, 0.020575, 0.000102, 0.000061, 0.000519, 0.000841
213, 0.000000, 0.020578, 0.000102, 0.000061, 0.000518, 0.000841
213, 0.000000, 0.029517, 0.000138, 0.000088, 0.000734, 0.001115
213, 0.000000, 0.029502, 0.000138, 0.000088, 0.000733, 0.001115
213, 0.000000, 0.030055, 0.000139, 0.000089, 0.000744, 0.001133
213, 0.000000, 0.030108, 0.000139, 0.000089, 0.000744, 0.001134
213, 0.000000, 0.030083, 0.000141, 0.000086, 0.000742, 0.001160
213, 0.000000, 0.030108, 0.000141, 0.000086, 0.000742, 0.001161
213, 0.000000, 0.037589, 0.000156, 0.000088, 0.000897, 0.001324
213, 0.000000, 0.037610, 0.000156, 0.000088, 0.000897, 0.001324
213, 0.000000, 0.037255, 0.000158, 0.000089, 0.000899, 0.001337
213, 0.000000, 0.037267, 0.000158, 0.000089, 0.000899, 0.001338
213, 0.000000, 0.038001, 0.000166, 0.000089, 0.000934, 0.001400
213, 0.000000, 0.038019, 0.000166, 0.000089, 0.000935, 0.001400
213, 0.000000, 0.038713, 0.000169, 0.000091, 0.000949, 0.001422
213, 0.000000, 0.038767, 0.000169, 0.000091, 0.000949, 0.001422
213, 0.000000, 0.044008, 0.000182, 0.000105, 0.001042, 0.001529
213, 0.000000, 0.044040, 0.000182, 0.000106, 0.001043, 0.001529
213, 0.000000, 0.046171, 0.000189, 0.000112, 0.001080, 0.001556
214, 0.000000, 0.000378, 0.000003, 0.000003, 0.000009, 0.000019
214, 0.000000, 0.007098, 0.000028, 0.000016, 0.000166, 0.000227
214, 0.000000, 0.007161, 0.000028, 0.000016, 0.000166, 0.000229
214, 0.000000, 0.013725, 0.000062, 0.000037, 0.000335, 0.000492
214, 0.000000, 0.013701, 0.000062, 0.000038, 0.000334, 0.000493
214, 0.000000, 0.014482, 0.000063, 0.000039, 0.000351, 0.000527
214, 0.000000, 0.014491, 0.000063, 0.000039, 0.000350, 0.000527
214, 0.000000, 0.015756, 0.000068, 0.000043, 0.000382, 0.000587
214, 0.000000, 0.015794, 0.000068, 0.000044, 0.000383, 0.000589
214, 0.000000, 2.168535, 0.009053, 0.005011, 0.052179, 0.062794
214, 0.000000, 2.168533, 0.009053, 0.005011, 0.052179, 0.062794
214, 0.000000, 2.167804, 0.009052, 0.005009, 0.052167, 0.062787
214, 0.000000, 2.167800, 0.009052, 0.005009, 0.052167, 0.062787
214, 0.000000, 2.166830, 0.009056, 0.005026, 0.052170, 0.062792
214, 0.000000, 2.166792, 0.009056, 0.005026, 0.052169, 0.062792
214, 0.000000, 2.166453, 0.009056, 0.005027, 0.052166, 0.062793
214, 0.000000, 2.166444, 0.009056, 0.005027, 0.052165, 0.062792
214, 0.000000, 2.167840, 0.009055, 0.005023, 0.052179, 0.062799
214, 0.000000, 2.167850, 0.009055, 0.005023, 0.052179, 0.062799
214, 0.000000, 2.167568, 0.009054, 0.005019, 0.052171, 0.062799
214, 0.000000, 2.167544, 0.009054, 0.005019, 0.052171, 0.062799
214, 0.000000, 2.167109, 0.009054, 0.005019, 0.052165, 0.062797
214, 0.000000, 2.167104, 0.009054, 0.005019, 0.052165, 0.062797
214, 0.000000, 2.166934, 0.009054, 0.005019, 0.052161, 0.062794
214, 0.000000, 2.166903, 0.009054, 0.005019, 0.052161, 0.062794
214, 0.000000, 2.167392, 0.009055, 0.005020, 0.052165, 0.062796
214, 0.000000, 2.167373, 0.009055, 0.005019, 0.052164, 0.062796
214, 0.000000, 2.166999, 0.009056, 0.005020, 0.052162, 0.062797
214, 0.000000, 2.166985, 0.009056, 0.005020, 0.052162, 0.062798
214, 0.000000, 2.166881, 0.009059, 0.005020, 0.052163, 0.062801
214, 0.000000, 2.166854, 0.009059, 0.005021, 0.052163, 0.062803
214, 0.000000, 2.165189, 0.009056, 0.005006, 0.052133, 0.062785
215, 0.000000, 0.000344, 0.000002, 0.000002, 0.000007, 0.000017
215, 0.000000, 0.006019, 0.000029, 0.000015, 0.000145, 0.000247
215, 0.000000, 0.006030, 0.000029, 0.000015, 0.000145, 0.000247
215, 0.000000, 0.006897, 0.000032, 0.000016, 0.000160, 0.000267
215, 0.000000, 0.006907, 0.000032, 0.000016, 0.000161, 0.000269
215, 0.000000, 0.010878, 0.000049, 0.000026, 0.000262, 0.000406
215, 0.000000, 0.010902, 0.000049, 0.000026, 0.000263, 0.000407
215, 0.000000, 0.016566, 0.000065, 0.000033, 0.000377, 0.000514
215, 0.000000, 0.016572, 0.000065, 0.000033, 0.000377, 0.000514
215, 0.000000, 0.017279, 0.000067, 0.000037, 0.000394, 0.000540
215, 0.000000, 0.017328, 0.000067, 0.000037, 0.000394, 0.000541
215, 0.000000, 0.020084, 0.000077, 0.000044, 0.000451, 0.000642
215, 0.000000, 0.020100, 0.000078, 0.000044, 0.000451, 0.000643
215, 0.000000, 0.023994, 0.000126, 0.000088, 0.000587, 0.000860
215, 0.000000, 0.024038, 0.000128, 0.000089, 0.000589, 0.000864
215, 0.000000, 0.025905, 0.000129, 0.000087, 0.000619, 0.000884
215, 0.000000, 0.025939, 0.000129, 0.000087, 0.000620, 0.000883
215, 0.000000, 0.025872, 0.000132, 0.000089, 0.000630, 0.000906
215, 0.000000, 0.025941, 0.000132, 0.000089, 0.000631, 0.000907
215, 0.000000, 0.028765, 0.000136, 0.000093, 0.000679, 0.000934
215, 0.000000, 0.028831, 0.000137, 0.000093, 0.000680, 0.000935
215, 0.000000, 0.029168, 0.000138, 0.000094, 0.000689, 0.000967
215, 0.000000, 0.029238, 0.000138, 0.000094, 0.000690, 0.000966
215, 0.000000, 0.032591, 0.000152, 0.000099, 0.000765, 0.001045
215, 0.000000, 0.032659, 0.000152, 0.000099, 0.000767, 0.001046
215, 0.000000, 0.033879, 0.000157, 0.000098, 0.000793, 0.001070
215, 0.000000, 0.033955, 0.000158, 0.000098, 0.000795, 0.001071
215, 0.000000, 0.037797, 0.000163, 0.000101, 0.000851, 0.001107
215, 0.000000, 0.037867, 0.000163, 0.000101, 0.000852, 0.001107
215, 0.000000, 0.035418, 0.000166, 0.000100, 0.000821, 0.001136
215, 0.000000, 0.035575, 0.000166, 0.000099, 0.000822, 0.001136
215, 0.000000, 0.034365, 0.000163, 0.000099, 0.000809, 0.001145
216, 0.000000, 0.000396, 0.000002, 0.000003, 0.000009, 0.000016
216, 0.000000, 0.014762, 0.000060, 0.000032, 0.000339, 0.000502
216, 0.000000, 0.014735, 0.000060, 0.000032, 0.000339, 0.000502
216, 0.000000, 0.016320, 0.000071, 0.000037, 0.000386, 0.000573
216, 0.000000, 0.016289, 0.000071, 0.000038, 0.000386, 0.000573
216, 0.124073, 145344480.000000, 490004.702868, 276888.917486, 3127231.209935, 4670243.330990
216, 0.124073, 145344480.000000, 490004.702868, 276888.917486, 3127231.209935, 4670243.330990
216, 0.124073, 145344480.000000, 490004.702868, 276888.917486, 3127231.209935, 4670243.330990
216, 0.124073, 145344480.000000, 490004.702868, 276888.917486, 3127231.209935, 4670243.330990
216, 366.764313, 777858514944.000000, 3816743084.325582, 1777865104.000000, 20199717985.894119, 27896343972.864006
216, 366.764313, 777858514944.000000, 3816743084.325582, 1777865104.000000, 20199717985.894119, 27896343972.864006
216, 366.764313, 777858514944.000000, 3816743084.325582, 1777865104.000000, 20199717985.894119, 27896343972.864006
216, 366.764313, 777858514944.000000, 3816743084.325582, 1777865104.000000, 20199717985.894119, 27896343972.864006
216, 366.764313, 777858514944.000000, 3816743084.325582, 1777865104.000000, 20199717985.894119, 27896343972.864006
216, 366.764313, 777858514944.000000, 3816743084.325582, 1777865104.000000, 20199717985.894119, 27896343972.864006
216, 366.764313, 777858514944.000000, 3816743084.325582, 1777865104.000000, 20199717985.894119, 27896343972.864006
216, 366.764313, 777858514944.000000, 3816743084.325582, 1777865104.000000, 20199717985.894119, 27896343972.864006
216, 366.764313, 777858514944.000000, 3816743084.325582, 1777865104.000000, 20199717985.894119, 27896343972.864006
216, 366.764313, 777858514944.000000, 3816743084.325582, 1777865104.000000, 20199717985.894119, 27896343972.864006
216, 366.764313, 777858514944.000000, 3816743084.325582, 1777865104.000000, 20199717985.894119, 27896343972.864006
216, 366.764313, 777858514944.000000, 3816743084.325582, 1777865104.000000, 20199717985.894119, 27896343972.864006
216, 366.764313, 777858514944.000000, 3816743084.325582, 1777865104.000000, 20199717985.894119, 27896343972.864006
216, 366.764313, 777858514944.000000, 3816743084.325582, 1777865104.000000, 20199717985.894119, 27896343972.864006
216, 366.764313, 777858514944.000000, 3816743084.325582, 1777865104.000000, 20199717985.894119, 27896343972.864006
216, 366.764313, 777858514944.000000, 3816743084.325582, 1777865104.000000, 20199717985.894119, 27896343972.864006
216, 366.764313, 777858514944.000000, 3816743084.325582, 1777865104.000000, 20199717985.894119, 27896343972.864006
216, 366.764313, 777858514944.000000, 3816743084.325582, 1777865104.000000, 20199717985.894119, 27896343972.864006
216, 366.764313, 777858514944.000000, 3816743084.325582, 1777865104.000000, 20199717985.894119, 27896343972.864006
216, 366.764313, 777858514944.000000, 3816743084.325582, 1777865104.000000, 20199717985.894119, 27896343972.864006
216, 366.764313, 777858514944.000000, 3816743084.325582, 1777865104.000000, 20199717985.894119, 27896343972.864006
216, 366.764313, 777858514944.000000, 3816743084.325582, 1777865104.000000, 20199717985.894119, 27896343972.864006
216, 366.764313, 777858514944.000000, 3816743084.325582, 1777865104.000000, 20199717985.894119, 27896343972.864006
217, 0.000000, 0.000350, 0.000002, 0.000002, 0.000007, 0.000013
217, 0.000000, 0.822262, 0.003300, 0.001489, 0.018403, 0.023215
217, 0.000000, 0.822300, 0.003300, 0.001489, 0.018403, 0.023216
217, 0.000000, 0.820741, 0.003303, 0.001491, 0.018385, 0.023214
217, 0.000000, 0.820736, 0.003303, 0.001492, 0.018385, 0.023215
217, 0.000000, 0.820737, 0.003305, 0.001497, 0.018382, 0.023219
217, 0.000000, 0.820739, 0.003305, 0.001497, 0.018382, 0.023219
217, 0.000000, 0.819575, 0.003307, 0.001494, 0.018366, 0.023233
217, 0.000000, 0.819646, 0.003307, 0.001494, 0.018367, 0.023234
217, 0.000000, 0.818624, 0.003298, 0.001487, 0.018349, 0.023246
217, 0.000000, 0.818654, 0.003298, 0.001487, 0.018349, 0.023246
217, 0.000000, 0.820158, 0.003296, 0.001485, 0.018370, 0.023250
217, 0.000000, 0.820177, 0.003296, 0.001485, 0.018370, 0.023251
217, 0.000000, 0.820491, 0.003296, 0.001487, 0.018378, 0.023252
217, 0.000000, 0.820535, 0.003296, 0.001487, 0.018379, 0.023252
217, 0.000000, 0.820583, 0.003294, 0.001484, 0.018379, 0.023253
217, 0.000000, 0.820627, 0.003294, 0.001484, 0.018380, 0.023253
217, 0.000000, 0.819642, 0.003294, 0.001483, 0.018367, 0.023244
217, 0.000000, 0.819655, 0.003294, 0.001483, 0.018368, 0.023244
217, 0.000000, 0.819391, 0.003294, 0.001485, 0.018363, 0.023243
217, 0.000000, 0.819433, 0.003294, 0.001485, 0.018364, 0.023243
217, 0.000000, 0.819997, 0.003297, 0.001486, 0.018372, 0.023247
217, 0.000000, 0.820013, 0.003298, 0.001486, 0.018372, 0.023247
217, 0.000021, 123640.757812, 541.897601, 283.655656, 2968.033089, 4340.579635
217, 0.000021, 123640.757812, 541.897602, 283.655656, 2968.033089, 4340.579635
217, 0.000021, 123640.757812, 541.897598, 283.655653, 2968.033072, 4340.579635
217, 0.000021, 123640.757812, 541.897598, 283.655653, 2968.033072, 4340.579635
217, 0.000021, 123640.757812, 541.897598, 283.655653, 2968.033075, 4340.579699
217, 0.000021, 123640.757812, 541.897598, 283.655653, 2968.033075, 4340.579699
217, 0.000021, 123640.757812, 541.897595, 283.655653, 2968.033075, 4340.579693
217, 0.000021, 123640.757812, 541.897595, 283.655653, 2968.033075, 4340.579693
217, 0.000021, 123640.757812, 541.897598, 283.655657, 2968.033075, 4340.579650
218, 0.000000, 0.000401, 0.000002, 0.000001, 0.000009, 0.000015
218, 0.000000, 0.005876, 0.000031, 0.000021, 0.000152, 0.000266
218, 0.000000, 0.005867, 0.000031, 0.000021, 0.000152, 0.000266
218, 0.000000, 0.009926, 0.000045, 0.000027, 0.000251, 0.000381
218, 0.000000, 0.009906, 0.000045, 0.000027, 0.000251, 0.000381
218, 0.000000, 0.017409, 0.000071, 0.000046, 0.000418, 0.000615
218, 0.000000, 0.017371, 0.000071, 0.000046, 0.000418, 0.000615
218, 0.000000, 0.019986, 0.000085, 0.000058, 0.000482, 0.000755
218, 0.000000, 0.019960, 0.000086, 0.000061, 0.000485, 0.000758
218, 0.000000, 0.025555, 0.000103, 0.000061, 0.000602, 0.000871
218, 0.000000, 0.025486, 0.000104, 0.000062, 0.000602, 0.000873
218, 0.000000, 0.027144, 0.000112, 0.000066, 0.000640, 0.000942
218, 0.000000, 0.027119, 0.000112, 0.000066, 0.000640, 0.000942
218, 76324192256.000000, inf, 245155557321102176.000000, 138498838973567696.000000, inf, inf
218, 76324192256.000000, inf, 245155557321102176.000000, 138498838973567696.000000, inf, inf
218, 76324192256.000000, inf, 245155557321102176.000000, 138498838973567696.000000, inf, inf
218, 76324192256.000000, inf, 245155557321102176.000000, 138498838973567696.000000, inf, inf
218, 76324192256.000000, inf, 245155557321102176.000000, 138498838973567696.000000, inf, inf
218, 76324192256.000000, inf, 245155557321102176.000000, 138498838973567696.000000, inf, inf
218, 76324192256.000000, inf, 245155557321102176.000000, 138498838973567696.000000, inf, inf
218, 76324192256.000000, inf, 245155557321102176.000000, 138498838973567696.000000, inf, inf
218, 76324192256.000000, inf, 245155557321102176.000000, 138498838973567696.000000, inf, inf
218, 76324192256.000000, inf, 245155557321102176.000000, 138498838973567696.000000, inf, inf
218, 76324192256.000000, inf, 245155557321102176.000000, 138498838973567696.000000, inf, inf
218, 76324192256.000000, inf, 245155557321102176.000000, 138498838973567696.000000, inf, inf
218, 76324192256.000000, inf, 245155557321102176.000000, 138498838973567696.000000, inf, inf
218, 76324192256.000000, inf, 245155557321102176.000000, 138498838973567696.000000, inf, inf
218, 76324192256.000000, inf, 245155557321102176.000000, 138498838973567696.000000, inf, inf
218, 76324192256.000000, inf, 245155557321102176.000000, 138498838973567696.000000, inf, inf
218, 76324192256.000000, inf, 245155557321102176.000000, 138498838973567696.000000, inf, inf
218, 76324192256.000000, inf, 245155557321102176.000000, 138498838973567696.000000, inf, inf
218, 76324192256.000000, inf, 245155557321102176.000000, 138498838973567696.000000, inf, inf
219, 0.000000, 0.000341, 0.000002, 0.000001, 0.000008, 0.000014
219, 0.000000, 0.004358, 0.000020, 0.000010, 0.000106, 0.000176
219, 0.000000, 0.004401, 0.000020, 0.000011, 0.000106, 0.000178
219, 0.000000, 0.006577, 0.000029, 0.000015, 0.000160, 0.000254
219, 0.000000, 0.006636, 0.000029, 0.000015, 0.000161, 0.000255
219, 0.000000, 0.008745, 0.000035, 0.000018, 0.000203, 0.000301
219, 0.000000, 0.008872, 0.000035, 0.000019, 0.000205, 0.000305
219, 0.000000, 0.010920, 0.000045, 0.000025, 0.000265, 0.000392
219, 0.000000, 0.010947, 0.000045, 0.000025, 0.000266, 0.000393
219, 0.000000, 0.013685, 0.000056, 0.000035, 0.000320, 0.000476
219, 0.000000, 0.013771, 0.000056, 0.000035, 0.000321, 0.000477
219, 0.000000, 0.014061, 0.000057, 0.000036, 0.000330, 0.000494
219, 0.000000, 0.014199, 0.000057, 0.000036, 0.000331, 0.000495
219, 0.000000, 0.014143, 0.000061, 0.000040, 0.000337, 0.000525
219, 0.000000, 0.014244, 0.000061, 0.000041, 0.000339, 0.000525
219, 0.000000, 0.013923, 0.000062, 0.000040, 0.000338, 0.000545
219, 0.000000, 0.014051, 0.000062, 0.000040, 0.000340, 0.000545
219, 0.000000, 0.016742, 0.000075, 0.000045, 0.000404, 0.000641
219, 0.000000, 0.016860, 0.000076, 0.000046, 0.000406, 0.000643
219, 0.000000, 0.020906, 0.000104, 0.000072, 0.000521, 0.000851
219, 0.000000, 0.021006, 0.000104, 0.000072, 0.000523, 0.000850
219, 0.000000, 0.021952, 0.000111, 0.000077, 0.000548, 0.000885
219, 0.000000, 0.022059, 0.000111, 0.000076, 0.000549, 0.000885
219, 0.000000, 0.025674, 0.000125, 0.000082, 0.000626, 0.000954
219, 0.000000, 0.025794, 0.000126, 0.000083, 0.000628, 0.000954
219, 0.000000, 0.026768, 0.000127, 0.000093, 0.000666, 0.001006
219, 0.000000, 0.026899, 0.000127, 0.000093, 0.000668, 0.001006
219, 0.000000, 0.027600, 0.000140, 0.000099, 0.000711, 0.001160
219, 0.000000, 0.027658, 0.000140, 0.000099, 0.000712, 0.001160
219, 0.000000, 0.028450, 0.000141, 0.000099, 0.000727, 0.001167
219, 0.000000, 0.028540, 0.000142, 0.000100, 0.000729, 0.001169
219, 0.000000, 0.028934, 0.000143, 0.000101, 0.000733, 0.001190
220, 0.000000, 0.000387, 0.000004, 0.000004, 0.000010, 0.000019
220, 0.000000, 0.004574, 0.000023, 0.000014, 0.000113, 0.000183
220, 0.000000, 0.004595, 0.000023, 0.000014, 0.000114, 0.000184
220, 0.000000, 0.012210, 0.000056, 0.000036, 0.000282, 0.000485
220, 0.000000, 0.012140, 0.000056, 0.000036, 0.000280, 0.000486
220, 0.000000, 0.013941, 0.000060, 0.000038, 0.000323, 0.000550
220, 0.000000, 0.013897, 0.000060, 0.000038, 0.000322, 0.000550
220, 0.000000, 0.014654, 0.000064, 0.000039, 0.000342, 0.000581
220, 0.000000, 0.014686, 0.000064, 0.000039, 0.000342, 0.000581
220, 0.000000, 0.014998, 0.000067, 0.000041, 0.000358, 0.000621
220, 0.000000, 0.015034, 0.000067, 0.000041, 0.000359, 0.000621
220, 5.890312, 1643939840.000000, 6642767.722656, 4101034.945221, 38576763.150643, 55489751.732078
220, 5.890312, 1643939840.000000, 6642767.722656, 4101034.945221, 38576763.150643, 55489751.732078
220, 5.890312, 1643939840.000000, 6642767.722656, 4101034.945221, 38576763.150643, 55489751.732078
220, 5.890312, 1643939840.000000, 6642767.722656, 4101034.945221, 38576763.150643, 55489751.732078
220, 5.890312, 1643939840.000000, 6642767.722656, 4101034.945221, 38576763.150643, 55489751.732078
220, 5.890312, 1643939840.000000, 6642767.722656, 4101034.945221, 38576763.150643, 55489751.732078
220, 5.890312, 1643939840.000000, 6642767.722656, 4101034.945221, 38576763.150643, 55489751.732078
220, 5.890312, 1643939840.000000, 6642767.722656, 4101034.945221, 38576763.150643, 55489751.732078
220, 5.890312, 1643939840.000000, 6642767.722656, 4101034.945221, 38576763.150643, 55489751.732078
220, 5.890312, 1643939840.000000, 6642767.722656, 4101034.945221, 38576763.150643, 55489751.732078
220, 5.890312, 1643939840.000000, 6642767.722656, 4101034.945221, 38576763.150643, 55489751.732078
220, 5.890312, 1643939840.000000, 6642767.722656, 4101034.945221, 38576763.150643, 55489751.732078
220, 5.890312, 1643939840.000000, 6642767.722656, 4101034.945221, 38576763.150643, 55489751.732078
220, 5.890312, 1643939840.000000, 6642767.722656, 4101034.945221, 38576763.150643, 55489751.732078
220, 5.890312, 1643939840.000000, 6642767.722656, 4101034.945221, 38576763.150643, 55489751.732078
220, 5.890312, 1643939840.000000, 6642767.722656, 4101034.945221, 38576763.150643, 55489751.732078
220, 5.890312, 1643939840.000000, 6642767.722656, 4101034.945221, 38576763.150643, 55489751.732078
220, 5.890312, 1643939840.000000, 6642767.722656, 4101034.945221, 38576763.150643, 55489751.732078
220, 5.890312, 1643939840.000000, 6642767.722656, 4101034.945221, 38576763.150643, 55489751.732078
220, 5.890312, 1643939840.000000, 6642767.722656, 4101034.945221, 38576763.150643, 55489751.732078
220, 5.890312, 1643939840.000000, 6642767.722656, 4101034.945221, 38576763.150643, 55489751.732078
221, 0.000000, 0.000346, 0.000002, 0.000002, 0.000008, 0.000018
221, 0.000000, 0.004700, 0.000024, 0.000011, 0.000112, 0.000176
221, 0.000000, 0.004745, 0.000024, 0.000011, 0.000113, 0.000178
221, 0.000000, 0.008331, 0.000042, 0.000028, 0.000217, 0.000330
221, 0.000000, 0.008378, 0.000042, 0.000027, 0.000216, 0.000330
221, 0.000000, 0.010245, 0.000052, 0.000029, 0.000266, 0.000429
221, 0.000000, 0.010308, 0.000052, 0.000029, 0.000267, 0.000430
221, 0.000000, 0.011885, 0.000056, 0.000038, 0.000309, 0.000473
221, 0.000000, 0.011849, 0.000057, 0.000040, 0.000310, 0.000475
221, 0.000000, 0.014666, 0.000067, 0.000047, 0.000388, 0.000641
221, 0.000000, 0.014718, 0.000067, 0.000047, 0.000388, 0.000641
221, 0.000000, 0.017052, 0.000077, 0.000060, 0.000449, 0.000700
221, 0.000000, 0.017083, 0.000078, 0.000062, 0.000452, 0.000704
221, 0.000000, 0.020061, 0.000091, 0.000055, 0.000511, 0.000789
221, 0.000000, 0.020147, 0.000091, 0.000055, 0.000512, 0.000790
221, 0.000000, 0.022062, 0.000104, 0.000057, 0.000556, 0.000869
221, 0.000000, 0.022103, 0.000104, 0.000057, 0.000557, 0.000870
221, 0.000000, 0.023180, 0.000109, 0.000063, 0.000591, 0.000912
221, 0.000000, 0.023251, 0.000109, 0.000062, 0.000591, 0.000911
221, 0.000000, 0.024068, 0.000114, 0.000071, 0.000609, 0.000959
221, 0.000000, 0.024063, 0.000114, 0.000070, 0.000609, 0.000959
221, 0.000000, 0.025075, 0.000115, 0.000069, 0.000630, 0.000982
221, 0.000000, 0.025151, 0.000115, 0.000069, 0.000631, 0.000982
221, 0.000000, 0.025916, 0.000117, 0.000070, 0.000646, 0.001000
221, 0.000000, 0.026000, 0.000117, 0.000070, 0.000647, 0.001000
221, 0.000000, 0.028411, 0.000125, 0.000078, 0.000689, 0.001064
221, 0.000000, 0.028469, 0.000125, 0.000078, 0.000690, 0.001065
221, 0.000000, 0.032101, 0.000136, 0.000084, 0.000771, 0.001157
221, 0.000000, 0.032175, 0.000136, 0.000083, 0.000771, 0.001157
221, 0.000000, 0.034382, 0.000138, 0.000082, 0.000809, 0.001174
221, 0.000000, 0.034431, 0.000138, 0.000082, 0.000810, 0.001175
221, 0.000000, 0.036986, 0.000145, 0.000086, 0.000853, 0.001235
222, 0.000000, 0.000346, 0.000002, 0.000002, 0.000008, 0.000019
222, 0.000000, 0.009931, 0.000044, 0.000025, 0.000243, 0.000351
222, 0.000000, 0.009894, 0.000044, 0.000025, 0.000243, 0.000351
222, 0.000000, 0.010937, 0.000051, 0.000029, 0.000262, 0.000383
222, 0.000000, 0.010918, 0.000051, 0.000029, 0.000262, 0.000384
222, 0.000000, 0.011349, 0.000052, 0.000029, 0.000275, 0.000399
222, 0.000000, 0.011336, 0.000052, 0.000029, 0.000275, 0.000400
222, 0.000000, 0.012015, 0.000055, 0.000032, 0.000307, 0.000445
222, 0.000000, 0.012014, 0.000055, 0.000032, 0.000307, 0.000445
222, 0.000000, 0.014827, 0.000070, 0.000050, 0.000378, 0.000570
222, 0.000000, 0.014865, 0.000071, 0.000051, 0.000381, 0.000574
222, 0.000000, 0.015178, 0.000076, 0.000051, 0.000393, 0.000609
222, 0.000000, 0.015233, 0.000076, 0.000051, 0.000394, 0.000609
222, 0.000000, 0.018285, 0.000090, 0.000057, 0.000473, 0.000721
222, 0.000000, 0.018331, 0.000090, 0.000057, 0.000474, 0.000722
222, 0.000000, 0.020911, 0.000094, 0.000056, 0.000526, 0.000791
222, 0.000000, 0.020953, 0.000094, 0.000056, 0.000527, 0.000791
222, 0.000000, 0.020968, 0.000096, 0.000057, 0.000528, 0.000798
222, 0.000000, 0.021047, 0.000096, 0.000058, 0.000530, 0.000798
222, 0.000000, 0.023497, 0.000119, 0.000070, 0.000626, 0.000976
222, 0.000000, 0.023513, 0.000120, 0.000070, 0.000627, 0.000977
222, 0.000000, 2.059281, 0.014541, 0.012651, 0.054803, 0.087623
222, 0.000000, 2.059275, 0.014541, 0.012650, 0.054802, 0.087622
222, 0.000000, 2.060197, 0.014520, 0.012637, 0.054800, 0.087607
222, 0.000000, 2.060173, 0.014520, 0.012638, 0.054801, 0.087608
222, 0.000000, 2.060656, 0.014523, 0.012639, 0.054798, 0.087597
222, 0.000000, 2.060632, 0.014523, 0.012639, 0.054798, 0.087597
222, 0.000000, 2.059781, 0.014525, 0.012639, 0.054782, 0.087595
222, 0.000000, 2.059775, 0.014525, 0.012639, 0.054782, 0.087596
222, 0.000000, 2.059674, 0.014525, 0.012638, 0.054782, 0.087597
222, 0.000000, 2.059660, 0.014525, 0.012638, 0.054782, 0.087597
222, 0.000000, 2.061100, 0.014532, 0.012654, 0.054809, 0.087600
223, 0.000000, 0.000390, 0.000002, 0.000002, 0.000008, 0.000017
223, 0.000000, 0.004926, 0.000018, 0.000012, 0.000109, 0.000152
223, 0.000000, 0.005008, 0.000021, 0.000015, 0.000111, 0.000159
223, 0.000000, 0.009365, 0.000043, 0.000025, 0.000222, 0.000380
223, 0.000000, 0.009377, 0.000043, 0.000025, 0.000222, 0.000381
223, 0.000000, 0.010531, 0.000046, 0.000026, 0.000245, 0.000402
223, 0.000000, 0.010528, 0.000046, 0.000027, 0.000246, 0.000403
223, 0.000000, 0.013639, 0.000061, 0.000042, 0.000318, 0.000483
223, 0.000000, 0.013731, 0.000061, 0.000042, 0.000319, 0.000483
223, 0.000000, 0.013979, 0.000065, 0.000047, 0.000331, 0.000503
223, 0.000000, 0.014027, 0.000066, 0.000047, 0.000332, 0.000505
223, 0.000000, 0.013917, 0.000069, 0.000051, 0.000339, 0.000528
223, 0.000000, 0.013965, 0.000068, 0.000050, 0.000339, 0.000530
223, 0.000000, 0.015925, 0.000075, 0.000055, 0.000376, 0.000560
223, 0.000000, 0.016015, 0.000075, 0.000055, 0.000378, 0.000561
223, 0.000000, 0.017087, 0.000080, 0.000062, 0.000410, 0.000588
223, 0.000000, 0.017131, 0.000081, 0.000062, 0.000411, 0.000588
223, 0.000000, 0.018264, 0.000084, 0.000062, 0.000439, 0.000622
223, 0.000000, 0.018346, 0.000084, 0.000062, 0.000439, 0.000622
223, 0.000000, 0.488767, 0.001523, 0.000704, 0.010392, 0.010851
223, 0.000000, 0.488839, 0.001523, 0.000704, 0.010393, 0.010852
223, 0.000000, 0.489025, 0.001523, 0.000706, 0.010396, 0.010853
223, 0.000000, 0.489085, 0.001523, 0.000706, 0.010397, 0.010853
223, 0.000000, 0.489540, 0.001524, 0.000704, 0.010404, 0.010852
223, 0.000000, 0.489604, 0.001524, 0.000704, 0.010405, 0.010852
223, 0.000000, 0.487978, 0.001528, 0.000708, 0.010399, 0.010882
223, 0.000000, 0.488035, 0.001528, 0.000708, 0.010400, 0.010882
223, 0.000000, 0.487160, 0.001528, 0.000709, 0.010389, 0.010885
223, 0.000000, 0.487230, 0.001528, 0.000709, 0.010390, 0.010885
223, 0.000000, 0.486632, 0.001526, 0.000707, 0.010376, 0.010881
223, 0.000000, 0.486733, 0.001526, 0.000707, 0.010378, 0.010880
223, 0.000000, 0.486569, 0.001526, 0.000707, 0.010374, 0.010881
224, 0.000000, 0.000520, 0.000002, 0.000003, 0.000009, 0.000026
224, 0.000000, 0.016298, 0.000077, 0.000024, 0.000372, 0.000459
224, 0.000000, 0.016352, 0.000077, 0.000024, 0.000373, 0.000460
224, 0.000000, 0.016777, 0.000083, 0.000030, 0.000394, 0.000521
224, 0.000000, 0.016832, 0.000083, 0.000030, 0.000395, 0.000523
224, 0.000000, 0.017825, 0.000085, 0.000031, 0.000412, 0.000557
224, 0.000000, 0.017841, 0.000085, 0.000031, 0.000413, 0.000558
224, 0.000000, 0.023898, 0.000116, 0.000053, 0.000546, 0.000795
224, 0.000000, 0.023871, 0.000116, 0.000054, 0.000547, 0.000796
224, 0.000000, 0.023457, 0.000118, 0.000055, 0.000547, 0.000823
224, 0.000000, 0.023484, 0.000118, 0.000055, 0.000548, 0.000823
224, 0.000000, 0.024353, 0.000121, 0.000055, 0.000561, 0.000835
224, 0.000000, 0.024348, 0.000121, 0.000055, 0.000561, 0.000835
224, 0.000000, 0.071127, 0.000344, 0.000216, 0.001749, 0.003266
224, 0.000000, 0.071042, 0.000344, 0.000216, 0.001748, 0.003266
224, 0.000000, 0.071360, 0.000361, 0.000228, 0.001806, 0.003387
224, 0.000000, 0.071303, 0.000361, 0.000228, 0.001806, 0.003387
224, 0.000000, 0.071231, 0.000362, 0.000230, 0.001803, 0.003387
224, 0.000000, 0.071142, 0.000362, 0.000231, 0.001802, 0.003386
224, 0.000000, 0.071121, 0.000363, 0.000233, 0.001807, 0.003410
224, 0.000000, 0.071054, 0.000363, 0.000233, 0.001807, 0.003410
224, 0.000000, 0.071020, 0.000363, 0.000232, 0.001811, 0.003415
224, 0.000000, 0.070986, 0.000363, 0.000233, 0.001811, 0.003416
224, 0.000000, 0.072146, 0.000363, 0.000233, 0.001830, 0.003436
224, 0.000000, 0.072089, 0.000363, 0.000233, 0.001829, 0.003435
224, 0.000000, 0.072431, 0.000364, 0.000231, 0.001838, 0.003437
224, 0.000000, 0.072374, 0.000364, 0.000232, 0.001838, 0.003437
224, 0.000000, 0.071674, 0.000364, 0.000233, 0.001832, 0.003443
224, 0.000000, 0.071609, 0.000364, 0.000233, 0.001831, 0.003443
224, 0.000000, 0.070799, 0.000364, 0.000233, 0.001825, 0.003450
224, 0.000000, 0.070738, 0.000364, 0.000233, 0.001825, 0.003451
224, 0.000000, 0.070598, 0.000366, 0.000241, 0.001829, 0.003476
225, 0.000000, 0.000360, 0.000002, 0.000003, 0.000008, 0.000018
225, 0.000000, 0.014672, 0.000061, 0.000042, 0.000346, 0.000431
225, 0.000000, 0.014662, 0.000061, 0.000042, 0.000346, 0.000432
225, 0.000000, 0.015575, 0.000063, 0.000035, 0.000356, 0.000461
225, 0.000000, 0.015593, 0.000063, 0.000035, 0.000356, 0.000461
225, 0.000000, 0.019344, 0.000089, 0.000063, 0.000456, 0.000715
225, 0.000000, 0.019347, 0.000089, 0.000063, 0.000456, 0.000715
225, 0.000000, 0.019461, 0.000087, 0.000062, 0.000462, 0.000741
225, 0.000000, 0.019487, 0.000088, 0.000063, 0.000463, 0.000742
225, 0.000000, 0.026161, 0.000126, 0.000102, 0.000635, 0.001022
225, 0.000000, 0.026156, 0.000127, 0.000102, 0.000637, 0.001024
225, 0.000000, 0.027900, 0.000137, 0.000106, 0.000672, 0.001105
225, 0.000000, 0.027910, 0.000137, 0.000106, 0.000672, 0.001105
225, 0.000000, 0.030340, 0.000153, 0.000112, 0.000724, 0.001174
225, 0.000000, 0.030412, 0.000154, 0.000112, 0.000725, 0.001175
225, 0.000000, 0.030935, 0.000157, 0.000120, 0.000748, 0.001218
225, 0.000000, 0.030948, 0.000157, 0.000121, 0.000749, 0.001221
225, 0.000000, 0.650673, 0.003182, 0.002166, 0.016570, 0.027261
225, 0.000000, 0.650656, 0.003183, 0.002166, 0.016569, 0.027260
225, 0.000000, 0.650417, 0.003185, 0.002166, 0.016554, 0.027263
225, 0.000000, 0.650416, 0.003185, 0.002166, 0.016554, 0.027263
225, 0.000000, 0.651408, 0.003190, 0.002174, 0.016581, 0.027240
225, 0.000000, 0.651407, 0.003190, 0.002174, 0.016581, 0.027240
225, 0.000000, 0.651159, 0.003190, 0.002171, 0.016573, 0.027236
225, 0.000000, 0.651143, 0.003190, 0.002170, 0.016572, 0.027236
225, 0.000000, 0.650814, 0.003193, 0.002187, 0.016583, 0.027247
225, 0.000000, 0.650779, 0.003193, 0.002188, 0.016583, 0.027248
225, 0.000000, 0.651638, 0.003192, 0.002182, 0.016589, 0.027240
225, 0.000000, 0.651604, 0.003192, 0.002182, 0.016589, 0.027240
225, 0.000000, 2.830058, 0.015106, 0.009263, 0.071553, 0.121118
225, 0.000000, 2.830062, 0.015106, 0.009263, 0.071553, 0.121118
225, 0.000000, 2.829900, 0.015104, 0.009264, 0.071553, 0.121120
226, 0.000000, 0.000362, 0.000002, 0.000001, 0.000007, 0.000010
226, 0.000000, 0.006140, 0.000032, 0.000018, 0.000146, 0.000252
226, 0.000000, 0.006194, 0.000032, 0.000018, 0.000148, 0.000253
226, 0.000038, 239148.296875, 1004.878325, 397.669040, 5169.444661, 6063.848507
226, 0.000038, 239148.296875, 1004.878325, 397.669040, 5169.444661, 6063.848507
226, 0.000038, 239148.296875, 1004.878321, 397.669040, 5169.444661, 6063.848599
226, 0.000038, 239148.296875, 1004.878321, 397.669040, 5169.444661, 6063.848599
226, 0.000038, 239148.296875, 1004.878322, 397.669039, 5169.444661, 6063.848553
226, 0.000038, 239148.296875, 1004.878322, 397.669038, 5169.444657, 6063.848575
226, 0.000038, 239148.296875, 1004.878325, 397.669054, 5169.444678, 6063.848626
226, 0.000038, 239148.296875, 1004.878325, 397.669054, 5169.444679, 6063.848626
226, 0.000038, 239148.296875, 1004.878326, 397.669055, 5169.444678, 6063.848579
226, 0.000038, 239148.296875, 1004.878326, 397.669055, 5169.444678, 6063.848579
226, 0.000038, 239148.296875, 1004.878325, 397.669054, 5169.444678, 6063.848485
226, 0.000038, 239148.296875, 1004.878325, 397.669054, 5169.444678, 6063.848485
226, 0.000038, 239148.296875, 1004.878316, 397.669047, 5169.444671, 6063.848602
226, 0.000038, 239148.296875, 1004.878317, 397.669047, 5169.444672, 6063.848602
226, 0.000038, 239148.296875, 1004.878317, 397.669048, 5169.444674, 6063.848599
226, 0.000038, 239148.296875, 1004.878317, 397.669048, 5169.444674, 6063.848599
226, 0.000038, 239148.296875, 1004.878312, 397.669048, 5169.444674, 6063.848698
226, 0.000038, 239148.296875, 1004.878313, 397.669048, 5169.444674, 6063.848698
226, 0.000038, 239148.296875, 1004.878311, 397.669044, 5169.444670, 6063.848468
226, 0.000038, 239148.296875, 1004.878311, 397.669044, 5169.444670, 6063.848468
226, 0.000038, 239148.296875, 1004.878313, 397.669050, 5169.444678, 6063.848468
226, 0.000038, 239148.296875, 1004.878313, 397.669050, 5169.444678, 6063.848468
226, 0.000038, 239148.296875, 1004.878316, 397.669048, 5169.444670, 6063.848516
226, 0.000038, 239148.296875, 1004.878316, 397.669046, 5169.444671, 6063.848516
226, 0.000038, 239148.296875, 1004.878314, 397.669046, 5169.444670, 6063.848609
226, 0.000038, 239148.296875, 1004.878314, 397.669046, 5169.444670, 6063.848609
226, 0.000038, 239148.296875, 1004.878314, 397.669051, 5169.444678, 6063.848610
226, 0.000038, 239148.296875, 1004.878314, 397.669051, 5169.444678, 6063.848610
226, 0.000038, 239148.296875, 1004.878313, 397.669054, 5169.444678, 6063.848610
227, 0.000000, 0.000417, 0.000003, 0.000003, 0.000010, 0.000019
227, 0.000000, 0.002948, 0.000014, 0.000008, 0.000070, 0.000112
227, 0.000000, 0.003045, 0.000014, 0.000008, 0.000071, 0.000114
227, 0.000000, 0.004618, 0.000020, 0.000010, 0.000105, 0.000147
227, 0.000000, 0.004712, 0.000021, 0.000012, 0.000108, 0.000152
227, 0.000000, 0.007632, 0.000032, 0.000018, 0.000170, 0.000240
227, 0.000000, 0.007782, 0.000033, 0.000019, 0.000172, 0.000241
227, 0.000000, 0.009823, 0.000045, 0.000030, 0.000228, 0.000322
227, 0.000000, 0.009959, 0.000046, 0.000031, 0.000230, 0.000324
227, 0.000000, 0.012351, 0.000056, 0.000040, 0.000286, 0.000436
227, 0.000000, 0.012482, 0.000056, 0.000039, 0.000286, 0.000437
227, 0.000000, 0.013944, 0.000064, 0.000049, 0.000327, 0.000499
227, 0.000000, 0.014053, 0.000064, 0.000049, 0.000329, 0.000500
227, 0.000000, 0.017005, 0.000072, 0.000055, 0.000386, 0.000577
227, 0.000000, 0.017097, 0.000072, 0.000053, 0.000386, 0.000578
227, 0.000000, 0.017299, 0.000082, 0.000068, 0.000413, 0.000620
227, 0.000000, 0.017482, 0.000082, 0.000069, 0.000417, 0.000621
227, 0.000000, 0.074232, 0.000329, 0.000171, 0.001748, 0.002426
227, 0.000000, 0.074311, 0.000329, 0.000171, 0.001748, 0.002429
227, 0.000000, 0.075584, 0.000330, 0.000171, 0.001763, 0.002431
227, 0.000000, 0.075696, 0.000330, 0.000171, 0.001764, 0.002431
227, 0.000000, 4.546881, 0.034929, 0.035757, 0.140810, 0.239284
227, 0.000000, 4.546913, 0.034929, 0.035756, 0.140810, 0.239284
227, 0.000000, 4.547201, 0.034929, 0.035755, 0.140820, 0.239286
227, 0.000000, 4.547192, 0.034929, 0.035755, 0.140819, 0.239285
227, 0.000000, 4.546438, 0.034930, 0.035775, 0.140816, 0.239263
227, 0.000000, 4.546433, 0.034930, 0.035775, 0.140816, 0.239263
227, 0.000000, 4.546741, 0.034929, 0.035762, 0.140791, 0.239249
227, 0.000000, 4.546750, 0.034929, 0.035762, 0.140793, 0.239250
227, 0.000000, 4.545500, 0.034927, 0.035785, 0.140775, 0.239245
227, 0.000000, 4.545527, 0.034928, 0.035786, 0.140776, 0.239246
227, 0.000000, 4.546285, 0.034925, 0.035803, 0.140788, 0.239251
228, 0.000000, 0.000348, 0.000002, 0.000002, 0.000007, 0.000014
228, 0.000000, 0.006894, 0.000031, 0.000018, 0.000160, 0.000254
228, 0.000000, 0.006908, 0.000031, 0.000018, 0.000161, 0.000255
228, 0.000000, 0.018967, 0.000091, 0.000040, 0.000443, 0.000640
228, 0.000000, 0.019021, 0.000091, 0.000040, 0.000444, 0.000640
228, 0.000000, 0.019354, 0.000094, 0.000042, 0.000460, 0.000682
228, 0.000000, 0.019406, 0.000094, 0.000042, 0.000460, 0.000682
228, 0.000000, 0.020132, 0.000097, 0.000045, 0.000477, 0.000695
228, 0.000000, 0.020195, 0.000097, 0.000045, 0.000478, 0.000694
228, 0.000000, 0.021192, 0.000099, 0.000047, 0.000492, 0.000706
228, 0.000000, 0.021276, 0.000099, 0.000047, 0.000493, 0.000706
228, 0.000000, 0.021706, 0.000105, 0.000072, 0.000527, 0.000756
228, 0.000000, 0.021792, 0.000106, 0.000071, 0.000526, 0.000757
228, 0.000000, 0.022102, 0.000109, 0.000081, 0.000545, 0.000782
228, 0.000000, 0.022216, 0.000109, 0.000081, 0.000546, 0.000782
228, 0.000000, 0.024876, 0.000115, 0.000080, 0.000591, 0.000847
228, 0.000000, 0.025014, 0.000116, 0.000080, 0.000592, 0.000849
228, 0.000000, 0.024744, 0.000126, 0.000111, 0.000619, 0.000891
228, 0.000000, 0.024881, 0.000125, 0.000111, 0.000621, 0.000891
228, 0.002145, 16044502.000000, 69336.857303, 35560.922444, 358498.282137, 485574.162434
228, 0.002145, 16044502.000000, 69336.857303, 35560.922444, 358498.282137, 485574.162434
228, 0.002145, 16044502.000000, 69336.857303, 35560.922444, 358498.282137, 485574.162434
228, 0.002145, 16044502.000000, 69336.857303, 35560.922444, 358498.282137, 485574.162434
228, 0.002145, 16044502.000000, 69336.857303, 35560.922444, 358498.282137, 485574.162434
228, 0.002145, 16044502.000000, 69336.857303, 35560.922444, 358498.282137, 485574.162434
228, 0.002145, 16044502.000000, 69336.857303, 35560.922444, 358498.282137, 485574.162434
228, 0.002145, 16044502.000000, 69336.857303, 35560.922444, 358498.282137, 485574.162434
228, 0.002145, 16044502.000000, 69336.857303, 35560.922444, 358498.282137, 485574.162434
228, 0.002145, 16044502.000000, 69336.857303, 35560.922444, 358498.282137, 485574.162434
228, 0.002145, 16044502.000000, 69336.857303, 35560.922444, 358498.282137, 485574.162434
228, 0.002145, 16044502.000000, 69336.857303, 35560.922444, 358498.282137, 485574.162434
228, 0.002149, 16045304.000000, 69335.925111, 35560.611226, 358508.705632, 485567.199075
229, 0.000000, 0.000480, 0.000002, 0.000002, 0.000010, 0.000023
229, 0.000000, 0.015315, 0.000081, 0.000040, 0.000369, 0.000616
229, 0.000000, 0.015295, 0.000082, 0.000040, 0.000370, 0.000618
229, 0.000000, 0.016244, 0.000088, 0.000045, 0.000397, 0.000672
229, 0.000000, 0.016211, 0.000088, 0.000044, 0.000397, 0.000673
229, 0.000000, 0.018054, 0.000101, 0.000054, 0.000461, 0.000813
229, 0.000000, 0.018120, 0.000102, 0.000054, 0.000462, 0.000814
229, 0.000000, 0.018187, 0.000104, 0.000054, 0.000464, 0.000829
229, 0.000000, 0.018237, 0.000104, 0.000054, 0.000465, 0.000829
229, 0.000000, 0.019368, 0.000106, 0.000055, 0.000486, 0.000847
229, 0.000000, 0.019451, 0.000106, 0.000055, 0.000487, 0.000846
229, 0.000000, 0.020840, 0.000115, 0.000056, 0.000512, 0.000864
229, 0.000000, 0.020876, 0.000115, 0.000056, 0.000513, 0.000866
229, 0.000000, 0.021907, 0.000119, 0.000063, 0.000540, 0.000890
229, 0.000000, 0.021973, 0.000119, 0.000063, 0.000540, 0.000891
229, 0.000000, 0.022979, 0.000128, 0.000079, 0.000578, 0.000978
229, 0.000000, 0.023008, 0.000128, 0.000079, 0.000578, 0.000979
229, 0.000000, 0.023772, 0.000132, 0.000084, 0.000596, 0.001011
229, 0.000000, 0.023852, 0.000132, 0.000084, 0.000597, 0.001010
229, 0.000000, 0.024785, 0.000134, 0.000078, 0.000606, 0.001037
229, 0.000000, 0.024840, 0.000134, 0.000078, 0.000606, 0.001037
229, 0.000000, 0.025712, 0.000134, 0.000078, 0.000620, 0.001046
229, 0.000000, 0.025773, 0.000134, 0.000078, 0.000622, 0.001047
229, 0.000000, 0.025462, 0.000137, 0.000078, 0.000617, 0.001066
229, 0.000000, 0.025496, 0.000137, 0.000078, 0.000618, 0.001066
229, 0.000000, 0.025533, 0.000139, 0.000079, 0.000625, 0.001086
229, 0.000000, 0.025614, 0.000139, 0.000079, 0.000626, 0.001088
229, 0.000000, 0.025631, 0.000152, 0.000098, 0.000649, 0.001154
229, 0.000000, 0.025742, 0.000153, 0.000098, 0.000650, 0.001154
229, 0.000000, 0.028276, 0.000161, 0.000094, 0.000704, 0.001208
229, 0.000000, 0.028403, 0.000161, 0.000094, 0.000705, 0.001208
229, 0.000000, 0.030036, 0.000170, 0.000104, 0.000757, 0.001337
230, 0.000000, 0.000414, 0.000003, 0.000004, 0.000010, 0.000016
230, 0.000000, 0.004185, 0.000022, 0.000012, 0.000096, 0.000134
230, 0.000000, 0.004211, 0.000023, 0.000012, 0.000096, 0.000137
230, 0.000000, 0.126602, 0.000657, 0.000413, 0.002839, 0.004444
230, 0.000000, 0.126655, 0.000657, 0.000412, 0.002838, 0.004443
230, 0.000000, 0.126885, 0.000656, 0.000409, 0.002840, 0.004449
230, 0.000000, 0.126937, 0.000656, 0.000409, 0.002839, 0.004449
230, 0.000000, 0.130248, 0.000675, 0.000418, 0.002910, 0.004567
230, 0.000000, 0.130269, 0.000675, 0.000418, 0.002910, 0.004567
230, 0.000000, 0.130314, 0.000673, 0.000414, 0.002908, 0.004569
230, 0.000000, 0.130326, 0.000673, 0.000413, 0.002907, 0.004570
230, 0.000000, 0.131986, 0.000666, 0.000411, 0.002931, 0.004572
230, 0.000000, 0.132048, 0.000666, 0.000411, 0.002931, 0.004572
230, 0.000000, 0.131232, 0.000666, 0.000408, 0.002917, 0.004571
230, 0.000000, 0.131290, 0.000666, 0.000408, 0.002917, 0.004572
230, 0.000000, 0.131250, 0.000667, 0.000410, 0.002918, 0.004580
230, 0.000000, 0.131289, 0.000668, 0.000410, 0.002919, 0.004581
230, 0.000000, 0.130000, 0.000667, 0.000397, 0.002903, 0.004554
230, 0.000000, 0.130068, 0.000667, 0.000398, 0.002904, 0.004553
230, 0.000000, 0.130543, 0.000659, 0.000384, 0.002900, 0.004557
230, 0.000000, 0.130597, 0.000659, 0.000384, 0.002900, 0.004558
230, 0.000000, 0.130886, 0.000661, 0.000383, 0.002904, 0.004566
230, 0.000000, 0.130936, 0.000661, 0.000383, 0.002905, 0.004566
230, 0.000000, 0.132160, 0.000662, 0.000380, 0.002921, 0.004568
230, 0.000000, 0.132184, 0.000662, 0.000380, 0.002922, 0.004568
230, 0.000000, 0.134173, 0.000662, 0.000389, 0.002957, 0.004612
230, 0.000000, 0.134212, 0.000662, 0.000389, 0.002959, 0.004612
230, 0.000000, 0.134122, 0.000663, 0.000390, 0.002958, 0.004618
230, 0.000000, 0.134178, 0.000663, 0.000390, 0.002958, 0.004618
230, 0.000000, 0.134213, 0.000661, 0.000383, 0.002961, 0.004613
230, 0.000000, 0.134231, 0.000661, 0.000384, 0.002961, 0.004612
230, 0.000000, 0.133724, 0.000663, 0.000385, 0.002955, 0.004620
231, 0.000000, 0.000432, 0.000005, 0.000006, 0.000011, 0.000027
231, 0.000000, 0.003537, 0.000018, 0.000014, 0.000086, 0.000135
231, 0.000000, 0.003700, 0.000018, 0.000014, 0.000089, 0.000137
231, 0.000000, 0.009084, 0.000041, 0.000023, 0.000206, 0.000334
231, 0.000000, 0.009195, 0.000042, 0.000023, 0.000208, 0.000335
231, 0.000000, 1.563425, 0.008662, 0.007778, 0.042117, 0.066636
231, 0.000000, 1.563365, 0.008662, 0.007778, 0.042116, 0.066635
231, 0.000000, 1.564196, 0.008664, 0.007784, 0.042133, 0.066637
231, 0.000000, 1.564116, 0.008664, 0.007785, 0.042133, 0.066638
231, 0.000000, 1.564240, 0.008659, 0.007773, 0.042130, 0.066634
231, 0.000000, 1.564169, 0.008659, 0.007775, 0.042131, 0.066634
231, 0.000000, 1.564039, 0.008660, 0.007780, 0.042132, 0.066626
231, 0.000000, 1.563967, 0.008661, 0.007781, 0.042133, 0.066627
231, 0.000000, 1.564825, 0.008662, 0.007785, 0.042138, 0.066630
231, 0.000000, 1.564761, 0.008662, 0.007784, 0.042137, 0.066630
231, 0.000000, 1.564558, 0.008658, 0.007776, 0.042126, 0.066641
231, 0.000000, 1.564520, 0.008658, 0.007776, 0.042127, 0.066642
231, 0.000000, 1.564174, 0.008657, 0.007780, 0.042118, 0.066641
231, 0.000000, 1.564096, 0.008658, 0.007782, 0.042118, 0.066642
231, 0.000000, 1.563245, 0.008661, 0.007796, 0.042118, 0.066647
231, 0.000000, 1.563158, 0.008661, 0.007795, 0.042115, 0.066646
231, 0.000000, 1.562352, 0.008654, 0.007776, 0.042089, 0.066640
231, 0.000000, 1.562280, 0.008654, 0.007776, 0.042088, 0.066640
231, 0.000000, 1.562307, 0.008656, 0.007786, 0.042096, 0.066643
231, 0.000000, 1.562228, 0.008656, 0.007786, 0.042095, 0.066643
231, 0.000000, 1.561417, 0.008656, 0.007789, 0.042085, 0.066639
231, 0.000000, 1.561345, 0.008655, 0.007788, 0.042084, 0.066638
231, 0.000000, 1.561499, 0.008655, 0.007785, 0.042080, 0.066636
231, 0.000000, 1.561437, 0.008655, 0.007787, 0.042080, 0.066638
231, 0.000000, 1.560429, 0.008658, 0.007796, 0.042075, 0.066636
231, 0.000000, 1.560366, 0.008660, 0.007801, 0.042078, 0.066639
231, 0.000000, 1.560030, 0.008655, 0.007789, 0.042064, 0.066633
232, 0.000000, 0.000432, 0.000002, 0.000002, 0.000009, 0.000022
232, 0.000000, 0.010588, 0.000053, 0.000036, 0.000246, 0.000369
232, 0.000000, 0.010581, 0.000054, 0.000036, 0.000247, 0.000373
232, 0.000000, 0.010377, 0.000055, 0.000042, 0.000252, 0.000386
232, 0.000000, 0.010401, 0.000055, 0.000042, 0.000252, 0.000386
232, 0.031017, 39707732.000000, 226300.590224, 143599.489915, 939951.723484, 1416758.724538
232, 0.031017, 39707732.000000, 226300.590224, 143599.489915, 939951.723484, 1416758.724538
232, 0.031017, 39707732.000000, 226300.590224, 143599.489915, 939951.723484, 1416758.724538
232, 0.031017, 39707732.000000, 226300.590224, 143599.489915, 939951.723484, 1416758.724538
232, 0.031017, 39707732.000000, 226300.590224, 143599.489915, 939951.723484, 1416758.724538
232, 0.031017, 39707732.000000, 226300.590224, 143599.489915, 939951.723484, 1416758.724538
232, 0.031017, 39707732.000000, 226300.590224, 143599.489915, 939951.723484, 1416758.724538
232, 0.031017, 39707732.000000, 226300.590224, 143599.489915, 939951.723484, 1416758.724538
232, 0.031017, 39707732.000000, 226300.590224, 143599.489915, 939951.723484, 1416758.724538
232, 0.031017, 39707732.000000, 226300.590224, 143599.489915, 939951.723484, 1416758.724538
232, 0.031017, 39707732.000000, 226300.590224, 143599.489915, 939951.723484, 1416758.724538
232, 0.031017, 39707732.000000, 226300.590224, 143599.489915, 939951.723484, 1416758.724538
232, 0.031017, 39707732.000000, 226300.590224, 143599.489915, 939951.723484, 1416758.724538
232, 0.031017, 39707732.000000, 226300.590224, 143599.489915, 939951.723484, 1416758.724538
232, 0.031017, 39707732.000000, 226300.590224, 143599.489915, 939951.723484, 1416758.724538
232, 0.031017, 39707732.000000, 226300.590224, 143599.489915, 939951.723484, 1416758.724538
232, 0.031017, 39707732.000000, 226300.590224, 143599.489915, 939951.723484, 1416758.724538
232, 0.031017, 39707732.000000, 226300.590224, 143599.489915, 939951.723484, 1416758.724538
232, 0.031017, 39707732.000000, 226300.590224, 143599.489915, 939951.723484, 1416758.724538
232, 0.031017, 39707732.000000, 226300.590224, 143599.489915, 939951.723484, 1416758.724538
232, 0.031017, 39707732.000000, 226300.590224, 143599.489915, 939951.723484, 1416758.724538
232, 0.031017, 39707732.000000, 226300.590224, 143599.489915, 939951.723484, 1416758.724538
232, 0.031017, 39707732.000000, 226300.590224, 143599.489915, 939951.723484, 1416758.724538
232, 0.031017, 39707732.000000, 226300.590224, 143599.489915, 939951.723484, 1416758.724538
232, 0.031017, 39707732.000000, 226300.590224, 143599.489915, 939951.723484, 1416758.724538
232, 0.031017, 39707732.000000, 226300.590224, 143599.489915, 939951.723484, 1416758.724538
232, 0.031017, 39707732.000000, 226300.590224, 143599.489915, 939951.723484, 1416758.724538
233, 0.000000, 0.000557, 0.000007, 0.000007, 0.000014, 0.000031
233, 0.000000, 0.005600, 0.000038, 0.000033, 0.000148, 0.000237
233, 0.000000, 0.005583, 0.000038, 0.000033, 0.000147, 0.000238
233, 0.000000, 0.008524, 0.000053, 0.000043, 0.000214, 0.000345
233, 0.000000, 0.008558, 0.000055, 0.000046, 0.000217, 0.000350
233, 0.000000, 0.010895, 0.000062, 0.000067, 0.000282, 0.000419
233, 0.000000, 0.010962, 0.000062, 0.000064, 0.000280, 0.000419
233, 0.000000, 0.013262, 0.000072, 0.000060, 0.000325, 0.000469
233, 0.000000, 0.013395, 0.000072, 0.000058, 0.000324, 0.000468
233, 0.000000, 0.013825, 0.000079, 0.000065, 0.000342, 0.000512
233, 0.000000, 0.013962, 0.000079, 0.000066, 0.000345, 0.000514
233, 0.000000, 0.259190, 0.001036, 0.000717, 0.005385, 0.006788
233, 0.000000, 0.259239, 0.001036, 0.000717, 0.005385, 0.006789
233, 0.000000, 0.261169, 0.001036, 0.000721, 0.005414, 0.006789
233, 0.000000, 0.261247, 0.001036, 0.000721, 0.005416, 0.006788
233, 0.000000, 0.262326, 0.001040, 0.000716, 0.005434, 0.006798
233, 0.000000, 0.262356, 0.001040, 0.000716, 0.005436, 0.006798
233, 0.000000, 0.260741, 0.001040, 0.000714, 0.005415, 0.006796
233, 0.000000, 0.260788, 0.001040, 0.000713, 0.005416, 0.006796
233, 0.000000, 0.259144, 0.001036, 0.000704, 0.005382, 0.006807
233, 0.000000, 0.259228, 0.001036, 0.000704, 0.005383, 0.006807
233, 0.000000, 0.262588, 0.001037, 0.000697, 0.005416, 0.006807
233, 0.000000, 0.262618, 0.001037, 0.000698, 0.005418, 0.006808
233, 0.000000, 0.262992, 0.001051, 0.000696, 0.005424, 0.006833
233, 0.000000, 0.263008, 0.001050, 0.000695, 0.005423, 0.006833
233, 0.000000, 0.266619, 0.001056, 0.000695, 0.005474, 0.006858
233, 0.000000, 0.266673, 0.001055, 0.000698, 0.005478, 0.006858
233, 0.000000, 0.266007, 0.001058, 0.000703, 0.005470, 0.006865
233, 0.000000, 0.266082, 0.001058, 0.000702, 0.005471, 0.006865
233, 0.000000, 0.265489, 0.001056, 0.000709, 0.005472, 0.006879
233, 0.000000, 0.265529, 0.001056, 0.000709, 0.005474, 0.006879
233, 0.000000, 0.263465, 0.001054, 0.000715, 0.005455, 0.006881
234, 0.000000, 0.000397, 0.000002, 0.000003, 0.000009, 0.000010
234, 0.000000, 0.007886, 0.000045, 0.000047, 0.000204, 0.000335
234, 0.000000, 0.007866, 0.000045, 0.000047, 0.000204, 0.000336
234, 0.000000, 0.009813, 0.000059, 0.000059, 0.000257, 0.000413
234, 0.000000, 0.009803, 0.000059, 0.000058, 0.000254, 0.000414
234, 0.000000, 0.013287, 0.000070, 0.000060, 0.000322, 0.000480
234, 0.000000, 0.013341, 0.000070, 0.000061, 0.000325, 0.000483
234, 0.000000, 0.014419, 0.000074, 0.000069, 0.000353, 0.000503
234, 0.000000, 0.014510, 0.000074, 0.000071, 0.000357, 0.000505
234, 0.000000, 0.014857, 0.000076, 0.000070, 0.000366, 0.000521
234, 0.000000, 0.014941, 0.000076, 0.000070, 0.000367, 0.000522
234, 0.000000, 0.017731, 0.000088, 0.000073, 0.000419, 0.000586
234, 0.000000, 0.017830, 0.000089, 0.000074, 0.000420, 0.000586
234, 0.000000, 0.020901, 0.000123, 0.000087, 0.000500, 0.000707
234, 0.000000, 0.021025, 0.000123, 0.000086, 0.000501, 0.000709
234, 0.000000, 0.022832, 0.000126, 0.000088, 0.000534, 0.000743
234, 0.000000, 0.022950, 0.000126, 0.000088, 0.000535, 0.000745
234, 0.000000, 0.027300, 0.000140, 0.000114, 0.000645, 0.000853
234, 0.000000, 0.027462, 0.000139, 0.000113, 0.000647, 0.000857
234, 0.000000, 0.027278, 0.000145, 0.000116, 0.000655, 0.000885
234, 0.000000, 0.027427, 0.000145, 0.000116, 0.000656, 0.000883
234, 0.000000, 0.027082, 0.000146, 0.000116, 0.000660, 0.000935
234, 0.000000, 0.027270, 0.000146, 0.000116, 0.000664, 0.000936
234, 0.000000, 0.028689, 0.000154, 0.000136, 0.000701, 0.001022
234, 0.000000, 0.028863, 0.000154, 0.000137, 0.000705, 0.001023
234, 0.000000, 0.030505, 0.000176, 0.000157, 0.000774, 0.001153
234, 0.000000, 0.030675, 0.000176, 0.000157, 0.000776, 0.001153
234, 0.000000, 0.031583, 0.000187, 0.000163, 0.000798, 0.001175
234, 0.000000, 0.031757, 0.000187, 0.000164, 0.000800, 0.001176
234, 0.000000, 0.032362, 0.000197, 0.000170, 0.000823, 0.001211
234, 0.000000, 0.032556, 0.000197, 0.000169, 0.000825, 0.001211
234, 0.000000, 0.034344, 0.000195, 0.000179, 0.000861, 0.001254
235, 0.000000, 0.000456, 0.000004, 0.000004, 0.000011, 0.000028
235, 0.000000, 0.004954, 0.000032, 0.000029, 0.000134, 0.000212
235, 0.000000, 0.005125, 0.000032, 0.000029, 0.000136, 0.000215
235, 0.000000, 0.007295, 0.000040, 0.000026, 0.000177, 0.000303
235, 0.000000, 0.007468, 0.000040, 0.000026, 0.000179, 0.000304
235, 0.000000, 0.009891, 0.000057, 0.000041, 0.000237, 0.000392
235, 0.000000, 0.010064, 0.000057, 0.000041, 0.000240, 0.000396
235, 0.000000, 0.014007, 0.000080, 0.000083, 0.000352, 0.000567
235, 0.000000, 0.014132, 0.000080, 0.000082, 0.000354, 0.000568
235, 0.000000, 0.019744, 0.000096, 0.000063, 0.000456, 0.000777
235, 0.000000, 0.019883, 0.000097, 0.000063, 0.000458, 0.000777
235, 0.000000, 0.020484, 0.000107, 0.000065, 0.000472, 0.000815
235, 0.000000, 0.020666, 0.000107, 0.000065, 0.000474, 0.000815
235, 0.000000, 0.022361, 0.000117, 0.000074, 0.000507, 0.000873
235, 0.000000, 0.022543, 0.000118, 0.000074, 0.000510, 0.000874
235, 0.000000, 0.022485, 0.000120, 0.000081, 0.000518, 0.000890
235, 0.000000, 0.022679, 0.000120, 0.000081, 0.000521, 0.000890
235, 0.000000, 0.023063, 0.000122, 0.000079, 0.000531, 0.000928
235, 0.000000, 0.023245, 0.000122, 0.000079, 0.000533, 0.000928
235, 0.000000, 0.024636, 0.000139, 0.000081, 0.000559, 0.000986
235, 0.000000, 0.024782, 0.000138, 0.000081, 0.000560, 0.000987
235, 0.000000, 0.028059, 0.000152, 0.000088, 0.000616, 0.001033
235, 0.000000, 0.028216, 0.000152, 0.000089, 0.000620, 0.001035
235, 0.000000, 0.029615, 0.000156, 0.000107, 0.000667, 0.001078
235, 0.000000, 0.029798, 0.000155, 0.000106, 0.000668, 0.001076
235, 0.000000, 0.030229, 0.000158, 0.000105, 0.000680, 0.001100
235, 0.000000, 0.030419, 0.000159, 0.000106, 0.000683, 0.001100
235, 0.000000, 0.030805, 0.000166, 0.000112, 0.000699, 0.001121
235, 0.000000, 0.030990, 0.000166, 0.000112, 0.000702, 0.001122
235, 0.000000, 0.031105, 0.000166, 0.000121, 0.000716, 0.001141
235, 0.000000, 0.031278, 0.000166, 0.000120, 0.000718, 0.001140
235, 0.000000, 0.032649, 0.000179, 0.000133, 0.000761, 0.001192
236, 0.000000, 0.000477, 0.000004, 0.000004, 0.000012, 0.000028
236, 0.000000, 0.004926, 0.000028, 0.000020, 0.000120, 0.000197
236, 0.000000, 0.005069, 0.000028, 0.000020, 0.000121, 0.000199
236, 0.000000, 0.006841, 0.000037, 0.000031, 0.000175, 0.000277
236, 0.000000, 0.006961, 0.000038, 0.000029, 0.000176, 0.000279
236, 0.000000, 0.011075, 0.000064, 0.000040, 0.000273, 0.000501
236, 0.000000, 0.011227, 0.000065, 0.000040, 0.000274, 0.000502
236, 0.000000, 0.012285, 0.000065, 0.000041, 0.000298, 0.000535
236, 0.000000, 0.012421, 0.000065, 0.000041, 0.000299, 0.000536
236, 0.000000, 0.015438, 0.000080, 0.000052, 0.000363, 0.000620
236, 0.000000, 0.015607, 0.000080, 0.000052, 0.000366, 0.000621
236, 0.000000, 0.015953, 0.000081, 0.000058, 0.000378, 0.000632
236, 0.000000, 0.016152, 0.000082, 0.000058, 0.000380, 0.000632
236, 0.000000, 0.016925, 0.000088, 0.000057, 0.000403, 0.000666
236, 0.000000, 0.017110, 0.000088, 0.000057, 0.000407, 0.000668
236, 0.000000, 0.018019, 0.000093, 0.000059, 0.000424, 0.000690
236, 0.000000, 0.018199, 0.000093, 0.000059, 0.000426, 0.000692
236, 0.000000, 0.019351, 0.000097, 0.000058, 0.000449, 0.000730
236, 0.000000, 0.019559, 0.000097, 0.000059, 0.000454, 0.000732
236, 0.000000, 0.020045, 0.000100, 0.000075, 0.000477, 0.000753
236, 0.000000, 0.020223, 0.000100, 0.000074, 0.000478, 0.000754
236, 0.000000, 0.020657, 0.000111, 0.000106, 0.000510, 0.000799
236, 0.000000, 0.020834, 0.000111, 0.000106, 0.000513, 0.000800
236, 0.000000, 0.021370, 0.000115, 0.000117, 0.000532, 0.000818
236, 0.000000, 0.021578, 0.000116, 0.000118, 0.000535, 0.000819
236, 0.000000, 0.022894, 0.000128, 0.000143, 0.000586, 0.000889
236, 0.000000, 0.023054, 0.000128, 0.000145, 0.000592, 0.000892
236, 0.000000, 0.023988, 0.000125, 0.000129, 0.000601, 0.000922
236, 0.000000, 0.024158, 0.000125, 0.000130, 0.000604, 0.000923
236, 0.000000, 0.027910, 0.000147, 0.000154, 0.000697, 0.001006
236, 0.000000, 0.028081, 0.000148, 0.000154, 0.000700, 0.001008
236, 0.000000, 0.030135, 0.000154, 0.000163, 0.000734, 0.001032
237, 0.000000, 0.000639, 0.000006, 0.000007, 0.000012, 0.000027
237, 0.000000, 0.004105, 0.000029, 0.000035, 0.000113, 0.000177
237, 0.000000, 0.004187, 0.000029, 0.000036, 0.000114, 0.000179
237, 0.000000, 0.017205, 0.000093, 0.000053, 0.000398, 0.000553
237, 0.000000, 0.017189, 0.000092, 0.000052, 0.000397, 0.000554
237, 0.000000, 0.018900, 0.000109, 0.000075, 0.000446, 0.000682
237, 0.000000, 0.018879, 0.000110, 0.000076, 0.000448, 0.000685
237, 0.000000, 0.019745, 0.000113, 0.000077, 0.000465, 0.000702
237, 0.000000, 0.019728, 0.000113, 0.000076, 0.000465, 0.000703
237, 0.000000, 0.022118, 0.000132, 0.000077, 0.000518, 0.000787
237, 0.000000, 0.022105, 0.000132, 0.000076, 0.000516, 0.000788
237, 0.000000, 0.022357, 0.000136, 0.000083, 0.000526, 0.000856
237, 0.000000, 0.022383, 0.000135, 0.000083, 0.000528, 0.000858
237, 0.000000, 0.024027, 0.000146, 0.000089, 0.000563, 0.000876
237, 0.000000, 0.024049, 0.000146, 0.000090, 0.000564, 0.000877
237, 0.000000, 0.025609, 0.000149, 0.000086, 0.000592, 0.000900
237, 0.000000, 0.025662, 0.000150, 0.000086, 0.000592, 0.000901
237, 0.066057, 69343288.000000, 343548.438621, 161760.522844, 1562866.938399, 2332719.126413
237, 0.066057, 69343288.000000, 343548.438621, 161760.522844, 1562866.938399, 2332719.126413
237, 0.066057, 69343288.000000, 343548.438621, 161760.522844, 1562866.938399, 2332719.126413
237, 0.066057, 69343288.000000, 343548.438621, 161760.522844, 1562866.938399, 2332719.126413
237, 0.066057, 69343288.000000, 343548.438621, 161760.522844, 1562866.938399, 2332719.126413
237, 0.066057, 69343288.000000, 343548.438621, 161760.522844, 1562866.938399, 2332719.126413
237, 0.066057, 69343288.000000, 343548.438621, 161760.522844, 1562866.938399, 2332719.126413
237, 0.066057, 69343288.000000, 343548.438621, 161760.522844, 1562866.938399, 2332719.126413
237, 0.066057, 69343288.000000, 343548.438621, 161760.522844, 1562866.938399, 2332719.126413
237, 0.066057, 69343288.000000, 343548.438621, 161760.522844, 1562866.938399, 2332719.126413
237, 0.066057, 69343288.000000, 343548.438621, 161760.522844, 1562866.938399, 2332719.126413
237, 0.066057, 69343288.000000, 343548.438621, 161760.522844, 1562866.938399, 2332719.126413
237, 0.066057, 69343288.000000, 343548.438621, 161760.522844, 1562866.938399, 2332719.126413
237, 0.066057, 69343288.000000, 343548.438621, 161760.522844, 1562866.938399, 2332719.126413
237, 0.066057, 69343288.000000, 343548.438621, 161760.522844, 1562866.938399, 2332719.126413
238, 0.000000, 0.000440, 0.000006, 0.000007, 0.000013, 0.000025
238, 0.000000, 0.005928, 0.000031, 0.000016, 0.000137, 0.000177
238, 0.000000, 0.006100, 0.000031, 0.000016, 0.000139, 0.000181
238, 0.000000, 0.008736, 0.000045, 0.000029, 0.000205, 0.000290
238, 0.000000, 0.008913, 0.000045, 0.000029, 0.000208, 0.000293
238, 0.000000, 0.009480, 0.000057, 0.000049, 0.000238, 0.000356
238, 0.000000, 0.009658, 0.000057, 0.000049, 0.000240, 0.000359
238, 0.000000, 0.015938, 0.000079, 0.000048, 0.000367, 0.000565
238, 0.000000, 0.016090, 0.000079, 0.000050, 0.000371, 0.000570
238, 0.000000, 0.016868, 0.000085, 0.000055, 0.000388, 0.000624
238, 0.000000, 0.017060, 0.000085, 0.000057, 0.000392, 0.000625
238, 0.000000, 0.019098, 0.000095, 0.000063, 0.000439, 0.000731
238, 0.000000, 0.019250, 0.000096, 0.000064, 0.000442, 0.000733
238, 0.000000, 0.021009, 0.000107, 0.000064, 0.000478, 0.000760
238, 0.000000, 0.021218, 0.000107, 0.000064, 0.000480, 0.000762
238, 0.000000, 0.024780, 0.000136, 0.000082, 0.000583, 0.000967
238, 0.000000, 0.024965, 0.000137, 0.000082, 0.000586, 0.000967
238, 0.000000, 0.025480, 0.000141, 0.000083, 0.000600, 0.001008
238, 0.000000, 0.025705, 0.000141, 0.000084, 0.000604, 0.001009
238, 0.000000, 0.027683, 0.000150, 0.000089, 0.000660, 0.001075
238, 0.000000, 0.027837, 0.000150, 0.000089, 0.000662, 0.001072
238, 0.000000, 0.028148, 0.000153, 0.000090, 0.000672, 0.001108
238, 0.000000, 0.028335, 0.000154, 0.000090, 0.000674, 0.001107
238, 0.000000, 0.028837, 0.000154, 0.000092, 0.000683, 0.001128
238, 0.000000, 0.028995, 0.000154, 0.000092, 0.000684, 0.001128
238, 0.000000, 0.029133, 0.000159, 0.000091, 0.000690, 0.001168
238, 0.000000, 0.029346, 0.000159, 0.000093, 0.000695, 0.001170
238, 0.000000, 0.029371, 0.000173, 0.000106, 0.000705, 0.001227
238, 0.000000, 0.029566, 0.000173, 0.000106, 0.000708, 0.001227
238, 0.000000, 0.029541, 0.000174, 0.000107, 0.000710, 0.001237
238, 0.000000, 0.029729, 0.000174, 0.000108, 0.000713, 0.001239
238, 0.000000, 0.030029, 0.000171, 0.000112, 0.000723, 0.001269
239, 0.000000, 0.000433, 0.000005, 0.000006, 0.000012, 0.000019
239, 0.000000, 0.006568, 0.000041, 0.000047, 0.000183, 0.000270
239, 0.000000, 0.006604, 0.000041, 0.000047, 0.000183, 0.000270
239, 0.000000, 1.109586, 0.005522, 0.004142, 0.026670, 0.039931
239, 0.000000, 1.109712, 0.005522, 0.004142, 0.026673, 0.039930
239, 0.000000, 1.107832, 0.005528, 0.004149, 0.026672, 0.039933
239, 0.000000, 1.107921, 0.005528, 0.004149, 0.026674, 0.039934
239, 0.000000, 1.106830, 0.005534, 0.004167, 0.026679, 0.039938
239, 0.000000, 1.106895, 0.005534, 0.004165, 0.026678, 0.039938
239, 0.000000, 1.106098, 0.005535, 0.004170, 0.026674, 0.039941
239, 0.000000, 1.106143, 0.005535, 0.004169, 0.026674, 0.039941
239, 0.000000, 1.106136, 0.005540, 0.004175, 0.026684, 0.039948
239, 0.000000, 1.106253, 0.005540, 0.004175, 0.026685, 0.039949
239, 0.000000, 1.105612, 0.005537, 0.004142, 0.026646, 0.039968
239, 0.000000, 1.105677, 0.005536, 0.004137, 0.026642, 0.039967
239, 0.000000, 1.105190, 0.005537, 0.004139, 0.026635, 0.039968
239, 0.000000, 1.105282, 0.005537, 0.004139, 0.026637, 0.039970
239, 0.000000, 1.105322, 0.005585, 0.004203, 0.026716, 0.040027
239, 0.000000, 1.105400, 0.005585, 0.004205, 0.026720, 0.040028
239, 0.000000, 1.439507, 0.008143, 0.005018, 0.034418, 0.057877
239, 0.000000, 1.439522, 0.008143, 0.005018, 0.034419, 0.057877
239, 0.000000, 1.440778, 0.008134, 0.004998, 0.034418, 0.057873
239, 0.000000, 1.440750, 0.008134, 0.004998, 0.034418, 0.057874
239, 0.000000, 1.441386, 0.008134, 0.005000, 0.034431, 0.057879
239, 0.000000, 1.441364, 0.008134, 0.005000, 0.034430, 0.057880
239, 0.000000, 1.440807, 0.008139, 0.005002, 0.034422, 0.057885
239, 0.000000, 1.440847, 0.008139, 0.005002, 0.034423, 0.057885
239, 0.000000, 1.441237, 0.008146, 0.005008, 0.034427, 0.057880
239, 0.000000, 1.441224, 0.008146, 0.005008, 0.034428, 0.057879
239, 0.000000, 1.441264, 0.008147, 0.005008, 0.034422, 0.057876
239, 0.000000, 1.441290, 0.008147, 0.005008, 0.034423, 0.057876
239, 0.000000, 335.912994, 1.677680, 0.964354, 7.924012, 13.579589
240, 0.000000, 0.000510, 0.000003, 0.000004, 0.000010, 0.000022
240, 0.000000, 0.008403, 0.000037, 0.000024, 0.000197, 0.000298
240, 0.000000, 0.008451, 0.000037, 0.000024, 0.000198, 0.000298
240, 0.000000, 0.013330, 0.000065, 0.000047, 0.000304, 0.000447
240, 0.000000, 0.013372, 0.000066, 0.000049, 0.000307, 0.000448
240, 0.000000, 0.013139, 0.000068, 0.000057, 0.000314, 0.000458
240, 0.000000, 0.013195, 0.000068, 0.000056, 0.000313, 0.000458
240, 0.000000, 0.018225, 0.000083, 0.000064, 0.000409, 0.000546
240, 0.000000, 0.018355, 0.000083, 0.000064, 0.000411, 0.000547
240, 0.000000, 0.023741, 0.000131, 0.000065, 0.000543, 0.000789
240, 0.000000, 0.023877, 0.000132, 0.000065, 0.000545, 0.000789
240, 0.000000, 0.027404, 0.000158, 0.000073, 0.000623, 0.000948
240, 0.000000, 0.027572, 0.000158, 0.000073, 0.000625, 0.000949
240, 16.197372, 5496371712.000000, 35844114.041424, 22501189.626471, 140283914.283640, 241522091.763243
240, 16.197372, 5496371712.000000, 35844114.041424, 22501189.626471, 140283914.283640, 241522091.763243
240, 16.197372, 5496371712.000000, 35844114.041424, 22501189.626471, 140283914.283640, 241522091.763243
240, 16.197372, 5496371712.000000, 35844114.041424, 22501189.626471, 140283914.283640, 241522091.763243
240, 16.197372, 5496371712.000000, 35844114.041424, 22501189.626471, 140283914.283640, 241522091.763243
240, 16.197372, 5496371712.000000, 35844114.041424, 22501189.626471, 140283914.283640, 241522091.763243
240, 16.197372, 5496371712.000000, 35844114.041424, 22501189.626471, 140283914.283640, 241522091.763243
240, 16.197372, 5496371712.000000, 35844114.041424, 22501189.626471, 140283914.283640, 241522091.763243
240, 16.197372, 5496371712.000000, 35844114.041424, 22501189.626471, 140283914.283640, 241522091.763243
240, 16.197372, 5496371712.000000, 35844114.041424, 22501189.626471, 140283914.283640, 241522091.763243
240, 16.197372, 5496371712.000000, 35844114.041424, 22501189.626471, 140283914.283640, 241522091.763243
240, 16.197372, 5496371712.000000, 35844114.041424, 22501189.626471, 140283914.283640, 241522091.763243
240, 16.197372, 5496371712.000000, 35844114.041424, 22501189.626471, 140283914.283640, 241522091.763243
240, 16.197372, 5496371712.000000, 35844114.041424, 22501189.626471, 140283914.283640, 241522091.763243
240, 16.197372, 5496371712.000000, 35844114.041424, 22501189.626471, 140283914.283640, 241522091.763243
240, 16.197372, 5496371712.000000, 35844114.041424, 22501189.626471, 140283914.283640, 241522091.763243
240, 16.197372, 5496371712.000000, 35844114.041424, 22501189.626471, 140283914.283640, 241522091.763243
240, 16.197372, 5496371712.000000, 35844114.041424, 22501189.626471, 140283914.283640, 241522091.763243
240, 16.197372, 5496371712.000000, 35844114.041424, 22501189.626471, 140283914.283640, 241522091.763243
241, 0.000000, 0.000685, 0.000006, 0.000007, 0.000014, 0.000031
241, 0.000000, 0.007711, 0.000047, 0.000038, 0.000197, 0.000314
241, 0.000000, 0.007723, 0.000047, 0.000038, 0.000198, 0.000315
241, 0.000000, 0.009954, 0.000058, 0.000053, 0.000254, 0.000373
241, 0.000000, 0.010029, 0.000058, 0.000054, 0.000256, 0.000374
241, 0.000000, 0.011433, 0.000070, 0.000050, 0.000291, 0.000489
241, 0.000000, 0.011540, 0.000071, 0.000053, 0.000297, 0.000490
241, 0.000000, 0.014874, 0.000095, 0.000061, 0.000386, 0.000732
241, 0.000000, 0.014908, 0.000095, 0.000062, 0.000387, 0.000733
241, 0.000000, 0.015408, 0.000099, 0.000069, 0.000405, 0.000750
241, 0.000000, 0.015520, 0.000099, 0.000070, 0.000408, 0.000751
241, 0.000000, 0.015607, 0.000103, 0.000078, 0.000420, 0.000777
241, 0.000000, 0.015735, 0.000103, 0.000077, 0.000421, 0.000778
241, 0.000000, 0.018241, 0.000116, 0.000076, 0.000459, 0.000848
241, 0.000000, 0.018363, 0.000116, 0.000075, 0.000460, 0.000849
241, 0.000000, 0.021435, 0.000132, 0.000083, 0.000530, 0.000952
241, 0.000000, 0.021540, 0.000132, 0.000083, 0.000532, 0.000951
241, 0.000000, 0.022382, 0.000144, 0.000100, 0.000561, 0.000984
241, 0.000000, 0.022572, 0.000144, 0.000099, 0.000561, 0.000985
241, 0.000000, 0.023547, 0.000143, 0.000091, 0.000568, 0.000995
241, 0.000000, 0.023697, 0.000143, 0.000089, 0.000568, 0.000996
241, 0.000000, 0.025444, 0.000151, 0.000090, 0.000596, 0.001020
241, 0.000000, 0.025602, 0.000151, 0.000091, 0.000600, 0.001021
241, 0.000000, 0.026676, 0.000152, 0.000108, 0.000642, 0.001068
241, 0.000000, 0.026826, 0.000153, 0.000113, 0.000650, 0.001072
241, 0.000000, 0.027191, 0.000156, 0.000114, 0.000659, 0.001095
241, 0.000000, 0.027359, 0.000157, 0.000117, 0.000664, 0.001097
241, 0.000000, 0.028856, 0.000175, 0.000115, 0.000709, 0.001191
241, 0.000000, 0.029012, 0.000174, 0.000114, 0.000710, 0.001190
241, 0.000000, 0.032093, 0.000180, 0.000114, 0.000749, 0.001230
241, 0.000000, 0.032226, 0.000180, 0.000115, 0.000752, 0.001231
241, 0.000000, 0.033132, 0.000184, 0.000116, 0.000773, 0.001266
242, 0.000000, 0.000598, 0.000010, 0.000014, 0.000019, 0.000028
242, 0.000000, 0.009451, 0.000058, 0.000037, 0.000231, 0.000406
242, 0.000000, 0.009523, 0.000058, 0.000037, 0.000233, 0.000407
242, 0.000000, 0.019496, 0.000105, 0.000057, 0.000469, 0.000807
242, 0.000000, 0.019526, 0.000105, 0.000057, 0.000470, 0.000807
242, 0.000000, 0.020118, 0.000111, 0.000063, 0.000485, 0.000838
242, 0.000000, 0.020168, 0.000111, 0.000063, 0.000486, 0.000839
242, 0.000000, 0.020912, 0.000113, 0.000065, 0.000498, 0.000855
242, 0.000000, 0.020966, 0.000113, 0.000064, 0.000499, 0.000855
242, 0.000000, 0.022201, 0.000118, 0.000071, 0.000536, 0.000892
242, 0.000000, 0.022318, 0.000118, 0.000070, 0.000538, 0.000892
242, 0.000000, 0.026056, 0.000123, 0.000077, 0.000605, 0.000941
242, 0.000000, 0.026201, 0.000123, 0.000077, 0.000607, 0.000942
242, 0.000000, 0.027499, 0.000134, 0.000084, 0.000641, 0.001002
242, 0.000000, 0.027641, 0.000134, 0.000084, 0.000643, 0.001003
242, 0.000000, 0.026557, 0.000133, 0.000083, 0.000647, 0.001030
242, 0.000000, 0.026727, 0.000134, 0.000083, 0.000649, 0.001032
242, 0.000000, 0.027425, 0.000136, 0.000089, 0.000672, 0.001055
242, 0.000000, 0.027593, 0.000138, 0.000093, 0.000679, 0.001058
242, 0.000000, 0.028138, 0.000140, 0.000101, 0.000699, 0.001066
242, 0.000000, 0.028288, 0.000140, 0.000100, 0.000699, 0.001067
242, 0.000000, 0.029513, 0.000152, 0.000118, 0.000745, 0.001136
242, 0.000000, 0.029658, 0.000152, 0.000118, 0.000747, 0.001136
242, 0.000000, 0.031921, 0.000165, 0.000118, 0.000799, 0.001242
242, 0.000000, 0.032116, 0.000165, 0.000118, 0.000802, 0.001242
242, 0.000000, 0.032688, 0.000168, 0.000127, 0.000824, 0.001277
242, 0.000000, 0.032888, 0.000168, 0.000127, 0.000826, 0.001276
242, 0.000000, 0.033744, 0.000172, 0.000133, 0.000855, 0.001314
242, 0.000000, 0.033920, 0.000172, 0.000132, 0.000856, 0.001315
242, 0.000000, 0.035855, 0.000194, 0.000135, 0.000909, 0.001495
242, 0.000000, 0.035997, 0.000194, 0.000135, 0.000911, 0.001495
242, 0.000000, 0.037490, 0.000198, 0.000138, 0.000952, 0.001527
243, 0.000000, 0.000429, 0.000003, 0.000004, 0.000010, 0.000018
243, 0.000000, 0.005284, 0.000032, 0.000021, 0.000129, 0.000207
243, 0.000000, 0.005430, 0.000033, 0.000022, 0.000131, 0.000210
243, 0.000000, 0.007340, 0.000047, 0.000029, 0.000179, 0.000292
243, 0.000000, 0.007502, 0.000047, 0.000028, 0.000181, 0.000296
243, 0.000000, 0.015441, 0.000086, 0.000061, 0.000377, 0.000595
243, 0.000000, 0.015586, 0.000085, 0.000060, 0.000378, 0.000595
243, 0.000000, 0.018622, 0.000101, 0.000071, 0.000449, 0.000726
243, 0.000000, 0.018764, 0.000101, 0.000070, 0.000451, 0.000725
243, 0.000000, 0.020036, 0.000106, 0.000084, 0.000482, 0.000754
243, 0.000000, 0.020156, 0.000106, 0.000084, 0.000484, 0.000754
243, 0.000000, 0.021989, 0.000126, 0.000078, 0.000543, 0.000882
243, 0.000000, 0.022148, 0.000127, 0.000079, 0.000546, 0.000882
243, 0.000000, 0.023802, 0.000141, 0.000082, 0.000599, 0.000959
243, 0.000000, 0.023896, 0.000141, 0.000082, 0.000600, 0.000960
243, 0.000000, 0.025522, 0.000153, 0.000104, 0.000651, 0.001097
243, 0.000000, 0.025665, 0.000153, 0.000104, 0.000653, 0.001099
243, 0.000000, 0.027435, 0.000163, 0.000111, 0.000708, 0.001226
243, 0.000000, 0.027549, 0.000163, 0.000111, 0.000710, 0.001227
243, 0.000000, 0.029932, 0.000174, 0.000130, 0.000763, 0.001317
243, 0.000000, 0.030083, 0.000174, 0.000131, 0.000765, 0.001319
243, 0.000000, 0.095683, 0.000592, 0.000401, 0.002398, 0.003554
243, 0.000000, 0.095699, 0.000592, 0.000401, 0.002398, 0.003553
243, 0.000000, 0.096002, 0.000601, 0.000387, 0.002382, 0.003543
243, 0.000000, 0.096027, 0.000601, 0.000387, 0.002382, 0.003543
243, 0.000000, 0.096518, 0.000599, 0.000388, 0.002391, 0.003545
243, 0.000000, 0.096607, 0.000599, 0.000387, 0.002391, 0.003545
243, 0.000000, 0.471407, 0.002349, 0.000808, 0.010144, 0.011832
243, 0.000000, 0.471379, 0.002349, 0.000808, 0.010144, 0.011833
243, 0.000000, 0.471519, 0.002351, 0.000810, 0.010153, 0.011836
243, 0.000000, 0.471519, 0.002351, 0.000810, 0.010153, 0.011837
243, 0.000000, 0.470861, 0.002353, 0.000810, 0.010147, 0.011835
244, 0.000000, 0.000452, 0.000003, 0.000003, 0.000010, 0.000022
244, 0.000000, 0.006496, 0.000040, 0.000034, 0.000170, 0.000285
244, 0.000000, 0.006445, 0.000042, 0.000039, 0.000177, 0.000289
244, 0.000000, 0.011187, 0.000069, 0.000042, 0.000280, 0.000478
244, 0.000000, 0.011160, 0.000070, 0.000043, 0.000280, 0.000479
244, 0.000000, 0.012367, 0.000076, 0.000052, 0.000317, 0.000561
244, 0.000000, 0.012371, 0.000076, 0.000050, 0.000316, 0.000560
244, 0.000000, 0.016102, 0.000103, 0.000088, 0.000427, 0.000746
244, 0.000000, 0.016109, 0.000103, 0.000089, 0.000428, 0.000747
244, 0.000000, 0.022525, 0.000138, 0.000110, 0.000599, 0.000991
244, 0.000000, 0.022540, 0.000138, 0.000112, 0.000601, 0.000990
244, 0.000000, 0.023177, 0.000140, 0.000106, 0.000611, 0.001003
244, 0.000000, 0.023183, 0.000140, 0.000105, 0.000611, 0.001003
244, 0.000000, 0.026196, 0.000158, 0.000142, 0.000693, 0.001157
244, 0.000000, 0.026219, 0.000159, 0.000144, 0.000694, 0.001160
244, 0.000000, 0.026482, 0.000161, 0.000143, 0.000702, 0.001165
244, 0.000000, 0.026551, 0.000161, 0.000144, 0.000704, 0.001166
244, 0.000000, 0.028074, 0.000164, 0.000129, 0.000722, 0.001185
244, 0.000000, 0.028116, 0.000164, 0.000129, 0.000722, 0.001185
244, 0.000000, 0.029718, 0.000169, 0.000130, 0.000749, 0.001213
244, 0.000000, 0.029796, 0.000170, 0.000134, 0.000753, 0.001215
244, 0.000000, 0.031176, 0.000182, 0.000159, 0.000804, 0.001279
244, 0.000000, 0.031224, 0.000183, 0.000161, 0.000806, 0.001279
244, 0.000000, 0.032507, 0.000212, 0.000149, 0.000856, 0.001462
244, 0.000000, 0.032548, 0.000212, 0.000150, 0.000857, 0.001462
244, 0.000000, 0.033145, 0.000220, 0.000163, 0.000879, 0.001490
244, 0.000000, 0.033216, 0.000220, 0.000163, 0.000881, 0.001493
244, 0.000000, 0.034772, 0.000235, 0.000202, 0.000929, 0.001579
244, 0.000000, 0.034857, 0.000237, 0.000205, 0.000933, 0.001580
244, 0.000000, 0.046618, 0.000326, 0.000262, 0.001237, 0.002093
244, 0.000000, 0.046669, 0.000326, 0.000262, 0.001238, 0.002092
244, 0.000000, 0.047915, 0.000331, 0.000264, 0.001263, 0.002139
245, 0.000000, 0.000471, 0.000003, 0.000004, 0.000011, 0.000024
245, 0.000000, 0.007675, 0.000046, 0.000031, 0.000187, 0.000337
245, 0.000000, 0.007692, 0.000046, 0.000031, 0.000187, 0.000338
245, 0.000000, 0.009023, 0.000051, 0.000038, 0.000223, 0.000392
245, 0.000000, 0.009060, 0.000052, 0.000038, 0.000223, 0.000393
245, 0.000000, 0.010763, 0.000066, 0.000066, 0.000284, 0.000479
245, 0.000000, 0.010863, 0.000066, 0.000066, 0.000286, 0.000480
245, 0.000000, 0.012188, 0.000076, 0.000091, 0.000333, 0.000539
245, 0.000000, 0.012268, 0.000076, 0.000090, 0.000334, 0.000541
245, 0.000000, 0.014674, 0.000090, 0.000083, 0.000388, 0.000684
245, 0.000000, 0.014712, 0.000091, 0.000084, 0.000390, 0.000685
245, 0.000000, 0.015357, 0.000096, 0.000088, 0.000414, 0.000721
245, 0.000000, 0.015412, 0.000096, 0.000088, 0.000416, 0.000723
245, 0.000000, 0.026623, 0.000140, 0.000117, 0.000644, 0.000874
245, 0.000000, 0.026745, 0.000141, 0.000120, 0.000650, 0.000876
245, 0.000003, 539.687317, 3.112982, 1.645309, 12.923268, 22.520377
245, 0.000003, 539.687378, 3.112981, 1.645308, 12.923268, 22.520377
245, 0.000003, 539.686890, 3.112978, 1.645304, 12.923261, 22.520378
245, 0.000003, 539.687012, 3.112978, 1.645304, 12.923262, 22.520377
245, 0.000003, 539.689453, 3.112987, 1.645318, 12.923302, 22.520380
245, 0.000003, 539.689575, 3.112986, 1.645317, 12.923303, 22.520380
245, 0.000003, 539.689209, 3.112986, 1.645316, 12.923300, 22.520388
245, 0.000003, 539.689270, 3.112985, 1.645315, 12.923300, 22.520389
245, 0.000003, 539.689087, 3.113004, 1.645316, 12.923307, 22.520411
245, 0.000003, 539.689148, 3.113004, 1.645316, 12.923308, 22.520412
245, 0.000003, 539.689026, 3.113010, 1.645322, 12.923314, 22.520412
245, 0.000003, 539.689087, 3.113009, 1.645322, 12.923314, 22.520412
245, 0.000003, 539.688354, 3.113009, 1.645324, 12.923302, 22.520412
245, 0.000003, 539.688477, 3.113009, 1.645324, 12.923304, 22.520412
245, 0.000003, 539.689148, 3.113007, 1.645321, 12.923311, 22.520404
245, 0.000003, 539.689209, 3.113007, 1.645321, 12.923311, 22.520405
245, 0.000003, 539.689575, 3.113007, 1.645321, 12.923317, 22.520389
246, 0.000000, 0.000438, 0.000004, 0.000004, 0.000011, 0.000022
246, 0.000000, 0.009285, 0.000060, 0.000047, 0.000248, 0.000411
246, 0.000000, 0.009335, 0.000061, 0.000048, 0.000250, 0.000414
246, 0.000000, 0.010538, 0.000068, 0.000063, 0.000282, 0.000461
246, 0.000000, 0.010642, 0.000069, 0.000063, 0.000284, 0.000463
246, 0.000000, 0.011345, 0.000073, 0.000072, 0.000304, 0.000495
246, 0.000000, 0.011445, 0.000072, 0.000071, 0.000303, 0.000495
246, 0.000000, 0.013826, 0.000093, 0.000099, 0.000373, 0.000587
246, 0.000000, 0.013858, 0.000094, 0.000101, 0.000377, 0.000589
246, 0.000000, 0.015022, 0.000095, 0.000074, 0.000381, 0.000632
246, 0.000000, 0.015062, 0.000095, 0.000074, 0.000380, 0.000635
246, 0.000000, 0.016545, 0.000099, 0.000072, 0.000415, 0.000685
246, 0.000000, 0.016640, 0.000100, 0.000072, 0.000416, 0.000686
246, 0.000000, 0.016607, 0.000106, 0.000066, 0.000430, 0.000744
246, 0.000000, 0.016673, 0.000106, 0.000066, 0.000431, 0.000745
246, 0.000000, 0.019021, 0.000131, 0.000095, 0.000495, 0.000867
246, 0.000000, 0.019079, 0.000131, 0.000095, 0.000496, 0.000867
246, 0.000000, 0.019413, 0.000133, 0.000092, 0.000502, 0.000887
246, 0.000000, 0.019513, 0.000133, 0.000091, 0.000502, 0.000889
246, 0.000000, 0.022132, 0.000151, 0.000115, 0.000570, 0.000932
246, 0.000000, 0.022224, 0.000151, 0.000115, 0.000572, 0.000933
246, 0.000000, 0.022855, 0.000156, 0.000120, 0.000592, 0.000944
246, 0.000000, 0.022940, 0.000156, 0.000120, 0.000593, 0.000944
246, 0.000000, 0.023280, 0.000165, 0.000125, 0.000609, 0.000961
246, 0.000000, 0.023395, 0.000165, 0.000126, 0.000612, 0.000962
246, 0.000000, 0.023836, 0.000170, 0.000121, 0.000618, 0.000972
246, 0.000000, 0.023993, 0.000170, 0.000121, 0.000620, 0.000974
246, 0.000000, 0.028100, 0.000197, 0.000120, 0.000687, 0.001092
246, 0.000000, 0.028177, 0.000198, 0.000120, 0.000687, 0.001096
246, 0.000000, 0.434705, 0.002204, 0.001098, 0.009578, 0.016585
246, 0.000000, 0.434669, 0.002205, 0.001100, 0.009579, 0.016587
246, 0.000000, 0.432749, 0.002201, 0.001095, 0.009556, 0.016593
247, 0.000000, 0.000425, 0.000003, 0.000003, 0.000009, 0.000018
247, 0.000000, 0.007248, 0.000048, 0.000035, 0.000182, 0.000262
247, 0.000000, 0.007336, 0.000049, 0.000034, 0.000182, 0.000264
247, 0.000000, 0.009259, 0.000070, 0.000036, 0.000223, 0.000347
247, 0.000000, 0.009359, 0.000069, 0.000036, 0.000224, 0.000349
247, 0.000000, 0.015040, 0.000096, 0.000054, 0.000378, 0.000631
247, 0.000000, 0.015128, 0.000096, 0.000054, 0.000379, 0.000632
247, 0.000000, 0.018371, 0.000105, 0.000056, 0.000430, 0.000693
247, 0.000000, 0.018451, 0.000105, 0.000056, 0.000431, 0.000695
247, 0.000000, 0.019175, 0.000113, 0.000058, 0.000446, 0.000710
247, 0.000000, 0.019237, 0.000113, 0.000060, 0.000448, 0.000711
247, 0.000000, 0.020045, 0.000118, 0.000061, 0.000465, 0.000740
247, 0.000000, 0.020138, 0.000118, 0.000061, 0.000467, 0.000741
247, 0.000000, 0.021351, 0.000130, 0.000063, 0.000493, 0.000787
247, 0.000000, 0.021460, 0.000130, 0.000063, 0.000495, 0.000789
247, 0.000000, 0.021820, 0.000140, 0.000065, 0.000509, 0.000814
247, 0.000000, 0.021939, 0.000140, 0.000065, 0.000511, 0.000814
247, 0.000000, 0.023828, 0.000140, 0.000067, 0.000543, 0.000839
247, 0.000000, 0.023918, 0.000140, 0.000068, 0.000545, 0.000840
247, 0.000000, 0.024526, 0.000144, 0.000068, 0.000560, 0.000870
247, 0.000000, 0.024643, 0.000144, 0.000069, 0.000562, 0.000871
247, 0.000000, 0.025714, 0.000148, 0.000070, 0.000585, 0.000886
247, 0.000000, 0.025843, 0.000147, 0.000070, 0.000586, 0.000886
247, 0.000000, 0.026932, 0.000151, 0.000075, 0.000624, 0.000978
247, 0.000000, 0.027047, 0.000151, 0.000074, 0.000624, 0.000978
247, 0.000000, 0.028613, 0.000159, 0.000077, 0.000657, 0.001022
247, 0.000000, 0.028739, 0.000159, 0.000078, 0.000660, 0.001024
247, 0.175274, 39126740.000000, 269521.662714, 178932.540275, 1060929.796904, 1979789.153561
247, 0.175274, 39126740.000000, 269521.662714, 178932.540275, 1060929.796904, 1979789.153561
247, 0.175274, 39126740.000000, 269521.662714, 178932.540275, 1060929.796904, 1979789.153561
247, 0.175274, 39126740.000000, 269521.662714, 178932.540275, 1060929.796904, 1979789.153561
247, 0.175274, 39126740.000000, 269521.662714, 178932.540275, 1060929.796904, 1979789.153561
248, 0.000000, 0.000434, 0.000003, 0.000003, 0.000010, 0.000018
248, 0.000000, 0.007701, 0.000055, 0.000032, 0.000201, 0.000398
248, 0.000000, 0.007771, 0.000056, 0.000033, 0.000204, 0.000401
248, 0.000000, 0.014087, 0.000082, 0.000054, 0.000333, 0.000581
248, 0.000000, 0.014177, 0.000082, 0.000054, 0.000334, 0.000581
248, 0.000000, 0.016161, 0.000093, 0.000060, 0.000379, 0.000653
248, 0.000000, 0.016314, 0.000094, 0.000060, 0.000380, 0.000653
248, 0.000000, 0.017610, 0.000106, 0.000066, 0.000416, 0.000705
248, 0.000000, 0.017756, 0.000106, 0.000066, 0.000418, 0.000705
248, 0.000000, 0.020604, 0.000125, 0.000077, 0.000509, 0.000836
248, 0.000000, 0.020677, 0.000125, 0.000077, 0.000510, 0.000836
248, 0.000000, 0.021604, 0.000132, 0.000084, 0.000536, 0.000885
248, 0.000000, 0.021670, 0.000133, 0.000084, 0.000538, 0.000886
248, 0.000000, 0.023221, 0.000156, 0.000096, 0.000581, 0.000978
248, 0.000000, 0.023344, 0.000157, 0.000096, 0.000583, 0.000977
248, 0.000000, 0.023338, 0.000165, 0.000106, 0.000597, 0.001001
248, 0.000000, 0.023444, 0.000165, 0.000106, 0.000598, 0.001004
248, 0.000000, 0.024875, 0.000205, 0.000141, 0.000645, 0.001092
248, 0.000000, 0.024966, 0.000205, 0.000141, 0.000646, 0.001094
248, 0.000000, 0.025185, 0.000215, 0.000168, 0.000712, 0.001225
248, 0.000000, 0.025290, 0.000216, 0.000168, 0.000713, 0.001226
248, 0.000000, 0.026366, 0.000238, 0.000188, 0.000743, 0.001280
248, 0.000000, 0.026466, 0.000238, 0.000189, 0.000746, 0.001280
248, 0.000000, 0.027255, 0.000231, 0.000179, 0.000759, 0.001301
248, 0.000000, 0.027335, 0.000231, 0.000180, 0.000764, 0.001301
248, 0.000000, 0.030911, 0.000247, 0.000190, 0.000838, 0.001412
248, 0.000000, 0.031039, 0.000246, 0.000192, 0.000844, 0.001415
248, 0.000000, 0.031315, 0.000249, 0.000203, 0.000861, 0.001432
248, 0.000000, 0.031415, 0.000249, 0.000203, 0.000861, 0.001433
248, 0.000000, 0.033734, 0.000268, 0.000249, 0.000940, 0.001505
248, 0.000000, 0.033846, 0.000268, 0.000249, 0.000942, 0.001504
248, 0.000000, 0.034246, 0.000269, 0.000227, 0.000928, 0.001505
249, 0.000000, 0.000462, 0.000003, 0.000002, 0.000010, 0.000019
249, 0.000000, 0.008316, 0.000061, 0.000067, 0.000234, 0.000412
249, 0.000000, 0.008330, 0.000061, 0.000067, 0.000235, 0.000414
249, 0.000000, 0.010456, 0.000070, 0.000088, 0.000287, 0.000458
249, 0.000000, 0.010485, 0.000073, 0.000094, 0.000294, 0.000462
249, 0.000000, 0.012938, 0.000087, 0.000082, 0.000352, 0.000675
249, 0.000000, 0.013015, 0.000088, 0.000082, 0.000353, 0.000676
249, 0.000000, 0.021645, 0.000124, 0.000086, 0.000523, 0.000857
249, 0.000000, 0.021699, 0.000124, 0.000085, 0.000522, 0.000857
249, 0.000000, 0.070531, 0.000434, 0.000366, 0.001772, 0.002933
249, 0.000000, 0.070641, 0.000434, 0.000365, 0.001770, 0.002932
249, 0.000000, 0.072424, 0.000441, 0.000373, 0.001801, 0.002970
249, 0.000000, 0.072551, 0.000441, 0.000373, 0.001802, 0.002970
249, 0.000000, 0.071994, 0.000438, 0.000365, 0.001789, 0.002976
249, 0.000000, 0.072126, 0.000439, 0.000365, 0.001789, 0.002977
249, 0.000000, 0.074291, 0.000448, 0.000378, 0.001833, 0.003044
249, 0.000000, 0.074414, 0.000448, 0.000379, 0.001836, 0.003046
249, 0.000000, 0.074662, 0.000464, 0.000417, 0.001862, 0.003059
249, 0.000000, 0.074811, 0.000464, 0.000419, 0.001866, 0.003060
249, 0.000000, 0.076611, 0.000472, 0.000415, 0.001893, 0.003073
249, 0.000000, 0.076779, 0.000473, 0.000415, 0.001895, 0.003074
249, 0.000000, 0.077816, 0.000466, 0.000393, 0.001904, 0.003080
249, 0.000000, 0.077943, 0.000466, 0.000394, 0.001906, 0.003080
249, 0.000000, 0.079113, 0.000463, 0.000363, 0.001911, 0.003131
249, 0.000000, 0.079251, 0.000463, 0.000363, 0.001912, 0.003132
249, 0.000000, 0.081945, 0.000481, 0.000383, 0.001974, 0.003186
249, 0.000000, 0.082087, 0.000482, 0.000386, 0.001979, 0.003190
249, 0.000000, 0.151623, 0.001051, 0.000932, 0.003966, 0.006946
249, 0.000000, 0.151671, 0.001049, 0.000928, 0.003960, 0.006945
249, 0.000000, 0.152338, 0.001053, 0.000934, 0.003985, 0.006926
249, 0.000000, 0.152365, 0.001053, 0.000934, 0.003985, 0.006926
249, 0.000000, 0.152716, 0.001055, 0.000946, 0.004003, 0.006943
250, 0.000000, 0.000419, 0.000007, 0.000006, 0.000012, 0.000020
250, 0.000000, 0.007872, 0.000042, 0.000022, 0.000188, 0.000298
250, 0.000000, 0.007998, 0.000045, 0.000027, 0.000195, 0.000301
250, 0.000000, 0.013140, 0.000075, 0.000060, 0.000318, 0.000534
250, 0.000000, 0.013240, 0.000075, 0.000060, 0.000320, 0.000534
250, 0.000000, 0.013504, 0.000076, 0.000054, 0.000323, 0.000549
250, 0.000000, 0.013607, 0.000076, 0.000054, 0.000325, 0.000550
250, 0.000000, 0.013990, 0.000080, 0.000062, 0.000340, 0.000566
250, 0.000000, 0.014097, 0.000081, 0.000062, 0.000340, 0.000567
250, 0.000000, 0.025873, 0.000121, 0.000077, 0.000599, 0.000711
250, 0.000000, 0.025856, 0.000121, 0.000077, 0.000599, 0.000711
250, 0.000000, 0.025355, 0.000124, 0.000079, 0.000593, 0.000737
250, 0.000000, 0.025395, 0.000124, 0.000079, 0.000594, 0.000738
250, 0.000000, 0.023935, 0.000128, 0.000082, 0.000582, 0.000772
250, 0.000000, 0.024003, 0.000129, 0.000084, 0.000584, 0.000773
250, 0.000000, 0.024503, 0.000135, 0.000085, 0.000595, 0.000848
250, 0.000000, 0.024585, 0.000136, 0.000085, 0.000596, 0.000849
250, 0.000000, 0.024449, 0.000141, 0.000097, 0.000611, 0.000917
250, 0.000000, 0.024539, 0.000142, 0.000099, 0.000615, 0.000919
250, 0.000000, 0.025666, 0.000147, 0.000105, 0.000639, 0.000956
250, 0.000000, 0.025755, 0.000147, 0.000105, 0.000640, 0.000957
250, 0.000000, 0.026258, 0.000157, 0.000117, 0.000666, 0.001018
250, 0.000000, 0.026370, 0.000157, 0.000117, 0.000668, 0.001019
250, 0.000000, 0.029285, 0.000161, 0.000117, 0.000715, 0.001048
250, 0.000000, 0.029463, 0.000161, 0.000118, 0.000718, 0.001049
250, 0.000000, 0.030718, 0.000176, 0.000138, 0.000767, 0.001104
250, 0.000000, 0.030881, 0.000177, 0.000138, 0.000768, 0.001107
250, 0.000000, 0.037856, 0.000205, 0.000160, 0.000910, 0.001274
250, 0.000000, 0.038037, 0.000205, 0.000161, 0.000912, 0.001275
250, 0.000000, 0.038535, 0.000214, 0.000185, 0.000945, 0.001307
250, 0.000000, 0.038666, 0.000215, 0.000189, 0.000950, 0.001309
250, 0.000000, 0.043501, 0.000219, 0.000159, 0.001005, 0.001402
251, 0.000000, 0.000634, 0.000003, 0.000004, 0.000012, 0.000028
251, 0.000000, 0.006857, 0.000038, 0.000033, 0.000175, 0.000270
251, 0.000000, 0.006992, 0.000039, 0.000033, 0.000176, 0.000272
251, 0.000000, 0.011871, 0.000068, 0.000053, 0.000288, 0.000416
251, 0.000000, 0.012052, 0.000068, 0.000054, 0.000292, 0.000418
251, 0.000000, 0.014236, 0.000075, 0.000065, 0.000337, 0.000451
251, 0.000000, 0.014438, 0.000075, 0.000066, 0.000342, 0.000455
251, 0.000000, 0.017042, 0.000093, 0.000076, 0.000409, 0.000587
251, 0.000000, 0.017158, 0.000094, 0.000077, 0.000413, 0.000588
251, 0.000000, 164.502701, 0.906566, 0.593024, 3.769811, 5.966447
251, 0.000000, 164.502625, 0.906566, 0.593024, 3.769811, 5.966447
251, 0.000000, 164.503082, 0.906567, 0.593024, 3.769821, 5.966444
251, 0.000000, 164.503082, 0.906567, 0.593024, 3.769821, 5.966443
251, 0.000000, 164.503662, 0.906567, 0.593021, 3.769830, 5.966437
251, 0.000000, 164.503616, 0.906567, 0.593022, 3.769831, 5.966437
251, 0.000000, 164.503403, 0.906569, 0.593027, 3.769831, 5.966440
251, 0.000000, 164.503342, 0.906569, 0.593027, 3.769829, 5.966438
251, 0.000000, 164.504059, 0.906565, 0.593025, 3.769835, 5.966441
251, 0.000000, 164.503983, 0.906565, 0.593026, 3.769835, 5.966441
251, 0.000000, 164.503372, 0.906571, 0.593028, 3.769832, 5.966443
251, 0.000000, 164.503357, 0.906571, 0.593028, 3.769832, 5.966443
251, 0.000000, 164.506012, 0.906577, 0.593031, 3.769868, 5.966446
251, 0.000000, 164.505997, 0.906577, 0.593032, 3.769868, 5.966445
251, 0.000000, 164.503616, 0.906594, 0.593040, 3.769837, 5.966467
251, 0.000000, 164.503571, 0.906595, 0.593040, 3.769837, 5.966466
251, 0.000000, 164.502853, 0.906591, 0.593031, 3.769823, 5.966458
251, 0.000000, 164.502823, 0.906592, 0.593032, 3.769825, 5.966458
251, 0.000000, 164.502884, 0.906594, 0.593041, 3.769831, 5.966462
251, 0.000000, 164.502899, 0.906594, 0.593041, 3.769832, 5.966463
251, 0.000000, 164.502914, 0.906602, 0.593055, 3.769851, 5.966466
251, 0.000000, 164.502853, 0.906602, 0.593054, 3.769849, 5.966465
251, 0.000000, 164.503677, 0.906594, 0.593048, 3.769850, 5.966458
252, 0.000000, 0.000399, 0.000003, 0.000004, 0.000010, 0.000014
252, 0.000000, 0.009774, 0.000066, 0.000040, 0.000261, 0.000450
252, 0.000000, 0.009872, 0.000066, 0.000039, 0.000261, 0.000452
252, 0.000000, 0.011552, 0.000081, 0.000045, 0.000309, 0.000543
252, 0.000000, 0.011619, 0.000081, 0.000044, 0.000309, 0.000544
252, 0.000000, 0.013216, 0.000085, 0.000044, 0.000332, 0.000582
252, 0.000000, 0.013311, 0.000085, 0.000046, 0.000336, 0.000585
252, 0.000000, 0.020384, 0.000123, 0.000067, 0.000484, 0.000834
252, 0.000000, 0.020511, 0.000123, 0.000067, 0.000487, 0.000836
252, 0.000000, 0.021305, 0.000125, 0.000069, 0.000501, 0.000849
252, 0.000000, 0.021427, 0.000125, 0.000069, 0.000503, 0.000851
252, 0.000000, 0.024901, 0.000135, 0.000080, 0.000573, 0.000938
252, 0.000000, 0.025076, 0.000135, 0.000082, 0.000577, 0.000939
252, 0.000000, 0.024116, 0.000133, 0.000080, 0.000565, 0.000976
252, 0.000000, 0.024334, 0.000135, 0.000086, 0.000574, 0.000979
252, 0.000000, 0.025308, 0.000142, 0.000092, 0.000600, 0.001014
252, 0.000000, 0.025488, 0.000142, 0.000091, 0.000601, 0.001018
252, 0.000000, 0.026064, 0.000150, 0.000115, 0.000633, 0.001043
252, 0.000000, 0.026267, 0.000149, 0.000113, 0.000633, 0.001042
252, 0.000000, 0.026892, 0.000158, 0.000120, 0.000651, 0.001061
252, 0.000000, 0.027079, 0.000158, 0.000118, 0.000651, 0.001061
252, 0.000004, 2238.185059, 12.116459, 7.759785, 55.710657, 79.398652
252, 0.000004, 2238.184814, 12.116460, 7.759788, 55.710657, 79.398655
252, 0.000004, 2238.184814, 12.116463, 7.759796, 55.710667, 79.398659
252, 0.000004, 2238.184570, 12.116464, 7.759797, 55.710666, 79.398661
252, 0.000004, 2238.184570, 12.116470, 7.759781, 55.710654, 79.398646
252, 0.000004, 2238.184570, 12.116470, 7.759781, 55.710655, 79.398646
252, 0.000004, 2238.185059, 12.116470, 7.759777, 55.710661, 79.398632
252, 0.000004, 2238.185059, 12.116470, 7.759776, 55.710660, 79.398632
252, 0.000004, 2238.183838, 12.116475, 7.759782, 55.710645, 79.398625
252, 0.000004, 2238.183594, 12.116475, 7.759781, 55.710639, 79.398624
252, 0.000004, 2238.184326, 12.116465, 7.759765, 55.710632, 79.398591
253, 0.000000, 0.000559, 0.000008, 0.000010, 0.000016, 0.000025
253, 0.000000, 0.004395, 0.000024, 0.000015, 0.000106, 0.000169
253, 0.000000, 0.004437, 0.000025, 0.000016, 0.000108, 0.000171
253, 0.000000, 0.006493, 0.000041, 0.000028, 0.000168, 0.000266
253, 0.000000, 0.006626, 0.000041, 0.000028, 0.000170, 0.000268
253, 0.000000, 0.007376, 0.000046, 0.000036, 0.000197, 0.000335
253, 0.000000, 0.007480, 0.000047, 0.000039, 0.000202, 0.000338
253, 0.000000, 0.007944, 0.000053, 0.000049, 0.000224, 0.000369
253, 0.000000, 0.008062, 0.000053, 0.000050, 0.000226, 0.000371
253, 0.000000, 0.016297, 0.000082, 0.000057, 0.000408, 0.000542
253, 0.000000, 0.016351, 0.000087, 0.000067, 0.000419, 0.000547
253, 0.000000, 0.026477, 0.000114, 0.000068, 0.000599, 0.000741
253, 0.000000, 0.026528, 0.000112, 0.000063, 0.000595, 0.000741
253, 0.000000, 0.025353, 0.000114, 0.000068, 0.000580, 0.000753
253, 0.000000, 0.025426, 0.000114, 0.000068, 0.000581, 0.000754
253, 0.000000, 0.025763, 0.000122, 0.000078, 0.000605, 0.000817
253, 0.000000, 0.025839, 0.000122, 0.000077, 0.000605, 0.000817
253, 0.000000, 0.026444, 0.000126, 0.000083, 0.000627, 0.000831
253, 0.000000, 0.026570, 0.000127, 0.000085, 0.000630, 0.000835
253, 0.000000, 0.031231, 0.000173, 0.000100, 0.000737, 0.001076
253, 0.000000, 0.031323, 0.000175, 0.000103, 0.000741, 0.001079
253, 0.000000, 0.041202, 0.000221, 0.000134, 0.000963, 0.001387
253, 0.000000, 0.041293, 0.000220, 0.000133, 0.000964, 0.001388
253, 0.000000, 0.041910, 0.000237, 0.000130, 0.000997, 0.001440
253, 0.000000, 0.042002, 0.000237, 0.000130, 0.000999, 0.001443
253, 0.000000, 0.041829, 0.000246, 0.000131, 0.001010, 0.001491
253, 0.000000, 0.041898, 0.000245, 0.000130, 0.001010, 0.001491
253, 0.000000, 0.043692, 0.000246, 0.000131, 0.001040, 0.001507
253, 0.000000, 0.043787, 0.000246, 0.000132, 0.001042, 0.001507
253, 0.000000, 0.045055, 0.000243, 0.000134, 0.001074, 0.001535
253, 0.000000, 0.045178, 0.000244, 0.000135, 0.001078, 0.001538
253, 0.000000, 0.046689, 0.000243, 0.000136, 0.001110, 0.001563
254, 0.000000, 0.000583, 0.000006, 0.000008, 0.000014, 0.000025
254, 0.000000, 0.006061, 0.000038, 0.000023, 0.000146, 0.000240
254, 0.000000, 0.006112, 0.000038, 0.000025, 0.000148, 0.000242
254, 0.000000, 0.012465, 0.000072, 0.000041, 0.000307, 0.000555
254, 0.000000, 0.012605, 0.000071, 0.000040, 0.000307, 0.000555
254, 0.000000, 0.013494, 0.000077, 0.000045, 0.000329, 0.000582
254, 0.000000, 0.013589, 0.000078, 0.000044, 0.000329, 0.000583
254, 0.000000, 0.014892, 0.000091, 0.000044, 0.000356, 0.000606
254, 0.000000, 0.015091, 0.000091, 0.000045, 0.000359, 0.000606
254, 0.000000, 0.016410, 0.000098, 0.000046, 0.000387, 0.000641
254, 0.000000, 0.016597, 0.000099, 0.000052, 0.000396, 0.000644
254, 0.000000, 0.022320, 0.000122, 0.000072, 0.000531, 0.000934
254, 0.000000, 0.022506, 0.000122, 0.000072, 0.000534, 0.000937
254, 0.000000, 0.024914, 0.000132, 0.000080, 0.000579, 0.000964
254, 0.000000, 0.025070, 0.000132, 0.000080, 0.000582, 0.000963
254, 0.000000, 0.025791, 0.000133, 0.000080, 0.000595, 0.000972
254, 0.000000, 0.025981, 0.000133, 0.000080, 0.000598, 0.000972
254, 0.000000, 0.027548, 0.000141, 0.000101, 0.000638, 0.000996
254, 0.000000, 0.027745, 0.000142, 0.000101, 0.000639, 0.000997
254, 0.000000, 0.028028, 0.000144, 0.000107, 0.000651, 0.001011
254, 0.000000, 0.028225, 0.000145, 0.000106, 0.000653, 0.001012
254, 0.000000, 0.029480, 0.000150, 0.000102, 0.000670, 0.001026
254, 0.000000, 0.029638, 0.000150, 0.000103, 0.000672, 0.001028
254, 0.000000, 0.030299, 0.000176, 0.000121, 0.000724, 0.001180
254, 0.000000, 0.030501, 0.000177, 0.000121, 0.000726, 0.001181
254, 0.000000, 0.031302, 0.000177, 0.000115, 0.000742, 0.001214
254, 0.000000, 0.031479, 0.000177, 0.000115, 0.000744, 0.001215
254, 0.000000, 0.031311, 0.000176, 0.000117, 0.000745, 0.001226
254, 0.000000, 0.031514, 0.000176, 0.000117, 0.000747, 0.001226
254, 0.000000, 0.032483, 0.000179, 0.000115, 0.000761, 0.001246
254, 0.000000, 0.032704, 0.000180, 0.000117, 0.000765, 0.001248
254, 0.000000, 0.033841, 0.000182, 0.000115, 0.000786, 0.001268
255, 0.000000, 0.000520, 0.000006, 0.000005, 0.000014, 0.000033
255, 0.000000, 0.018784, 0.000141, 0.000099, 0.000494, 0.000990
255, 0.000000, 0.018772, 0.000141, 0.000100, 0.000494, 0.000988
255, 0.000000, 0.020632, 0.000147, 0.000102, 0.000537, 0.001015
255, 0.000000, 0.020639, 0.000147, 0.000102, 0.000537, 0.001015
255, 0.000000, 0.022223, 0.000152, 0.000099, 0.000568, 0.001063
255, 0.000000, 0.022270, 0.000152, 0.000098, 0.000568, 0.001064
255, 0.000000, 0.023338, 0.000162, 0.000101, 0.000614, 0.001147
255, 0.000000, 0.023423, 0.000162, 0.000101, 0.000615, 0.001146
255, 0.000000, 0.023723, 0.000160, 0.000098, 0.000623, 0.001161
255, 0.000000, 0.023806, 0.000160, 0.000098, 0.000623, 0.001161
255, 0.000000, 0.029097, 0.000177, 0.000110, 0.000735, 0.001314
255, 0.000000, 0.029208, 0.000177, 0.000110, 0.000737, 0.001314
255, 0.000000, 0.029187, 0.000179, 0.000118, 0.000739, 0.001336
255, 0.000000, 0.029299, 0.000179, 0.000117, 0.000741, 0.001338
255, 0.000000, 0.030048, 0.000189, 0.000127, 0.000777, 0.001403
255, 0.000000, 0.030188, 0.000190, 0.000127, 0.000779, 0.001404
255, 0.000000, 0.030558, 0.000193, 0.000123, 0.000782, 0.001434
255, 0.000000, 0.030663, 0.000193, 0.000123, 0.000786, 0.001438
255, 0.000000, 0.031857, 0.000209, 0.000127, 0.000819, 0.001508
255, 0.000000, 0.031994, 0.000209, 0.000127, 0.000821, 0.001508
255, 0.000000, 0.039278, 0.000267, 0.000175, 0.001036, 0.001933
255, 0.000000, 0.039394, 0.000267, 0.000175, 0.001037, 0.001934
255, 0.000000, 0.040828, 0.000265, 0.000193, 0.001076, 0.001961
255, 0.000000, 0.040989, 0.000265, 0.000194, 0.001081, 0.001963
255, 0.000000, 0.049682, 0.000341, 0.000236, 0.001344, 0.002358
255, 0.000000, 0.049748, 0.000341, 0.000236, 0.001346, 0.002358
255, 0.000000, 0.051197, 0.000347, 0.000240, 0.001378, 0.002393
255, 0.000000, 0.051280, 0.000347, 0.000241, 0.001379, 0.002393
255, 0.000000, 0.052307, 0.000356, 0.000253, 0.001422, 0.002468
255, 0.000000, 0.052408, 0.000356, 0.000254, 0.001423, 0.002470
255, 0.000000, 0.057806, 0.000380, 0.000317, 0.001557, 0.002639
256, 0.000000, 0.000450, 0.000003, 0.000004, 0.000011, 0.000020
256, 0.000000, 0.008766, 0.000048, 0.000036, 0.000209, 0.000307
256, 0.000000, 0.008821, 0.000048, 0.000036, 0.000208, 0.000308
256, 0.000000, 17.726498, 0.126183, 0.115692, 0.497835, 0.898066
256, 0.000000, 17.726521, 0.126183, 0.115692, 0.497836, 0.898067
256, 0.000000, 17.726528, 0.126181, 0.115699, 0.497843, 0.898062
256, 0.000000, 17.726578, 0.126181, 0.115698, 0.497842, 0.898061
256, 0.000000, 17.728016, 0.126170, 0.115648, 0.497824, 0.898043
256, 0.000000, 17.728060, 0.126170, 0.115648, 0.497824, 0.898043
256, 0.000000, 17.727699, 0.126170, 0.115650, 0.497820, 0.898040
256, 0.000000, 17.727730, 0.126170, 0.115651, 0.497821, 0.898040
256, 0.000000, 17.727924, 0.126167, 0.115635, 0.497809, 0.898029
256, 0.000000, 17.727932, 0.126168, 0.115635, 0.497811, 0.898031
256, 0.000000, 17.727077, 0.126169, 0.115652, 0.497813, 0.898024
256, 0.000000, 17.727135, 0.126169, 0.115652, 0.497813, 0.898025
256, 0.000000, 17.727543, 0.126172, 0.115666, 0.497827, 0.898027
256, 0.000000, 17.727571, 0.126173, 0.115673, 0.497835, 0.898028
256, 0.000000, 17.726776, 0.126168, 0.115680, 0.497829, 0.898020
256, 0.000000, 17.726788, 0.126168, 0.115680, 0.497829, 0.898020
256, 0.000000, 17.727631, 0.126160, 0.115658, 0.497818, 0.898006
256, 0.000000, 17.727674, 0.126160, 0.115658, 0.497820, 0.898007
256, 0.000000, 17.729002, 0.126153, 0.115631, 0.497819, 0.898000
256, 0.000000, 17.729042, 0.126153, 0.115629, 0.497818, 0.898001
256, 0.000000, 17.728718, 0.126148, 0.115610, 0.497796, 0.897998
256, 0.000000, 17.728788, 0.126147, 0.115606, 0.497793, 0.897997
256, 0.000000, 17.729298, 0.126143, 0.115587, 0.497778, 0.897992
256, 0.000000, 17.729317, 0.126143, 0.115587, 0.497779, 0.897992
256, 0.000000, 17.729467, 0.126141, 0.115581, 0.497778, 0.897987
256, 0.000000, 17.729496, 0.126141, 0.115581, 0.497779, 0.897987
256, 0.000000, 17.731634, 0.126149, 0.115591, 0.497808, 0.897986
256, 0.000000, 17.731636, 0.126149, 0.115590, 0.497806, 0.897986
256, 0.000000, 17.732658, 0.126136, 0.115555, 0.497788, 0.897978
257, 0.000000, 0.000641, 0.000004, 0.000005, 0.000014, 0.000036
257, 0.000000, 0.004406, 0.000027, 0.000016, 0.000112, 0.000209
257, 0.000000, 0.004401, 0.000027, 0.000017, 0.000112, 0.000210
257, 0.000000, 0.006219, 0.000040, 0.000023, 0.000154, 0.000262
257, 0.000000, 0.006246, 0.000040, 0.000024, 0.000154, 0.000262
257, 0.000000, 0.009052, 0.000067, 0.000039, 0.000247, 0.000430
257, 0.000000, 0.009071, 0.000067, 0.000040, 0.000247, 0.000431
257, 0.000000, 0.012758, 0.000092, 0.000066, 0.000339, 0.000548
257, 0.000000, 0.012758, 0.000092, 0.000066, 0.000340, 0.000549
257, 0.000000, 0.013122, 0.000101, 0.000073, 0.000355, 0.000575
257, 0.000000, 0.013149, 0.000101, 0.000073, 0.000355, 0.000575
257, 0.000000, 0.014956, 0.000114, 0.000092, 0.000420, 0.000684
257, 0.000000, 0.015025, 0.000114, 0.000093, 0.000422, 0.000685
257, 0.000000, 0.016508, 0.000123, 0.000099, 0.000460, 0.000782
257, 0.000000, 0.016578, 0.000123, 0.000100, 0.000464, 0.000783
257, 0.000000, 0.019300, 0.000138, 0.000114, 0.000528, 0.000882
257, 0.000000, 0.019416, 0.000138, 0.000115, 0.000531, 0.000883
257, 0.000000, 0.020261, 0.000149, 0.000128, 0.000557, 0.000926
257, 0.000000, 0.020381, 0.000149, 0.000129, 0.000562, 0.000928
257, 0.000000, 0.021125, 0.000152, 0.000137, 0.000582, 0.000939
257, 0.000000, 0.021235, 0.000152, 0.000137, 0.000585, 0.000941
257, 0.000000, 0.022645, 0.000164, 0.000170, 0.000639, 0.000999
257, 0.000000, 0.022775, 0.000164, 0.000169, 0.000638, 0.000998
257, 0.000000, 0.024084, 0.000169, 0.000165, 0.000656, 0.001028
257, 0.000000, 0.024208, 0.000169, 0.000167, 0.000661, 0.001030
257, 0.000000, 0.025695, 0.000179, 0.000171, 0.000695, 0.001098
257, 0.000000, 0.025850, 0.000179, 0.000170, 0.000696, 0.001099
257, 0.000000, 0.026073, 0.000193, 0.000177, 0.000698, 0.001122
257, 0.000000, 0.026234, 0.000193, 0.000177, 0.000699, 0.001121
257, 0.000000, 0.027594, 0.000199, 0.000191, 0.000732, 0.001152
257, 0.000000, 0.027733, 0.000200, 0.000192, 0.000736, 0.001153
257, 0.000000, 0.028331, 0.000201, 0.000149, 0.000752, 0.001272
258, 0.000000, 0.000519, 0.000004, 0.000004, 0.000012, 0.000028
258, 0.000000, 0.005895, 0.000034, 0.000022, 0.000148, 0.000227
258, 0.000000, 0.005963, 0.000034, 0.000022, 0.000149, 0.000230
258, 0.000000, 0.008311, 0.000051, 0.000035, 0.000213, 0.000347
258, 0.000000, 0.008451, 0.000053, 0.000040, 0.000221, 0.000352
258, 0.000000, 0.009295, 0.000062, 0.000051, 0.000252, 0.000405
258, 0.000000, 0.009455, 0.000062, 0.000052, 0.000254, 0.000406
258, 0.000000, 0.010390, 0.000072, 0.000077, 0.000295, 0.000466
258, 0.000000, 0.010573, 0.000073, 0.000078, 0.000298, 0.000468
258, 0.000000, 0.011230, 0.000072, 0.000074, 0.000309, 0.000482
258, 0.000000, 0.011486, 0.000071, 0.000071, 0.000308, 0.000481
258, 0.000000, 0.012196, 0.000075, 0.000073, 0.000327, 0.000514
258, 0.000000, 0.012381, 0.000076, 0.000073, 0.000330, 0.000516
258, 0.000000, 0.014677, 0.000098, 0.000092, 0.000385, 0.000596
258, 0.000000, 0.014813, 0.000099, 0.000094, 0.000390, 0.000599
258, 0.000000, 0.016986, 0.000105, 0.000095, 0.000430, 0.000640
258, 0.000000, 0.017113, 0.000104, 0.000094, 0.000430, 0.000639
258, 0.000000, 0.017807, 0.000117, 0.000111, 0.000459, 0.000666
258, 0.000000, 0.017985, 0.000119, 0.000114, 0.000465, 0.000670
258, 0.000000, 0.018894, 0.000128, 0.000127, 0.000502, 0.000711
258, 0.000000, 0.019041, 0.000130, 0.000131, 0.000508, 0.000714
258, 0.000000, 0.019503, 0.000135, 0.000139, 0.000523, 0.000730
258, 0.000000, 0.019622, 0.000135, 0.000138, 0.000524, 0.000729
258, 0.000000, 0.021306, 0.000153, 0.000152, 0.000563, 0.000915
258, 0.000000, 0.021498, 0.000154, 0.000154, 0.000567, 0.000917
258, 0.000000, 0.022551, 0.000165, 0.000200, 0.000633, 0.000979
258, 0.000000, 0.022776, 0.000164, 0.000199, 0.000635, 0.000981
258, 0.000000, 0.024254, 0.000173, 0.000212, 0.000671, 0.001014
258, 0.000000, 0.024444, 0.000174, 0.000213, 0.000676, 0.001017
258, 0.000000, 0.023892, 0.000197, 0.000254, 0.000711, 0.001076
258, 0.000000, 0.024124, 0.000198, 0.000256, 0.000717, 0.001079
258, 0.000000, 0.024830, 0.000199, 0.000265, 0.000735, 0.001087
259, 0.000000, 0.000482, 0.000002, 0.000002, 0.000010, 0.000024
259, 0.000000, 0.006109, 0.000048, 0.000043, 0.000173, 0.000289
259, 0.000000, 0.006190, 0.000047, 0.000043, 0.000173, 0.000291
259, 0.000000, 0.011877, 0.000076, 0.000066, 0.000313, 0.000668
259, 0.000000, 0.011980, 0.000076, 0.000066, 0.000314, 0.000669
259, 0.000000, 0.014963, 0.000093, 0.000079, 0.000395, 0.000770
259, 0.000000, 0.015038, 0.000094, 0.000079, 0.000395, 0.000770
259, 0.000000, 0.015277, 0.000095, 0.000085, 0.000402, 0.000780
259, 0.000000, 0.015314, 0.000094, 0.000084, 0.000402, 0.000781
259, 0.000000, 0.017168, 0.000100, 0.000079, 0.000435, 0.000822
259, 0.000000, 0.017304, 0.000100, 0.000079, 0.000437, 0.000822
259, 0.000000, 0.018406, 0.000111, 0.000108, 0.000492, 0.000859
259, 0.000000, 0.018541, 0.000111, 0.000108, 0.000494, 0.000859
259, 0.000000, 0.022526, 0.000136, 0.000149, 0.000603, 0.000954
259, 0.000000, 0.022661, 0.000136, 0.000151, 0.000607, 0.000954
259, 0.000000, 0.039223, 0.000262, 0.000180, 0.001019, 0.001728
259, 0.000000, 0.039281, 0.000262, 0.000179, 0.001018, 0.001728
259, 0.000000, 0.038476, 0.000276, 0.000169, 0.001005, 0.001748
259, 0.000000, 0.038510, 0.000277, 0.000171, 0.001008, 0.001751
259, 0.000000, 0.038374, 0.000274, 0.000188, 0.001025, 0.001755
259, 0.000000, 0.038433, 0.000274, 0.000185, 0.001022, 0.001753
259, 0.000000, 0.039269, 0.000277, 0.000192, 0.001041, 0.001792
259, 0.000000, 0.039339, 0.000278, 0.000197, 0.001047, 0.001794
259, 0.000000, 0.039062, 0.000278, 0.000217, 0.001067, 0.001819
259, 0.000000, 0.039131, 0.000278, 0.000216, 0.001068, 0.001820
259, 0.000000, 0.040360, 0.000286, 0.000206, 0.001082, 0.001832
259, 0.000000, 0.040437, 0.000287, 0.000207, 0.001084, 0.001832
259, 0.000000, 0.040936, 0.000286, 0.000223, 0.001111, 0.001860
259, 0.000000, 0.041008, 0.000287, 0.000222, 0.001111, 0.001861
259, 0.000000, 0.040702, 0.000286, 0.000224, 0.001111, 0.001871
259, 0.000000, 0.040749, 0.000285, 0.000222, 0.001109, 0.001871
259, 0.000000, 0.041377, 0.000291, 0.000215, 0.001117, 0.001890
260, 0.000000, 0.000435, 0.000007, 0.000010, 0.000014, 0.000023
260, 0.000000, 0.006015, 0.000033, 0.000017, 0.000140, 0.000229
260, 0.000000, 0.006091, 0.000037, 0.000025, 0.000148, 0.000238
260, 0.000000, 0.009187, 0.000061, 0.000044, 0.000228, 0.000418
260, 0.000000, 0.009212, 0.000064, 0.000050, 0.000235, 0.000421
260, 0.000000, 0.009832, 0.000067, 0.000053, 0.000252, 0.000448
260, 0.000000, 0.009926, 0.000069, 0.000057, 0.000257, 0.000453
260, 0.000000, 0.011782, 0.000078, 0.000064, 0.000304, 0.000515
260, 0.000000, 0.011814, 0.000079, 0.000065, 0.000305, 0.000516
260, 0.000000, 0.011951, 0.000081, 0.000065, 0.000311, 0.000532
260, 0.000000, 0.012043, 0.000079, 0.000063, 0.000310, 0.000532
260, 0.000000, 0.016237, 0.000103, 0.000074, 0.000409, 0.000768
260, 0.000000, 0.016379, 0.000103, 0.000073, 0.000410, 0.000767
260, 0.000000, 0.019756, 0.000113, 0.000077, 0.000491, 0.000858
260, 0.000000, 0.019946, 0.000113, 0.000076, 0.000492, 0.000858
260, 0.000000, 0.021559, 0.000126, 0.000080, 0.000547, 0.000965
260, 0.000000, 0.021707, 0.000125, 0.000079, 0.000547, 0.000963
260, 0.000000, 0.025943, 0.000147, 0.000090, 0.000636, 0.001071
260, 0.000000, 0.026096, 0.000148, 0.000092, 0.000640, 0.001075
260, 0.000005, 4479.327637, 30.538447, 23.615095, 111.305765, 200.673583
260, 0.000005, 4479.327637, 30.538447, 23.615095, 111.305765, 200.673583
260, 0.000005, 4479.328125, 30.538444, 23.615088, 111.305763, 200.673578
260, 0.000005, 4479.328125, 30.538443, 23.615084, 111.305759, 200.673576
260, 0.000005, 4479.327637, 30.538447, 23.615092, 111.305755, 200.673593
260, 0.000005, 4479.327637, 30.538447, 23.615091, 111.305755, 200.673593
260, 0.000005, 4479.328613, 30.538450, 23.615100, 111.305783, 200.673615
260, 0.000005, 4479.328613, 30.538450, 23.615100, 111.305783, 200.673611
260, 0.000005, 4479.328125, 30.538446, 23.615108, 111.305783, 200.673632
260, 0.000005, 4479.328125, 30.538445, 23.615108, 111.305783, 200.673632
260, 0.000005, 4479.328613, 30.538442, 23.615104, 111.305789, 200.673621
260, 0.000005, 4479.328613, 30.538442, 23.615103, 111.305786, 200.673618
260, 0.000005, 4479.327637, 30.538442, 23.615098, 111.305766, 200.673607
261, 0.000000, 0.000456, 0.000005, 0.000005, 0.000011, 0.000017
261, 0.000000, 0.005539, 0.000028, 0.000015, 0.000128, 0.000165
261, 0.000000, 0.005651, 0.000029, 0.000016, 0.000130, 0.000166
261, 0.000000, 0.009691, 0.000062, 0.000049, 0.000234, 0.000381
261, 0.000000, 0.009836, 0.000062, 0.000050, 0.000235, 0.000384
261, 0.000000, 1.458990, 0.010381, 0.010046, 0.039340, 0.067703
261, 0.000000, 1.459001, 0.010381, 0.010045, 0.039339, 0.067704
261, 0.000000, 1.459073, 0.010386, 0.010062, 0.039350, 0.067712
261, 0.000000, 1.459123, 0.010386, 0.010062, 0.039351, 0.067714
261, 0.000000, 1.461318, 0.010380, 0.010032, 0.039360, 0.067756
261, 0.000000, 1.461273, 0.010381, 0.010031, 0.039358, 0.067756
261, 0.000000, 1.460977, 0.010377, 0.010015, 0.039339, 0.067765
261, 0.000000, 1.461033, 0.010377, 0.010015, 0.039339, 0.067766
261, 0.000000, 1.460739, 0.010379, 0.010029, 0.039343, 0.067769
261, 0.000000, 1.460772, 0.010379, 0.010028, 0.039341, 0.067769
261, 0.000000, 1.459095, 0.010374, 0.010012, 0.039299, 0.067731
261, 0.000000, 1.459119, 0.010374, 0.010011, 0.039298, 0.067729
261, 0.000000, 1.458373, 0.010372, 0.010016, 0.039290, 0.067731
261, 0.000000, 1.458372, 0.010372, 0.010018, 0.039291, 0.067732
261, 0.000000, 1.458226, 0.010378, 0.010023, 0.039292, 0.067737
261, 0.000000, 1.458238, 0.010377, 0.010022, 0.039292, 0.067738
261, 0.000000, 1.457582, 0.010383, 0.010023, 0.039278, 0.067746
261, 0.000000, 1.457575, 0.010383, 0.010025, 0.039281, 0.067747
261, 0.000000, 1.458412, 0.010408, 0.010069, 0.039312, 0.067761
261, 0.000000, 1.458422, 0.010408, 0.010069, 0.039313, 0.067761
261, inf, 0.000000, nan, nan, nan, nan
261, inf, 0.000000, nan, nan, nan, nan
261, inf, 0.000000, nan, nan, nan, nan
261, inf, 0.000000, nan, nan, nan, nan
261, inf, 0.000000, nan, nan, nan, nan
261, inf, 0.000000, nan, nan, nan, nan
261, inf, 0.000000, nan, nan, nan, nan
262, inf, 0.000000, nan, nan, nan, nan
