eps_min,eps_max,teps_min,teps_max,x_min,x_max,score_min,score_max,alpha_
-4.019472599029541,4.721280097961426,-4.019472599029541,4.721280097961426,-4.012324810028076,4.714588165283203,-4.562815774988849e-06,9.969794518838171e-06,0.0001
-4.019433498382568,4.721145153045654,-4.019433498382568,4.721145153045654,-4.012238025665283,4.714503765106201,-7.262948656716617e-06,1.043151587509783e-05,0.0002
-4.019557476043701,4.721150875091553,-4.019557476043701,4.721150875091553,-4.012148857116699,4.714418411254883,-4.516923127084738e-06,7.90210560808191e-06,0.00030000000000000003
-4.0195488929748535,4.721212863922119,-4.0195488929748535,4.721212863922119,-4.012058258056641,4.714330673217773,-2.720787961152382e-06,4.657853878597962e-06,0.0004
-4.019572734832764,4.72125768661499,-4.019572734832764,4.72125768661499,-4.011966705322266,4.714242458343506,-3.018285269718035e-06,2.784145635814639e-06,0.0005
-4.019515037536621,4.72100830078125,-4.019515037536621,4.72100830078125,-4.011874675750732,4.714155197143555,-3.728147021320183e-06,4.269469627615763e-06,0.0006000000000000001
-4.019400596618652,4.720651149749756,-4.019400596618652,4.720651149749756,-4.011782169342041,4.714069843292236,-3.459396111793467e-06,2.914786819019355e-06,0.0007000000000000001
-4.019321441650391,4.72058629989624,-4.019321441650391,4.72058629989624,-4.011689186096191,4.713984966278076,-4.838561835640576e-06,7.041196113277692e-06,0.0008
-4.0191264152526855,4.720320224761963,-4.0191264152526855,4.720320224761963,-4.011597633361816,4.713901042938232,-2.446546886858414e-06,4.100343176105525e-06,0.0009
-4.01908540725708,4.720174312591553,-4.01908540725708,4.720174312591553,-4.011505603790283,4.713818073272705,-3.963747985835653e-06,3.418842197788763e-06,0.001
-4.018997669219971,4.719939231872559,-4.018997669219971,4.719939231872559,-4.011412620544434,4.713735580444336,-3.560372761057806e-06,4.720018750958843e-06,0.0011
-4.019062519073486,4.719786167144775,-4.019062519073486,4.719786167144775,-4.011318206787109,4.713654041290283,-6.413883511413587e-06,4.47013462689938e-06,0.0012000000000000001
-4.0190019607543945,4.71967077255249,-4.0190019607543945,4.71967077255249,-4.011223316192627,4.713572025299072,-3.820303390966728e-06,3.4874753964686533e-06,0.0013
-4.019006729125977,4.719662666320801,-4.019006729125977,4.719662666320801,-4.011127471923828,4.713489532470703,-2.585986294434406e-06,3.3769256333471276e-06,0.0014000000000000002
-4.019179821014404,4.719437122344971,-4.019179821014404,4.719437122344971,-4.01102876663208,4.71340799331665,-2.646877192091779e-06,2.5651761461631395e-06,0.0015
-4.0190863609313965,4.719506740570068,-4.0190863609313965,4.719506740570068,-4.010929584503174,4.713324546813965,-2.785340029731742e-06,2.585217998785083e-06,0.0016
-4.019244194030762,4.719547748565674,-4.019244194030762,4.719547748565674,-4.010827541351318,4.713239669799805,-3.399130719117238e-06,2.568026502558496e-06,0.0017000000000000001
-4.01920747756958,4.719305515289307,-4.01920747756958,4.719305515289307,-4.0107245445251465,4.713156223297119,-5.174636044102954e-07,6.184610015225189e-07,0.0018
-4.0190324783325195,4.719058990478516,-4.0190324783325195,4.719058990478516,-4.010622024536133,4.713074207305908,-4.133911488679587e-07,5.998741130497365e-07,0.0019000000000000002
-4.0191168785095215,4.718969345092773,-4.0191168785095215,4.718969345092773,-4.010517597198486,4.712991237640381,-2.966400813875225e-07,2.7099983412881556e-07,0.002
-4.01910924911499,4.718842506408691,-4.01910924911499,4.718842506408691,-4.010412216186523,4.7129082679748535,-1.3670735654613964e-07,1.7183411671339854e-07,0.0021000000000000003
-4.019016742706299,4.7188191413879395,-4.019016742706299,4.7188191413879395,-4.010306358337402,4.712824821472168,-5.107096612277928e-08,7.933503098911387e-08,0.0022
-4.019075870513916,4.7187299728393555,-4.019075870513916,4.7187299728393555,-4.010198593139648,4.712741374969482,-1.0016529472522961e-07,1.1057512239176503e-07,0.0023000000000000004
-4.019015312194824,4.718475818634033,-4.019015312194824,4.718475818634033,-4.010089874267578,4.712658882141113,-9.312053350640781e-08,1.2078608335741592e-07,0.0024000000000000002
-4.018980979919434,4.718402862548828,-4.018980979919434,4.718402862548828,-4.00998067855835,4.712575912475586,-9.991605054437969e-08,1.7258776097150985e-07,0.0025
-4.0188889503479,4.7182464599609375,-4.0188889503479,4.7182464599609375,-4.009871006011963,4.712492942810059,-1.4853604568543233e-07,2.113092563149621e-07,0.0026
-4.01872444152832,4.7178425788879395,-4.01872444152832,4.7178425788879395,-4.009761333465576,4.712412357330322,-1.243586922328177e-07,2.041738014213479e-07,0.0027
-4.018676280975342,4.717611312866211,-4.018676280975342,4.717611312866211,-4.009651184082031,4.712333679199219,-8.76635724011976e-08,1.2696932571998332e-07,0.0028000000000000004
-4.018552780151367,4.717368125915527,-4.018552780151367,4.717368125915527,-4.009540557861328,4.71225643157959,-5.809459935335326e-08,9.111910515002819e-08,0.0029000000000000002
-4.018535137176514,4.717148780822754,-4.018535137176514,4.717148780822754,-4.009428977966309,4.7121806144714355,-1.7760585535597784e-07,1.7168832755487529e-07,0.003
-4.018568515777588,4.717100620269775,-4.018568515777588,4.717100620269775,-4.009315490722656,4.712103366851807,-1.5845132850245136e-07,1.5326195068610104e-07,0.0031
-4.018652439117432,4.717122554779053,-4.018652439117432,4.717122554779053,-4.009200572967529,4.712024688720703,-1.2966133056124818e-07,8.97061624982598e-08,0.0032
-4.018753528594971,4.716973304748535,-4.018753528594971,4.716973304748535,-4.009082317352295,4.7119460105896,-2.0688429458459723e-07,1.1943053834784223e-07,0.0033000000000000004
-4.018834590911865,4.71690034866333,-4.018834590911865,4.71690034866333,-4.008962154388428,4.711867332458496,-2.2046064884762018e-07,1.234755018231226e-07,0.0034000000000000002
-4.018914699554443,4.716889381408691,-4.018914699554443,4.716889381408691,-4.0088396072387695,4.711787223815918,-1.4283358495958964e-07,8.570317078238077e-08,0.0035
-4.01874303817749,4.71676778793335,-4.01874303817749,4.71676778793335,-4.0087175369262695,4.711707592010498,-1.2976887830973283e-07,1.0940710382101315e-07,0.0036
-4.018770217895508,4.716663837432861,-4.018770217895508,4.716663837432861,-4.008593559265137,4.711627006530762,-1.1596925730827934e-07,1.2117033065806027e-07,0.0037
-4.018874168395996,4.71645975112915,-4.018874168395996,4.71645975112915,-4.008467197418213,4.711547374725342,-9.816258028649827e-08,1.648176493063147e-07,0.0038000000000000004
-4.018988132476807,4.7163238525390625,-4.018988132476807,4.7163238525390625,-4.008338451385498,4.711467742919922,-1.2538056637367845e-07,1.9859554356571607e-07,0.0039000000000000003
-4.018985748291016,4.716161727905273,-4.018985748291016,4.716161727905273,-4.008208274841309,4.71138858795166,-7.289229131401953e-08,1.0967988117727145e-07,0.004
-4.019094944000244,4.716367721557617,-4.019094944000244,4.716367721557617,-4.008075714111328,4.711306095123291,-1.3940022824954212e-07,1.3564535095156316e-07,0.0041
-4.0190839767456055,4.716029167175293,-4.0190839767456055,4.716029167175293,-4.007941722869873,4.711225509643555,-1.079381988233763e-07,9.841361503504231e-08,0.004200000000000001
-4.018917083740234,4.715953826904297,-4.018917083740234,4.715953826904297,-4.00780725479126,4.711143970489502,-9.77028733473162e-08,9.197532335747383e-08,0.0043
-4.018833160400391,4.71564245223999,-4.018833160400391,4.71564245223999,-4.007672309875488,4.711064338684082,-7.418211112053541e-08,6.271906727306487e-08,0.0044
-4.018725395202637,4.715412139892578,-4.018725395202637,4.715412139892578,-4.007536888122559,4.71098518371582,-5.07509092528835e-08,3.8814690128674556e-08,0.0045
-4.018651485443115,4.715042591094971,-4.018651485443115,4.715042591094971,-4.007400035858154,4.71090841293335,-6.35600017062643e-08,5.3305896585698065e-08,0.004600000000000001
-4.018716335296631,4.714877605438232,-4.018716335296631,4.714877605438232,-4.007260322570801,4.710832118988037,-3.6387024948680846e-08,3.9809094687370816e-08,0.0047
-4.018774032592773,4.714815139770508,-4.018774032592773,4.714815139770508,-4.0071187019348145,4.710755348205566,-6.07772889793523e-08,4.523149499391366e-08,0.0048000000000000004
-4.018838882446289,4.714691638946533,-4.018838882446289,4.714691638946533,-4.006975173950195,4.7106781005859375,-4.1156965835398296e-08,2.9260988299029123e-08,0.004900000000000001
-4.018758773803711,4.714541435241699,-4.018758773803711,4.714541435241699,-4.006831169128418,4.710600852966309,-3.235940226886669e-08,3.41483179511215e-08,0.005
-4.018725872039795,4.714478015899658,-4.018725872039795,4.714478015899658,-4.006685733795166,4.7105231285095215,-1.1515339082279752e-07,8.510320270715965e-08,0.0051
-4.018861293792725,4.714267253875732,-4.018861293792725,4.714267253875732,-4.006537437438965,4.710445880889893,-2.3663590198452766e-08,1.728913012755129e-08,0.0052
-4.018843650817871,4.714170455932617,-4.018843650817871,4.714170455932617,-4.006387233734131,4.710367679595947,-2.4893289207739144e-08,1.863217136133244e-08,0.005300000000000001
-4.018853664398193,4.714125633239746,-4.018853664398193,4.714125633239746,-4.006235122680664,4.7102885246276855,-6.237983996015828e-08,4.319003465980131e-08,0.0054
-4.018941402435303,4.714192867279053,-4.018941402435303,4.714192867279053,-4.006080150604248,4.710207939147949,-2.8067279345123097e-07,3.806279380569322e-07,0.0055
-4.0191121101379395,4.713949680328369,-4.0191121101379395,4.713949680328369,-4.005921840667725,4.710127830505371,-1.1625862583741764e-07,1.2070319144186215e-07,0.005600000000000001
-4.018957138061523,4.7136735916137695,-4.018957138061523,4.7136735916137695,-4.005764007568359,4.710048675537109,-1.9608377499480412e-07,2.0550906754124298e-07,0.0057
-4.018740653991699,4.713345050811768,-4.018740653991699,4.713345050811768,-4.005605220794678,4.709970951080322,-3.932895538127923e-07,2.8791058070964937e-07,0.0058000000000000005
-4.018708229064941,4.7130866050720215,-4.018708229064941,4.7130866050720215,-4.00544548034668,4.709894180297852,-2.7543094915927213e-07,2.1241157810436562e-07,0.005900000000000001
-4.018705368041992,4.712889194488525,-4.018705368041992,4.712889194488525,-4.005283832550049,4.7098188400268555,-3.5347557059139945e-07,3.253722127283254e-07,0.006
-4.0188517570495605,4.712802410125732,-4.0188517570495605,4.712802410125732,-4.0051188468933105,4.709742546081543,-2.866643171728356e-07,2.1322648535715416e-07,0.0061
-4.019050121307373,4.713034152984619,-4.019050121307373,4.713034152984619,-4.004950046539307,4.709662437438965,-3.1493649998992623e-07,2.706194095480896e-07,0.0062
-4.0190277099609375,4.712785720825195,-4.0190277099609375,4.712785720825195,-4.004779815673828,4.709582805633545,-2.2742604244285758e-07,2.0276395673590741e-07,0.006300000000000001
-4.019210338592529,4.712704181671143,-4.019210338592529,4.712704181671143,-4.004606246948242,4.709503173828125,-3.0214835078368196e-07,3.1139995826379163e-07,0.0064
-4.019285202026367,4.712677478790283,-4.019285202026367,4.712677478790283,-4.004429340362549,4.709421634674072,-2.838130797044869e-07,2.4681577315277536e-07,0.0065
-4.019318103790283,4.712592124938965,-4.019318103790283,4.712592124938965,-4.004250526428223,4.709339141845703,-3.2291879392687406e-07,2.641419598603534e-07,0.006600000000000001
-4.01938533782959,4.712447166442871,-4.01938533782959,4.712447166442871,-4.004068374633789,4.709256649017334,-1.4503130785215035e-07,1.3676093146841595e-07,0.0067
-4.019355297088623,4.712433815002441,-4.019355297088623,4.712433815002441,-4.003884792327881,4.70917272567749,-4.348278253019089e-07,3.8338006902449706e-07,0.0068000000000000005
-4.019264221191406,4.7122578620910645,-4.019264221191406,4.7122578620910645,-4.003699779510498,4.709088325500488,-2.4400051756856556e-07,1.5921690987852344e-07,0.006900000000000001
-4.019260883331299,4.7121171951293945,-4.019260883331299,4.7121171951293945,-4.003512382507324,4.709003925323486,-4.7589173846063204e-07,3.331225855163211e-07,0.007
-4.019333362579346,4.7119669914245605,-4.019333362579346,4.7119669914245605,-4.003322601318359,4.708920001983643,-4.686260695052624e-07,3.5737255643653043e-07,0.0071
-4.019388198852539,4.71196174621582,-4.019388198852539,4.71196174621582,-4.003129959106445,4.708833694458008,-6.503897225229593e-07,5.651710921483755e-07,0.0072
-4.019539833068848,4.71177339553833,-4.019539833068848,4.71177339553833,-4.002933502197266,4.708747386932373,-7.592535098410735e-07,6.073607323742181e-07,0.007300000000000001
-4.019639015197754,4.711715221405029,-4.019639015197754,4.711715221405029,-4.002734184265137,4.708660125732422,-6.98685028055479e-07,4.0227453723673534e-07,0.0074
-4.0195441246032715,4.711324214935303,-4.0195441246032715,4.711324214935303,-4.002533435821533,4.708574295043945,-4.908848723061965e-07,3.7252456763781083e-07,0.0075
-4.019394874572754,4.711133003234863,-4.019394874572754,4.711133003234863,-4.0023322105407715,4.708488464355469,-4.769202632814995e-07,3.9702098320049117e-07,0.007600000000000001
-4.019238471984863,4.710881233215332,-4.019238471984863,4.710881233215332,-4.002129554748535,4.708403587341309,-4.430555122780788e-07,4.138539679843234e-07,0.0077
-4.019261360168457,4.71069860458374,-4.019261360168457,4.71069860458374,-4.001924514770508,4.70831823348999,-7.058152959871222e-07,6.114847792559885e-07,0.0078000000000000005
-4.019224643707275,4.71053409576416,-4.019224643707275,4.71053409576416,-4.001717567443848,4.70823335647583,-6.705121791128477e-07,1.0607029707898619e-06,0.0079
-4.019266605377197,4.710628032684326,-4.019266605377197,4.710628032684326,-4.001507759094238,4.7081451416015625,-1.1901523748747422e-06,1.1139654816361144e-06,0.008
-4.019397735595703,4.710297584533691,-4.019397735595703,4.710297584533691,-4.0012946128845215,4.708058834075928,-8.359342018593452e-07,1.1434066209403682e-06,0.0081
-4.019354820251465,4.710221767425537,-4.019354820251465,4.710221767425537,-4.001079082489014,4.70797061920166,-1.3481518408298143e-06,1.9866797629219946e-06,0.0082
-4.019424915313721,4.710046291351318,-4.019424915313721,4.710046291351318,-4.000860214233398,4.707882404327393,-1.1131776318507036e-06,1.7465131350036245e-06,0.0083
-4.019291400909424,4.7096967697143555,-4.019291400909424,4.7096967697143555,-4.000640392303467,4.7077956199646,-9.75761622612481e-07,1.7695451788313221e-06,0.008400000000000001
-4.019302845001221,4.709639072418213,-4.019302845001221,4.709639072418213,-4.000418186187744,4.707707405090332,-6.058000963093946e-07,6.290688929766475e-07,0.0085
-4.019211292266846,4.709429740905762,-4.019211292266846,4.709429740905762,-4.000194549560547,4.707619667053223,-7.364892553596292e-07,7.11929658336885e-07,0.0086
-4.019245147705078,4.709410667419434,-4.019245147705078,4.709410667419434,-3.9999680519104004,4.707529544830322,-5.217284524405841e-07,6.177083946568018e-07,0.008700000000000001
-4.019166946411133,4.709242820739746,-4.019166946411133,4.709242820739746,-3.999739408493042,4.707439422607422,-5.208013362789643e-07,6.153753702164977e-07,0.0088
-4.019233703613281,4.7089314460754395,-4.019233703613281,4.7089314460754395,-3.9995079040527344,4.707350730895996,-3.68140320006205e-07,5.319380420587549e-07,0.0089
-4.019222736358643,4.70874547958374,-4.019222736358643,4.70874547958374,-3.9992733001708984,4.707261085510254,-1.9409661433655856e-07,1.980949804192278e-07,0.009
-4.018983364105225,4.708431720733643,-4.018983364105225,4.708431720733643,-3.9990382194519043,4.707172393798828,-8.208684221244766e-08,7.798332291031329e-08,0.0091
-4.01885986328125,4.708373546600342,-4.01885986328125,4.708373546600342,-3.9988017082214355,4.707082271575928,-3.0442279808085004e-07,4.089089600256557e-07,0.009200000000000002
-4.0189313888549805,4.708259105682373,-4.0189313888549805,4.708259105682373,-3.9985620975494385,4.706991195678711,-2.9221337172202766e-07,2.7955388759437483e-07,0.009300000000000001
-4.018889904022217,4.708273410797119,-4.018889904022217,4.708273410797119,-3.998319625854492,4.706897735595703,-2.6425169608046417e-07,3.576924143544602e-07,0.0094
-4.018895149230957,4.708272457122803,-4.018895149230957,4.708272457122803,-3.998074531555176,4.7068023681640625,-2.295583385603095e-07,2.6891325433098245e-07,0.0095
-4.01890230178833,4.708062171936035,-4.01890230178833,4.708062171936035,-3.99782657623291,4.706706523895264,-2.439039974433399e-07,3.063600217956264e-07,0.009600000000000001
-4.018568515777588,4.707661151885986,-4.018568515777588,4.707661151885986,-3.9975786209106445,4.7066121101379395,-6.050127154821894e-08,8.56133723914354e-08,0.0097
-4.018647193908691,4.707389831542969,-4.018647193908691,4.707389831542969,-3.9973273277282715,4.706518173217773,-7.655791023353231e-08,6.723569612177016e-08,0.009800000000000001
-4.018372535705566,4.707195281982422,-4.018372535705566,4.707195281982422,-3.9970755577087402,4.706423759460449,-3.70608077560064e-08,3.849987351145501e-08,0.0099
-4.018431663513184,4.707118034362793,-4.018431663513184,4.707118034362793,-3.9968202114105225,4.70632791519165,-2.0118484655995417e-08,2.7020504944630375e-08,0.01
-4.018321514129639,4.70684289932251,-4.018321514129639,4.70684289932251,-3.996562957763672,4.706232070922852,-1.2319162578933174e-08,2.2718777969998882e-08,0.010100000000000001
-4.018351078033447,4.7067718505859375,-4.018351078033447,4.7067718505859375,-3.996302843093872,4.70613431930542,-1.2336347943175952e-08,1.567136997948637e-08,0.0102
-4.018083572387695,4.706724166870117,-4.018083572387695,4.706724166870117,-3.996042013168335,4.706035137176514,-2.3505672075430084e-08,2.6173532674533817e-08,0.0103
-4.017976760864258,4.706445693969727,-4.017976760864258,4.706445693969727,-3.995778799057007,4.705935955047607,-2.912723928716332e-08,2.9362718478864736e-08,0.0104
-4.0178046226501465,4.706099987030029,-4.0178046226501465,4.706099987030029,-3.995514392852783,4.705837726593018,-2.9162057657572404e-08,3.138279680570122e-08,0.0105
-4.017704486846924,4.706108570098877,-4.017704486846924,4.706108570098877,-3.9952476024627686,4.705737113952637,-1.0477401168884626e-08,1.495114254623786e-08,0.010600000000000002
-4.017634391784668,4.705867767333984,-4.017634391784668,4.705867767333984,-3.994978189468384,4.705636501312256,-1.9421756647375332e-08,1.5740615921799872e-08,0.010700000000000001
-4.0176005363464355,4.7059326171875,-4.0176005363464355,4.7059326171875,-3.994706153869629,4.705533027648926,-5.783214351851029e-09,5.755646625971167e-09,0.0108
-4.017416954040527,4.705657958984375,-4.017416954040527,4.705657958984375,-3.9944326877593994,4.7054290771484375,-6.215711501056376e-09,7.709192395566333e-09,0.0109
-4.017148494720459,4.705207347869873,-4.017148494720459,4.705207347869873,-3.9941585063934326,4.705326557159424,-5.732425201188107e-09,5.999019059288457e-09,0.011
-4.0167083740234375,4.704831600189209,-4.0167083740234375,4.704831600189209,-3.993884801864624,4.705225467681885,-4.728081037796983e-09,5.747569531422414e-09,0.011100000000000002
-4.016561508178711,4.704361915588379,-4.016561508178711,4.704361915588379,-3.9936087131500244,4.705125331878662,-9.95971927153505e-09,1.2749515221344154e-08,0.011200000000000002
-4.016285419464111,4.704256057739258,-4.016285419464111,4.704256057739258,-3.9933319091796875,4.705024242401123,-1.0740002664988424e-08,9.834470127145778e-09,0.011300000000000001
-4.016181945800781,4.704237937927246,-4.016181945800781,4.704237937927246,-3.9930522441864014,4.704920768737793,-8.625408831619552e-09,7.523396128306103e-09,0.0114
-4.01613187789917,4.704220771789551,-4.01613187789917,4.704220771789551,-3.992770195007324,4.704814910888672,-1.3300255119474969e-08,9.127278488563206e-09,0.0115
-4.015839576721191,4.7040324211120605,-4.015839576721191,4.7040324211120605,-3.9924869537353516,4.704707622528076,-1.0691375784688262e-08,1.0114943549410782e-08,0.011600000000000001
-4.015588760375977,4.703757286071777,-4.015588760375977,4.703757286071777,-3.9922029972076416,4.7046003341674805,-1.5457684909847558e-08,9.829653535575744e-09,0.0117
-4.015346050262451,4.703335285186768,-4.015346050262451,4.703335285186768,-3.991917610168457,4.704493999481201,-7.951142855233684e-09,5.8123079682559364e-09,0.011800000000000001
-4.015069484710693,4.703031063079834,-4.015069484710693,4.703031063079834,-3.991630792617798,4.704387187957764,-6.445115996456252e-09,6.682650433020854e-09,0.0119
-4.014830112457275,4.702849864959717,-4.014830112457275,4.702849864959717,-3.9913432598114014,4.704279899597168,-6.9383752077101235e-09,7.323408990345115e-09,0.012
-4.014669418334961,4.702683925628662,-4.014669418334961,4.702683925628662,-3.9910531044006348,4.704171657562256,-7.190676498680659e-09,5.776030320703285e-09,0.012100000000000001
-4.014489650726318,4.702596664428711,-4.014489650726318,4.702596664428711,-3.9907608032226562,4.704061031341553,-9.741798479012687e-09,8.611278801140543e-09,0.0122
-4.014311790466309,4.70247745513916,-4.014311790466309,4.70247745513916,-3.990467071533203,4.703948974609375,-1.1649453846018787e-08,7.62043583790728e-09,0.0123
-4.014036655426025,4.702122211456299,-4.014036655426025,4.702122211456299,-3.9901719093322754,4.703836917877197,-4.4439447677291355e-09,2.738482329789349e-09,0.0124
-4.013890266418457,4.701866149902344,-4.013890266418457,4.701866149902344,-3.989874839782715,4.7037248611450195,-6.76100242458233e-09,8.024810149720452e-09,0.0125
-4.01365327835083,4.701756954193115,-4.01365327835083,4.701756954193115,-3.9895758628845215,4.703610897064209,-4.85654316761952e-09,5.492132526541127e-09,0.012600000000000002
-4.013347148895264,4.70147180557251,-4.013347148895264,4.70147180557251,-3.989276170730591,4.70349645614624,-5.4291508178039294e-08,6.046151668215316e-08,0.012700000000000001
-4.013084888458252,4.7014570236206055,-4.013084888458252,4.7014570236206055,-3.9889748096466064,4.703378677368164,-5.0589012090540564e-08,5.853037876590861e-08,0.0128
-4.012791633605957,4.701367378234863,-4.012791633605957,4.701367378234863,-3.9886722564697266,4.703258991241455,-5.998030161435963e-08,6.418165554578081e-08,0.0129
-4.012700080871582,4.701207160949707,-4.012700080871582,4.701207160949707,-3.9883663654327393,4.703137397766113,-7.024607384664705e-08,7.734630713684965e-08,0.013
-4.012327194213867,4.701054096221924,-4.012327194213867,4.701054096221924,-3.988060474395752,4.703014850616455,-7.400466728313404e-08,7.797303425149948e-08,0.013100000000000002
-4.012231826782227,4.700735092163086,-4.012231826782227,4.700735092163086,-3.9877517223358154,4.702891826629639,-8.631143799675556e-08,7.832312576283584e-08,0.013200000000000002
-4.01192569732666,4.700554370880127,-4.01192569732666,4.700554370880127,-3.9874415397644043,4.7027668952941895,-1.1490247686651855e-07,1.0956296847552949e-07,0.013300000000000001
-4.011643886566162,4.700301170349121,-4.011643886566162,4.700301170349121,-3.9871299266815186,4.702641010284424,-1.1876251448939001e-07,1.2322070119807904e-07,0.0134
-4.011397361755371,4.699812412261963,-4.011397361755371,4.699812412261963,-3.986816644668579,4.702516078948975,-1.319645264175051e-07,1.1408939570856091e-07,0.0135
-4.010915756225586,4.699589252471924,-4.010915756225586,4.699589252471924,-3.9865031242370605,4.702389717102051,-8.846791388350539e-08,6.557662857176183e-08,0.013600000000000001
-4.0106401443481445,4.699148178100586,-4.0106401443481445,4.699148178100586,-3.9861879348754883,4.702263355255127,-6.8080751702837e-08,4.1267590233928786e-08,0.0137
-4.010429859161377,4.698864936828613,-4.010429859161377,4.698864936828613,-3.985870599746704,4.702136516571045,-5.9657068618435e-08,5.4935551219159606e-08,0.013800000000000002
-4.010068416595459,4.698774337768555,-4.010068416595459,4.698774337768555,-3.9855527877807617,4.70200777053833,-2.5016646532094455e-08,2.9549042324106267e-08,0.013900000000000001
-4.00967264175415,4.698625564575195,-4.00967264175415,4.698625564575195,-3.985234022140503,4.701876640319824,-2.1625586654749895e-08,2.635339235723677e-08,0.014
-4.009526252746582,4.6983642578125,-4.009526252746582,4.6983642578125,-3.984912395477295,4.701744556427002,-2.2318351611261278e-08,2.4755360428230233e-08,0.014100000000000001
-4.009284496307373,4.698118686676025,-4.009284496307373,4.698118686676025,-3.984589099884033,4.701611042022705,-2.2943357436133738e-08,2.7840393101996597e-08,0.0142
-4.008983612060547,4.697926998138428,-4.008983612060547,4.697926998138428,-3.984264373779297,4.701476097106934,-1.526208315283384e-08,2.1776607184165186e-08,0.0143
-4.008670806884766,4.697612285614014,-4.008670806884766,4.697612285614014,-3.9839377403259277,4.701340198516846,-1.7946515384892336e-08,2.283221967047666e-08,0.0144
-4.008340835571289,4.697372913360596,-4.008340835571289,4.697372913360596,-3.983609914779663,4.701203346252441,-1.3772554652291547e-08,1.7064095914065547e-08,0.0145
-4.007959842681885,4.696842193603516,-4.007959842681885,4.696842193603516,-3.983280658721924,4.701066493988037,-2.097261031508424e-08,2.655909625559616e-08,0.014600000000000002
-4.007653713226318,4.696208953857422,-4.007653713226318,4.696208953857422,-3.982950210571289,4.700931549072266,-3.0251953830884304e-08,3.6782818568781295e-08,0.014700000000000001
-4.007401943206787,4.696040153503418,-4.007401943206787,4.696040153503418,-3.9826173782348633,4.700794219970703,-3.499367196013736e-08,4.795270669433194e-08,0.0148
-4.007187843322754,4.695943832397461,-4.007187843322754,4.695943832397461,-3.9822819232940674,4.70065450668335,-3.212552357467757e-08,4.4210022309698616e-08,0.0149
-4.006954193115234,4.695819854736328,-4.006954193115234,4.695819854736328,-3.9819443225860596,4.700512409210205,-3.1034588232614624e-08,1.8060278605958047e-08,0.015
-4.006715774536133,4.695609092712402,-4.006715774536133,4.695609092712402,-3.98160457611084,4.7003679275512695,-2.165343992999169e-08,1.7333322333001888e-08,0.0151
-4.006557941436768,4.695479393005371,-4.006557941436768,4.695479393005371,-3.981261730194092,4.700221061706543,-5.752248810608762e-08,3.292573325097692e-08,0.015200000000000002
-4.006396770477295,4.695220947265625,-4.006396770477295,4.695220947265625,-3.9809157848358154,4.700072765350342,-6.766028803895097e-08,4.7586034668256616e-08,0.015300000000000001
-4.006117820739746,4.694954872131348,-4.006117820739746,4.694954872131348,-3.9805681705474854,4.699922561645508,-8.566710363311358e-08,5.4128665993857794e-08,0.0154
-4.005848407745361,4.694690704345703,-4.005848407745361,4.694690704345703,-3.9802181720733643,4.699770450592041,-5.961484816907614e-08,5.266961977667961e-08,0.0155
-4.0056071281433105,4.694447994232178,-4.0056071281433105,4.694447994232178,-3.979865550994873,4.699617385864258,-8.154368913437793e-08,6.325419832364787e-08,0.015600000000000001
-4.005435943603516,4.694091320037842,-4.005435943603516,4.694091320037842,-3.9795100688934326,4.699462890625,-8.206183821357627e-08,8.269422835383011e-08,0.015700000000000002
-4.005205154418945,4.693839073181152,-4.005205154418945,4.693839073181152,-3.979151964187622,4.699306964874268,-6.991152190494176e-08,5.933684121828264e-08,0.0158
-4.004780292510986,4.693686485290527,-4.004780292510986,4.693686485290527,-3.978792667388916,4.699148178100586,-5.321141927083772e-08,6.209897662756703e-08,0.0159
-4.004670143127441,4.693264007568359,-4.004670143127441,4.693264007568359,-3.9784297943115234,4.698988437652588,-5.990455065330025e-08,6.44606856781138e-08,0.016
-4.004507064819336,4.6930084228515625,-4.004507064819336,4.6930084228515625,-3.9780633449554443,4.698826789855957,-7.31567126877053e-08,7.02964584320398e-08,0.0161
-4.004378795623779,4.692817687988281,-4.004378795623779,4.692817687988281,-3.977693796157837,4.698662757873535,-7.465398255135369e-08,6.388023621184402e-08,0.0162
-4.0040364265441895,4.692695617675781,-4.0040364265441895,4.692695617675781,-3.9773221015930176,4.698495864868164,-8.01158890340048e-08,7.194084616912733e-08,0.016300000000000002
-4.0037431716918945,4.69234037399292,-4.0037431716918945,4.69234037399292,-3.9769482612609863,4.698327541351318,-7.750028885311622e-08,3.10067562736549e-08,0.0164
-4.003573894500732,4.691770553588867,-4.003573894500732,4.691770553588867,-3.9765706062316895,4.6981587409973145,-6.012564313095936e-08,2.504772744771344e-08,0.0165
-4.003359794616699,4.691653728485107,-4.003359794616699,4.691653728485107,-3.9761903285980225,4.6979875564575195,-3.899282319252961e-08,2.398606646636381e-08,0.0166
-4.003224849700928,4.691224575042725,-4.003224849700928,4.691224575042725,-3.975806474685669,4.697815418243408,-2.2698598556303295e-08,2.1117189774599865e-08,0.0167
-4.00297212600708,4.690979957580566,-4.00297212600708,4.690979957580566,-3.975419521331787,4.697640419006348,-1.4593215524882908e-08,1.6711590333784443e-08,0.016800000000000002
-4.002732276916504,4.690550327301025,-4.002732276916504,4.690550327301025,-3.975029706954956,4.697464466094971,-6.696438958897488e-09,1.252051973210655e-08,0.016900000000000002
-4.002655982971191,4.6902289390563965,-4.002655982971191,4.6902289390563965,-3.974635362625122,4.697287082672119,-8.797767847568139e-09,1.1875678218586927e-08,0.017
-4.002518653869629,4.689709663391113,-4.002518653869629,4.689709663391113,-3.9742376804351807,4.697109222412109,-7.105648958116717e-09,9.73760982958538e-09,0.0171
-4.002216815948486,4.689401149749756,-4.002216815948486,4.689401149749756,-3.973836898803711,4.696929454803467,-1.2514909997207724e-08,1.3455720093702439e-08,0.0172
-4.001950263977051,4.6892619132995605,-4.001950263977051,4.6892619132995605,-3.973433494567871,4.696745872497559,-9.575377823978215e-09,1.0937366567986828e-08,0.0173
-4.001936912536621,4.689033508300781,-4.001936912536621,4.689033508300781,-3.973024845123291,4.696559429168701,-1.3495217388026504e-08,1.5583461632218132e-08,0.017400000000000002
-4.001842498779297,4.688756942749023,-4.001842498779297,4.688756942749023,-3.9726123809814453,4.696372032165527,-2.145804778308502e-08,1.840772156924686e-08,0.0175
-4.001655578613281,4.688631534576416,-4.001655578613281,4.688631534576416,-3.972196340560913,4.69618034362793,-2.2194827309363063e-08,1.460443588285898e-08,0.0176
-4.001577377319336,4.688189506530762,-4.001577377319336,4.688189506530762,-3.971775531768799,4.695987224578857,-1.7809741237329035e-08,1.3418158140154901e-08,0.0177
-4.001380920410156,4.687774181365967,-4.001380920410156,4.687774181365967,-3.971351385116577,4.6957926750183105,-1.2061600607182754e-08,1.5168204470228375e-08,0.0178
-4.001335620880127,4.687480926513672,-4.001335620880127,4.687480926513672,-3.9709224700927734,4.695596218109131,-8.32603497258333e-09,6.8944512321422735e-09,0.017900000000000003
-4.001173496246338,4.68712043762207,-4.001173496246338,4.68712043762207,-3.970489501953125,4.69539737701416,-9.558140057208675e-09,9.222092423044614e-09,0.018
-4.0011467933654785,4.6866841316223145,-4.0011467933654785,4.6866841316223145,-3.9700517654418945,4.695197105407715,-8.52643289306343e-09,6.044045708364365e-09,0.0181
-4.001101970672607,4.686464309692383,-4.001101970672607,4.686464309692383,-3.9696085453033447,4.694993019104004,-9.658899458031556e-09,7.355860809354908e-09,0.0182
-4.001143932342529,4.686222553253174,-4.001143932342529,4.686222553253174,-3.9691598415374756,4.694786071777344,-9.508736020791275e-09,8.698493481062997e-09,0.0183
-4.001006603240967,4.685895919799805,-4.001006603240967,4.685895919799805,-3.9687066078186035,4.694576263427734,-8.560621544972946e-09,7.894485065662593e-09,0.018400000000000003
-4.000948905944824,4.685548305511475,-4.000948905944824,4.685548305511475,-3.9682486057281494,4.694364547729492,-1.1257914600548702e-08,1.1439643898825125e-08,0.0185
-4.001143932342529,4.6852240562438965,-4.001143932342529,4.6852240562438965,-3.9677839279174805,4.694150447845459,-1.4472941956000795e-08,1.7025220344635272e-08,0.018600000000000002
-4.000949382781982,4.684797763824463,-4.000949382781982,4.684797763824463,-3.9673149585723877,4.693933963775635,-1.5779438200524964e-08,1.7592553192002924e-08,0.018699999999999998
-4.000852584838867,4.684341907501221,-4.000852584838867,4.684341907501221,-3.966841220855713,4.693716049194336,-1.8413507163472786e-08,1.9730702405240663e-08,0.0188
-4.000690937042236,4.684186935424805,-4.000690937042236,4.684186935424805,-3.966362953186035,4.69349479675293,-1.7698846832558957e-08,1.995349840910876e-08,0.018900000000000004
-4.00053071975708,4.683955192565918,-4.00053071975708,4.683955192565918,-3.9658801555633545,4.6932692527771,-2.808435084489247e-08,3.0319366572939543e-08,0.019
-4.000296115875244,4.683667182922363,-4.000296115875244,4.683667182922363,-3.965393543243408,4.6930413246154785,-4.307499779088175e-08,3.5339990489546835e-08,0.019100000000000002
-4.000277996063232,4.683263301849365,-4.000277996063232,4.683263301849365,-3.9649014472961426,4.692811012268066,-7.573645177672006e-08,4.948456222564346e-08,0.019200000000000002
-4.000314712524414,4.682766437530518,-4.000314712524414,4.682766437530518,-3.9644031524658203,4.6925787925720215,-4.647632323440121e-08,4.731936442681217e-08,0.0193
-4.00013542175293,4.682530879974365,-4.00013542175293,4.682530879974365,-3.963900327682495,4.692342758178711,-5.578901252079049e-08,6.813834829699772e-08,0.0194
-4.000246047973633,4.681982517242432,-4.000246047973633,4.681982517242432,-3.963390827178955,4.692105293273926,-3.940733606100366e-08,4.402448894325062e-08,0.0195
-4.000114917755127,4.681623935699463,-4.000114917755127,4.681623935699463,-3.962876319885254,4.691864967346191,-3.703684825495657e-08,4.5069633358707506e-08,0.019600000000000003
-3.9999890327453613,4.681230068206787,-3.9999890327453613,4.681230068206787,-3.9623568058013916,4.691621780395508,-3.828537131767007e-08,2.7635950416993182e-08,0.019700000000000002
-3.9998810291290283,4.680926322937012,-3.9998810291290283,4.680926322937012,-3.96183180809021,4.691375255584717,-4.514001616939822e-08,4.134277276079956e-08,0.0198
-3.9998433589935303,4.680428981781006,-3.9998433589935303,4.680428981781006,-3.961301326751709,4.691127300262451,-5.297207650301061e-08,6.515540462714853e-08,0.0199
-3.9999918937683105,4.680061340332031,-3.9999918937683105,4.680061340332031,-3.9607632160186768,4.690876007080078,-4.210100712498388e-08,7.409174429540144e-08,0.02
-4.000016212463379,4.6798176765441895,-4.000016212463379,4.6798176765441895,-3.960219144821167,4.6906208992004395,-4.423764821126497e-08,3.715101115631114e-08,0.0201
-3.999986410140991,4.679433345794678,-3.999986410140991,4.679433345794678,-3.959669351577759,4.690362930297852,-4.104310491470642e-08,4.039845080683335e-08,0.020200000000000003
-4.00009298324585,4.679015636444092,-4.00009298324585,4.679015636444092,-3.9591124057769775,4.6901021003723145,-5.37636992703483e-08,5.09184445718347e-08,0.020300000000000002
-4.000007152557373,4.678861141204834,-4.000007152557373,4.678861141204834,-3.958549737930298,4.689836502075195,-3.845095974952528e-08,6.224257731446414e-08,0.0204
-3.999774694442749,4.6785712242126465,-3.999774694442749,4.6785712242126465,-3.957981824874878,4.6895670890808105,-3.8918088307582366e-08,3.838187367932733e-08,0.0205
-3.999882221221924,4.678027153015137,-3.999882221221924,4.678027153015137,-3.957407236099243,4.689295291900635,-6.013677733562872e-08,5.337747666089854e-08,0.0206
-4.000022888183594,4.677746295928955,-4.000022888183594,4.677746295928955,-3.956825017929077,4.689020156860352,-2.5965414707229684e-08,2.2856740500287742e-08,0.020700000000000003
-3.9999845027923584,4.677353858947754,-3.9999845027923584,4.677353858947754,-3.9562366008758545,4.688741207122803,-2.31988970256225e-08,2.949666821905339e-08,0.0208
-3.9998579025268555,4.676925182342529,-3.9998579025268555,4.676925182342529,-3.9556422233581543,4.6884589195251465,-1.8722968064821544e-08,1.3995082426276895e-08,0.020900000000000002
-3.9998064041137695,4.676382064819336,-3.9998064041137695,4.676382064819336,-3.9550418853759766,4.688174247741699,-1.6864559526652556e-08,1.2835566387536801e-08,0.021
-3.9997572898864746,4.67606782913208,-3.9997572898864746,4.67606782913208,-3.954435110092163,4.687885761260986,-1.572112928727165e-08,1.189942189228077e-08,0.0211
-3.9995827674865723,4.67586612701416,-3.9995827674865723,4.67586612701416,-3.953822612762451,4.687592506408691,-1.8395768464074536e-08,1.945783445478355e-08,0.021200000000000004
-3.9994049072265625,4.675421237945557,-3.9994049072265625,4.675421237945557,-3.953204393386841,4.687296390533447,-2.0696132807529466e-08,2.2473413352486205e-08,0.0213
-3.999340057373047,4.6750946044921875,-3.999340057373047,4.6750946044921875,-3.952579975128174,4.686995983123779,-1.89516953241764e-08,2.1490771828780453e-08,0.021400000000000002
-3.999002695083618,4.674572944641113,-3.999002695083618,4.674572944641113,-3.951951026916504,4.686692237854004,-1.9237736736954503e-08,2.1043170761458896e-08,0.0215
-3.9986953735351562,4.673980712890625,-3.9986953735351562,4.673980712890625,-3.951317071914673,4.686386585235596,-2.2059555959685895e-08,2.4143893995187682e-08,0.0216
-3.998255729675293,4.673461437225342,-3.998255729675293,4.673461437225342,-3.950679302215576,4.68607759475708,-1.505833147064095e-08,1.3920642416564988e-08,0.021700000000000004
-3.9979989528656006,4.672866344451904,-3.9979989528656006,4.672866344451904,-3.950035810470581,4.685766696929932,-8.291362263435076e-09,8.150978558774113e-09,0.0218
-3.9979424476623535,4.672436237335205,-3.9979424476623535,4.672436237335205,-3.949385643005371,4.685451984405518,-8.64599858374504e-09,8.93776963550863e-09,0.021900000000000003
-3.9980318546295166,4.672296524047852,-3.9980318546295166,4.672296524047852,-3.948728084564209,4.685131549835205,-3.6724586038872076e-08,4.284667554088628e-08,0.022
-3.9976558685302734,4.671903133392334,-3.9976558685302734,4.671903133392334,-3.948065757751465,4.684806823730469,-6.148729880806059e-08,6.684766162834421e-08,0.0221
-3.99759840965271,4.671607494354248,-3.99759840965271,4.671607494354248,-3.9473962783813477,4.684477806091309,-9.009114876334934e-08,5.983369533169025e-08,0.022200000000000004
-3.997349977493286,4.671217441558838,-3.997349977493286,4.671217441558838,-3.946721076965332,4.684144973754883,-6.024081500299872e-08,5.473849284953758e-08,0.0223
-3.99680495262146,4.67065954208374,-3.99680495262146,4.67065954208374,-3.946042060852051,4.683808326721191,-5.5119603104003545e-08,5.3843468350578405e-08,0.022400000000000003
-3.9964394569396973,4.669934272766113,-3.9964394569396973,4.669934272766113,-3.9453585147857666,4.683469772338867,-4.7115637613615036e-08,4.8561165755245383e-08,0.0225
-3.996239185333252,4.669693946838379,-3.996239185333252,4.669693946838379,-3.9446682929992676,4.6831254959106445,-4.044363066668666e-08,3.6338466458119e-08,0.022600000000000002
-3.995976209640503,4.669248104095459,-3.995976209640503,4.669248104095459,-3.943972587585449,4.682777404785156,-5.3065189575818295e-08,5.753736687097444e-08,0.0227
-3.995624542236328,4.668708324432373,-3.995624542236328,4.668708324432373,-3.9432713985443115,4.6824259757995605,-4.0972775394720884e-08,4.40687344394064e-08,0.0228
-3.995133399963379,4.668218612670898,-3.995133399963379,4.668218612670898,-3.942566156387329,4.682070255279541,-4.311987567007236e-08,4.413283249959932e-08,0.022900000000000004
-3.9948956966400146,4.667834758758545,-3.9948956966400146,4.667834758758545,-3.9418551921844482,4.681710243225098,-5.204564956784452e-08,5.6340976328783654e-08,0.023
-3.9944562911987305,4.667145729064941,-3.9944562911987305,4.667145729064941,-3.941138744354248,4.681347370147705,-4.07257019219287e-08,3.8562905757544286e-08,0.023100000000000002
-3.9942476749420166,4.666764259338379,-3.9942476749420166,4.666764259338379,-3.9404163360595703,4.680980205535889,-3.019492922362588e-08,3.1062370453582844e-08,0.023200000000000002
-3.9941632747650146,4.666318893432617,-3.9941632747650146,4.666318893432617,-3.9396870136260986,4.68060827255249,-2.065702453535323e-08,1.8817958746808472e-08,0.0233
-3.9938971996307373,4.665711879730225,-3.9938971996307373,4.665711879730225,-3.938951015472412,4.680233478546143,-1.533343407800203e-08,1.5408131659455648e-08,0.0234
-3.9934985637664795,4.665546417236328,-3.9934985637664795,4.665546417236328,-3.9382097721099854,4.679851531982422,-1.4670966663743457e-08,1.3091849382362852e-08,0.0235
-3.9929168224334717,4.665117263793945,-3.9929168224334717,4.665117263793945,-3.9374639987945557,4.679465293884277,-2.200267346097462e-08,2.122907538648633e-08,0.023600000000000003
-3.9922730922698975,4.6644487380981445,-3.9922730922698975,4.6644487380981445,-3.9367144107818604,4.679075717926025,-1.4346275278853682e-08,1.5510504880467124e-08,0.023700000000000002
-3.991682767868042,4.663846015930176,-3.991682767868042,4.663846015930176,-3.935960531234741,4.67868185043335,-1.7327799639588193e-08,1.6750005826793313e-08,0.0238
-3.991060733795166,4.66317081451416,-3.991060733795166,4.66317081451416,-3.9352023601531982,4.678284168243408,-1.4414774263116215e-08,1.804199278865326e-08,0.0239
-3.9906606674194336,4.662634372711182,-3.9906606674194336,4.662634372711182,-3.934438467025757,4.677882671356201,-8.927840688954802e-09,9.647930454548259e-09,0.024
-3.99031138420105,4.662398338317871,-3.99031138420105,4.662398338317871,-3.933668851852417,4.6774749755859375,-9.961865110597046e-09,7.612488417407803e-09,0.0241
-3.9898266792297363,4.661928653717041,-3.9898266792297363,4.661928653717041,-3.932893991470337,4.677062511444092,-1.2077258304543648e-08,9.927208388660347e-09,0.024200000000000003
-3.989445209503174,4.6614766120910645,-3.989445209503174,4.6614766120910645,-3.9321131706237793,4.676644802093506,-2.0914770360036528e-08,1.9547035989830874e-08,0.024300000000000002
-3.988595962524414,4.660741806030273,-3.988595962524414,4.660741806030273,-3.9313292503356934,4.6762237548828125,-2.4440844015316543e-08,2.2946631261788752e-08,0.0244
-3.9880270957946777,4.660137176513672,-3.9880270957946777,4.660137176513672,-3.9305408000946045,4.675798416137695,-3.1227163077574005e-08,3.645457979928324e-08,0.0245
-3.9872934818267822,4.659693717956543,-3.9872934818267822,4.659693717956543,-3.929748296737671,4.675368309020996,-3.8271497970754353e-08,3.8698267701420264e-08,0.0246
-3.98671293258667,4.65922212600708,-3.98671293258667,4.65922212600708,-3.928950786590576,4.674932479858398,-2.435949397749937e-08,2.248702024587601e-08,0.024700000000000003
-3.986053943634033,4.658679485321045,-3.986053943634033,4.658679485321045,-3.9281492233276367,4.674492359161377,-2.017844913382305e-08,2.7025858884144327e-08,0.0248
-3.9853768348693848,4.658113479614258,-3.9853768348693848,4.658113479614258,-3.927342653274536,4.674047470092773,-1.680708550111376e-08,2.2666972299134613e-08,0.024900000000000002
-3.9847514629364014,4.657481670379639,-3.9847514629364014,4.657481670379639,-3.9265315532684326,4.673597812652588,-1.9971668763218986e-08,3.210787369312129e-08,0.025
-3.9840617179870605,4.65708065032959,-3.9840617179870605,4.65708065032959,-3.9257161617279053,4.673142433166504,-3.185257568816269e-08,3.1024693925019164e-08,0.0251
-3.98343825340271,4.65641450881958,-3.98343825340271,4.65641450881958,-3.924895763397217,4.672682285308838,-3.1625411622826505e-08,2.70909197297442e-08,0.025200000000000004
-3.9825339317321777,4.65586519241333,-3.9825339317321777,4.65586519241333,-3.924072504043579,4.672217845916748,-2.898634932080313e-08,2.35999859654612e-08,0.0253
-3.9817235469818115,4.655472278594971,-3.9817235469818115,4.655472278594971,-3.9232449531555176,4.671747207641602,-3.06076195499827e-08,2.257933751081964e-08,0.025400000000000002
-3.9809539318084717,4.654789447784424,-3.9809539318084717,4.654789447784424,-3.9224133491516113,4.671271800994873,-2.7448571415789047e-08,1.780754033120502e-08,0.0255
-3.98014760017395,4.654139995574951,-3.98014760017395,4.654139995574951,-3.9215774536132812,4.6707916259765625,-2.1738664202075597e-08,1.8520646349884373e-08,0.0256
-3.979086399078369,4.653576374053955,-3.979086399078369,4.653576374053955,-3.9207394123077393,4.67030668258667,-1.011681494134109e-08,1.2530951387645928e-08,0.025700000000000004
-3.9778504371643066,4.652845859527588,-3.9778504371643066,4.652845859527588,-3.9198999404907227,4.669816970825195,-1.4134735160098444e-08,1.782610681289043e-08,0.0258
-3.976994752883911,4.65211296081543,-3.976994752883911,4.65211296081543,-3.9190568923950195,4.669322967529297,-2.0041058590436478e-08,3.3461716952842835e-08,0.025900000000000003
-3.9760146141052246,4.651393413543701,-3.9760146141052246,4.651393413543701,-3.918210029602051,4.668823719024658,-1.4143673787714306e-08,2.304828861099395e-08,0.026
-3.975130081176758,4.650919437408447,-3.975130081176758,4.650919437408447,-3.9173600673675537,4.668319225311279,-1.9162271769346262e-08,3.0393966454766996e-08,0.0261
-3.9743399620056152,4.65018367767334,-3.9743399620056152,4.65018367767334,-3.916505813598633,4.667809963226318,-2.1488277823777935e-08,3.1587319426762406e-08,0.026200000000000005
-3.9735236167907715,4.649675369262695,-3.9735236167907715,4.649675369262695,-3.91564679145813,4.667294502258301,-2.4390850228428462e-08,4.427375444038262e-08,0.0263
-3.9726099967956543,4.64907693862915,-3.9726099967956543,4.64907693862915,-3.9147844314575195,4.666773796081543,-2.4951184229848877e-08,3.865493880539361e-08,0.026400000000000003
-3.9714620113372803,4.64859676361084,-3.9714620113372803,4.64859676361084,-3.913919448852539,4.66624641418457,-2.806898002916114e-08,3.899691947140127e-08,0.0265
-3.9707510471343994,4.647950649261475,-3.9707510471343994,4.647950649261475,-3.9130494594573975,4.665714263916016,-2.61404711210389e-08,3.810422910532907e-08,0.026600000000000002
-3.969733715057373,4.647335529327393,-3.969733715057373,4.647335529327393,-3.9121761322021484,4.665175914764404,-2.2869654614510182e-08,3.307798834839559e-08,0.0267
-3.968635082244873,4.646614074707031,-3.968635082244873,4.646614074707031,-3.911299467086792,4.664632320404053,-2.4560170786003255e-08,3.2728962651162874e-08,0.0268
-3.9676809310913086,4.645699501037598,-3.9676809310913086,4.645699501037598,-3.910418748855591,4.664084434509277,-2.4738236348298415e-08,3.159827244303415e-08,0.026900000000000004
-3.9666316509246826,4.645376205444336,-3.9666316509246826,4.645376205444336,-3.9095351696014404,4.663529396057129,-2.2003995070463134e-08,2.2817804534724928e-08,0.027
-3.9654183387756348,4.644550323486328,-3.9654183387756348,4.644550323486328,-3.90864896774292,4.66296911239624,-2.0127810529402268e-08,2.232735063500968e-08,0.027100000000000003
-3.9643681049346924,4.643858909606934,-3.9643681049346924,4.643858909606934,-3.90775990486145,4.662403583526611,-2.723463055076536e-08,3.5410039345151745e-08,0.027200000000000002
-3.9634227752685547,4.643551826477051,-3.9634227752685547,4.643551826477051,-3.9068665504455566,4.661830425262451,-2.755862027470357e-08,3.692373340413724e-08,0.0273
-3.9622409343719482,4.642675399780273,-3.9622409343719482,4.642675399780273,-3.9059700965881348,4.661252021789551,-2.511958108186718e-08,3.6011499560117954e-08,0.0274
-3.961177110671997,4.641972541809082,-3.961177110671997,4.641972541809082,-3.9050703048706055,4.660667896270752,-2.1263916849534326e-08,3.0519260008077254e-08,0.0275
-3.959923267364502,4.640991687774658,-3.959923267364502,4.640991687774658,-3.9041686058044434,4.6600799560546875,-4.803076691928254e-08,4.546639686964227e-08,0.027600000000000003
-3.9588379859924316,4.640093803405762,-3.9588379859924316,4.640093803405762,-3.903263568878174,4.659487247467041,-6.63014887436475e-08,5.594975505118782e-08,0.027700000000000002
-3.957520008087158,4.639444828033447,-3.957520008087158,4.639444828033447,-3.902355909347534,4.658888339996338,-3.622541910885957e-08,2.8818192276958143e-08,0.027800000000000002
-3.9561924934387207,4.638733863830566,-3.9561924934387207,4.638733863830566,-3.9014461040496826,4.658283710479736,-2.673997201441125e-08,2.3862657627660155e-08,0.0279
-3.954984664916992,4.638031959533691,-3.954984664916992,4.638031959533691,-3.900533676147461,4.657672882080078,-3.7910119488060445e-08,2.9593010708595102e-08,0.028
-3.9538915157318115,4.637424468994141,-3.9538915157318115,4.637424468994141,-3.8996176719665527,4.657055377960205,-4.334687275786564e-08,2.8629854043060732e-08,0.0281
-3.9531545639038086,4.636687755584717,-3.9531545639038086,4.636687755584717,-3.898695707321167,4.656430721282959,-4.1364419445244494e-08,2.677608001988574e-08,0.028200000000000003
-3.952364683151245,4.635970115661621,-3.952364683151245,4.635970115661621,-3.897768259048462,4.6558003425598145,-3.82326099668262e-08,2.164378543056955e-08,0.028300000000000002
-3.9514074325561523,4.635287284851074,-3.9514074325561523,4.635287284851074,-3.8968355655670166,4.655163288116455,-4.768009631561654e-08,3.169985873796577e-08,0.0284
-3.950711965560913,4.634186744689941,-3.950711965560913,4.634186744689941,-3.8958981037139893,4.654522895812988,-4.0228350428606063e-08,2.817642830166278e-08,0.0285
-3.949718952178955,4.633447170257568,-3.949718952178955,4.633447170257568,-3.8949551582336426,4.65387487411499,-3.778257706699151e-08,4.221763560963154e-08,0.0286
-3.9484331607818604,4.632596492767334,-3.9484331607818604,4.632596492767334,-3.8940093517303467,4.653221130371094,-3.922673030842816e-08,5.2978698761307896e-08,0.028700000000000003
-3.947171449661255,4.631791591644287,-3.947171449661255,4.631791591644287,-3.8930611610412598,4.652562618255615,-4.813964693539674e-08,6.14298656387291e-08,0.0288
-3.9460151195526123,4.631067276000977,-3.9460151195526123,4.631067276000977,-3.892108917236328,4.651896953582764,-3.8298420435012304e-08,5.751801168685233e-08,0.028900000000000002
-3.9450607299804688,4.630120754241943,-3.9450607299804688,4.630120754241943,-3.8911519050598145,4.651226043701172,-4.002087550247779e-08,3.971628714793951e-08,0.029
-3.944309949874878,4.629251480102539,-3.944309949874878,4.629251480102539,-3.890188694000244,4.650548934936523,-5.6314082286235134e-08,5.0229949977165234e-08,0.0291
-3.9436025619506836,4.628149032592773,-3.9436025619506836,4.628149032592773,-3.889218807220459,4.649867534637451,-7.483431119226225e-08,8.90638105488506e-08,0.029200000000000004
-3.94309139251709,4.627455711364746,-3.94309139251709,4.627455711364746,-3.8882415294647217,4.649178504943848,-9.600511674534573e-08,8.629925218883727e-08,0.0293
-3.9422690868377686,4.626555442810059,-3.9422690868377686,4.626555442810059,-3.8872580528259277,4.648483753204346,-1.2559793560740218e-07,1.1660737442298341e-07,0.029400000000000003
-3.941542148590088,4.62548303604126,-3.941542148590088,4.62548303604126,-3.886268377304077,4.647783279418945,-1.1249452569472851e-07,9.218470609084761e-08,0.0295
-3.940439224243164,4.624906539916992,-3.940439224243164,4.624906539916992,-3.8852739334106445,4.6470746994018555,-8.880157054136362e-08,7.656063871763763e-08,0.0296
-3.939227342605591,4.623880863189697,-3.939227342605591,4.623880863189697,-3.8842759132385254,4.646361351013184,-7.507238564130603e-08,5.3616709294601606e-08,0.029700000000000004
-3.9382073879241943,4.6230669021606445,-3.9382073879241943,4.6230669021606445,-3.883272886276245,4.645641326904297,-5.341638953382244e-08,4.182271950980976e-08,0.0298
-3.9370460510253906,4.622199058532715,-3.9370460510253906,4.622199058532715,-3.882265567779541,4.644914150238037,-3.7003683672764964e-08,2.76896834350282e-08,0.029900000000000003
-3.9364728927612305,4.621388912200928,-3.9364728927612305,4.621388912200928,-3.8812503814697266,4.6441802978515625,-1.131810556387336e-08,1.6260052859706775e-08,0.03
-3.935861587524414,4.620162487030029,-3.935861587524414,4.620162487030029,-3.880227565765381,4.643441677093506,-1.9328270539631376e-08,1.809895167070863e-08,0.030100000000000002
-3.9353511333465576,4.619309425354004,-3.9353511333465576,4.619309425354004,-3.879197120666504,4.642696380615234,-9.465411565656723e-09,1.0045336118480463e-08,0.0302
-3.934609889984131,4.618312835693359,-3.934609889984131,4.618312835693359,-3.878159761428833,4.641944408416748,-1.0613962153627199e-08,1.6884966314023586e-08,0.0303
-3.933924436569214,4.617424011230469,-3.933924436569214,4.617424011230469,-3.877115249633789,4.641186237335205,-3.7853105538943055e-08,4.483981896896694e-08,0.030400000000000003
-3.9329614639282227,4.616464614868164,-3.9329614639282227,4.616464614868164,-3.8760650157928467,4.640421390533447,-3.076275945090856e-08,3.678173499110926e-08,0.0305
-3.9320883750915527,4.615728378295898,-3.9320883750915527,4.615728378295898,-3.8750081062316895,4.6396484375,-1.960409434786925e-08,2.2355678197527595e-08,0.030600000000000002
-3.9315195083618164,4.614744186401367,-3.9315195083618164,4.614744186401367,-3.873943328857422,4.638869285583496,-1.8705931026374856e-08,1.6411778602787308e-08,0.0307
-3.9311702251434326,4.613824844360352,-3.9311702251434326,4.613824844360352,-3.8728692531585693,4.638083457946777,-3.199428988409636e-08,3.2135819338918736e-08,0.0308
-3.9309616088867188,4.6126017570495605,-3.9309616088867188,4.6126017570495605,-3.8717851638793945,4.63729190826416,-2.4174369173124433e-08,2.72689870683962e-08,0.030900000000000004
-3.9306552410125732,4.611647605895996,-3.9306552410125732,4.611647605895996,-3.8706912994384766,4.636492729187012,-3.2630595114824246e-08,3.004771542691742e-08,0.031
-3.9302561283111572,4.610393524169922,-3.9302561283111572,4.610393524169922,-3.8695883750915527,4.635688304901123,-1.7491849746420485e-08,1.8763993026027492e-08,0.031100000000000003
-3.9299211502075195,4.609421730041504,-3.9299211502075195,4.609421730041504,-3.8684756755828857,4.6348772048950195,-2.1321222121173378e-08,1.8127835232917278e-08,0.031200000000000002
-3.9294004440307617,4.6082892417907715,-3.9294004440307617,4.6082892417907715,-3.86735463142395,4.634059906005859,-9.271648337971783e-09,7.1066761364591e-09,0.0313
-3.9286091327667236,4.607550621032715,-3.9286091327667236,4.607550621032715,-3.8662261962890625,4.63323450088501,-4.458805324958348e-09,6.1303699894210695e-09,0.031400000000000004
-3.927821636199951,4.606683731079102,-3.927821636199951,4.606683731079102,-3.8650901317596436,4.632400989532471,-5.581292317202724e-09,7.505565946530623e-09,0.0315
-3.9270009994506836,4.605934143066406,-3.9270009994506836,4.605934143066406,-3.8639471530914307,4.631559371948242,-4.65327421039774e-09,5.851465534334466e-09,0.0316
-3.926321506500244,4.604964256286621,-3.926321506500244,4.604964256286621,-3.8627960681915283,4.630710601806641,-8.461851663810194e-09,6.965943377679196e-09,0.031700000000000006
-3.9262030124664307,4.603814125061035,-3.9262030124664307,4.603814125061035,-3.8616342544555664,4.629855632781982,-1.3016756561512466e-08,1.0668211203324063e-08,0.0318
-3.926023483276367,4.602639198303223,-3.926023483276367,4.602639198303223,-3.8604612350463867,4.628993988037109,-9.858981186994242e-09,8.359910097510692e-09,0.031900000000000005
-3.9262261390686035,4.601320743560791,-3.9262261390686035,4.601320743560791,-3.8592755794525146,4.6281256675720215,-6.982046940606779e-09,8.047037702851867e-09,0.032
-3.9260451793670654,4.600239276885986,-3.9260451793670654,4.600239276885986,-3.858078956604004,4.627250671386719,-3.145385463199091e-08,2.6161478317021647e-08,0.032100000000000004
-3.925539255142212,4.59903621673584,-3.925539255142212,4.59903621673584,-3.856872797012329,4.626369476318359,-3.5733176417807044e-08,2.89274986187138e-08,0.0322
-3.9249539375305176,4.598125457763672,-3.9249539375305176,4.598125457763672,-3.8556580543518066,4.6254801750183105,-5.657733481712057e-08,4.8006825181801105e-08,0.0323
-3.9242396354675293,4.597201347351074,-3.9242396354675293,4.597201347351074,-3.8544349670410156,4.624582767486572,-9.469140138662624e-08,8.177556765076588e-08,0.0324
-3.923733711242676,4.596086025238037,-3.923733711242676,4.596086025238037,-3.8532023429870605,4.623678207397461,-9.683722623776703e-08,8.017489250278231e-08,0.0325
-3.9238548278808594,4.594666004180908,-3.9238548278808594,4.594666004180908,-3.851956367492676,4.622767448425293,-1.0644753700717047e-07,9.290410218909528e-08,0.032600000000000004
-3.924110174179077,4.593671798706055,-3.924110174179077,4.593671798706055,-3.8506970405578613,4.6218485832214355,-1.0330408883874043e-07,8.988892830075201e-08,0.0327
-3.924532651901245,4.592414379119873,-3.924532651901245,4.592414379119873,-3.84942364692688,4.6209235191345215,-8.827672814959442e-08,7.69562618074815e-08,0.0328
-3.924734592437744,4.591408729553223,-3.924734592437744,4.591408729553223,-3.848137140274048,4.619990348815918,-8.187317490637724e-08,7.23873299079969e-08,0.0329
-3.924421787261963,4.590432643890381,-3.924421787261963,4.590432643890381,-3.846839666366577,4.619049072265625,-5.7508611206458227e-08,4.5465547771073034e-08,0.033
-3.924246311187744,4.589260578155518,-3.924246311187744,4.589260578155518,-3.8455305099487305,4.618100166320801,-5.627358490301049e-08,4.660739705286687e-08,0.033100000000000004
-3.924466848373413,4.588015079498291,-3.924466848373413,4.588015079498291,-3.844208002090454,4.6171441078186035,-7.668196388976867e-08,5.885849319042791e-08,0.0332
-3.9249632358551025,4.586490631103516,-3.9249632358551025,4.586490631103516,-3.8428702354431152,4.616182327270508,-5.532492863835614e-08,4.9641339927575245e-08,0.0333
-3.9255058765411377,4.585078239440918,-3.9255058765411377,4.585078239440918,-3.841517210006714,4.6152143478393555,-3.650096402907366e-08,3.591595998386765e-08,0.0334
-3.925623655319214,4.58369255065918,-3.925623655319214,4.58369255065918,-3.840150833129883,4.614239692687988,-1.6506737310351127e-08,1.6439983596683305e-08,0.0335
-3.925318956375122,4.58246374130249,-3.925318956375122,4.58246374130249,-3.838773250579834,4.61325740814209,-1.033518959303592e-08,1.0033074815396503e-08,0.033600000000000005
-3.9246578216552734,4.581550598144531,-3.9246578216552734,4.581550598144531,-3.837386131286621,4.6122660636901855,-1.5486490312355272e-08,1.1599722071764518e-08,0.0337
-3.924140453338623,4.580469608306885,-3.924140453338623,4.580469608306885,-3.835988759994507,4.611266136169434,-1.1662864451977839e-08,1.2847174879482282e-08,0.033800000000000004
-3.9240732192993164,4.579528331756592,-3.9240732192993164,4.579528331756592,-3.8345789909362793,4.610257625579834,-1.2465795506955146e-08,1.3674028132015792e-08,0.0339
-3.9241607189178467,4.578171730041504,-3.9241607189178467,4.578171730041504,-3.8331551551818848,4.609241962432861,-1.329101095848273e-08,1.4298284334302025e-08,0.034
-3.924525260925293,4.577033519744873,-3.924525260925293,4.577033519744873,-3.831716775894165,4.608217716217041,-1.2451927489109949e-08,1.6373871147834507e-08,0.0341
-3.9246816635131836,4.575839996337891,-3.9246816635131836,4.575839996337891,-3.8302650451660156,4.6071858406066895,-2.0888185403578063e-08,1.865873855422251e-08,0.0342
-3.9246435165405273,4.574479103088379,-3.9246435165405273,4.574479103088379,-3.8288004398345947,4.606146812438965,-6.151267939458194e-08,2.7140806935221917e-08,0.034300000000000004
-3.9246559143066406,4.573360919952393,-3.9246559143066406,4.573360919952393,-3.827322483062744,4.605099201202393,-5.0905182291671736e-08,2.967955836652436e-08,0.0344
-3.9249565601348877,4.572063446044922,-3.9249565601348877,4.572063446044922,-3.8258299827575684,4.604043960571289,-6.923744422238087e-08,3.4869803045012304e-08,0.0345
-3.9251928329467773,4.570667743682861,-3.9251928329467773,4.570667743682861,-3.824321985244751,4.602980613708496,-9.970023739924727e-08,1.0756956925206396e-07,0.0346
-3.9253060817718506,4.569428443908691,-3.9253060817718506,4.569428443908691,-3.822800397872925,4.601909637451172,-1.0753087309467446e-07,7.536199575497449e-08,0.0347
-3.92549467086792,4.5679826736450195,-3.92549467086792,4.5679826736450195,-3.8212649822235107,4.600831508636475,-1.8879561025642033e-07,1.2788629533133644e-07,0.034800000000000005
-3.9255378246307373,4.566544532775879,-3.9255378246307373,4.566544532775879,-3.8197150230407715,4.599745273590088,-1.87294745046529e-07,1.292209645953335e-07,0.0349
-3.9254343509674072,4.565340042114258,-3.9254343509674072,4.565340042114258,-3.818152666091919,4.598650932312012,-1.6386037771098927e-07,8.65771525582204e-08,0.035
-3.9255776405334473,4.564006805419922,-3.9255776405334473,4.564006805419922,-3.816575765609741,4.597548484802246,-1.6395185298279102e-07,9.450279492284608e-08,0.0351
-3.9265332221984863,4.562351226806641,-3.9265332221984863,4.562351226806641,-3.8149807453155518,4.596439838409424,-2.1138042427537584e-07,1.2250784209300036e-07,0.0352
-3.9275081157684326,4.560694694519043,-3.9275081157684326,4.560694694519043,-3.8133673667907715,4.5953240394592285,-1.8738938933893223e-07,1.3213403349254804e-07,0.035300000000000005
-3.928030490875244,4.559203147888184,-3.928030490875244,4.559203147888184,-3.811737298965454,4.594200611114502,-1.5454854462859657e-07,9.960395885855178e-08,0.0354
-3.928022861480713,4.5577850341796875,-3.928022861480713,4.5577850341796875,-3.810093641281128,4.593069076538086,-1.5656767970995134e-07,1.2356342438124557e-07,0.0355
-3.9272122383117676,4.5567169189453125,-3.9272122383117676,4.5567169189453125,-3.8084402084350586,4.591928482055664,-8.929337980134733e-08,7.562578474562542e-08,0.0356
-3.9264590740203857,4.555747985839844,-3.9264590740203857,4.555747985839844,-3.8067758083343506,4.590777397155762,-6.168401256445577e-08,1.0083117985004719e-07,0.0357
-3.926025152206421,4.554718494415283,-3.926025152206421,4.554718494415283,-3.8050997257232666,4.589616298675537,-6.730652302167073e-08,1.0361144830994817e-07,0.035800000000000005
-3.92633056640625,4.5533599853515625,-3.92633056640625,4.5533599853515625,-3.803408145904541,4.588446617126465,-4.496870786852014e-08,7.667929935450957e-08,0.0359
-3.9274213314056396,4.55169153213501,-3.9274213314056396,4.55169153213501,-3.801697254180908,4.5872697830200195,-4.324833113855675e-08,9.895450148178497e-08,0.036
-3.9288880825042725,4.549818515777588,-3.9288880825042725,4.549818515777588,-3.7999656200408936,4.586087226867676,-7.38182350801253e-08,6.240961880621398e-08,0.0361
-3.9299023151397705,4.54785680770874,-3.9299023151397705,4.54785680770874,-3.7982144355773926,4.584898471832275,-6.215825010258413e-08,7.07185208170813e-08,0.0362
-3.930276393890381,4.5462822914123535,-3.930276393890381,4.5462822914123535,-3.796447277069092,4.5837016105651855,-4.6139597031924495e-08,9.444629256449844e-08,0.036300000000000006
-3.9302546977996826,4.544785499572754,-3.9302546977996826,4.544785499572754,-3.794665575027466,4.582496643066406,-4.9857469264225074e-08,1.1404497968214855e-07,0.0364
-3.930168628692627,4.5435309410095215,-3.930168628692627,4.5435309410095215,-3.792869806289673,4.581282138824463,-6.255507400965143e-08,1.1017964141046832e-07,0.0365
-3.930063247680664,4.542052268981934,-3.930063247680664,4.542052268981934,-3.79106068611145,4.580060005187988,-6.878761382722587e-08,1.1868684168803156e-07,0.0366
-3.9303324222564697,4.540392875671387,-3.9303324222564697,4.540392875671387,-3.7894375324249268,4.578830242156982,-7.14029368964475e-08,9.284988067292943e-08,0.0367
-3.930514097213745,4.5385308265686035,-3.930514097213745,4.5385308265686035,-3.801142692565918,4.577592849731445,-6.166907695615009e-08,1.0123336124934212e-07,0.036800000000000006
-3.930805206298828,4.536620140075684,-3.930805206298828,4.536620140075684,-3.8128652572631836,4.576349258422852,-7.215208341904145e-08,1.0500912139832508e-07,0.036899999999999995
-3.9308927059173584,4.534947395324707,-3.9308927059173584,4.534947395324707,-3.8246006965637207,4.575098037719727,-6.220401616019444e-08,8.873947621168554e-08,0.037
-3.931040048599243,4.5334858894348145,-3.931040048599243,4.5334858894348145,-3.8363535404205322,4.5738372802734375,-6.019935483436711e-08,6.083232051423693e-08,0.0371
-3.931320905685425,4.531797409057617,-3.931320905685425,4.531797409057617,-3.8481245040893555,4.572568893432617,-6.28806802183135e-08,3.888703759002965e-08,0.037200000000000004
-3.9318559169769287,4.529974460601807,-3.9318559169769287,4.529974460601807,-3.8599233627319336,4.571292877197266,-6.481852210526995e-08,3.5018636879158294e-08,0.03730000000000001
-3.9323277473449707,4.528313636779785,-3.9323277473449707,4.528313636779785,-3.8717474937438965,4.570009231567383,-7.001079893598217e-08,3.761104494515166e-08,0.037399999999999996
-3.9329843521118164,4.526220798492432,-3.9329843521118164,4.526220798492432,-3.8835926055908203,4.568719387054443,-8.188304434497695e-08,4.247969798143458e-08,0.0375
-3.9332213401794434,4.524288177490234,-3.9332213401794434,4.524288177490234,-3.895458936691284,4.567422866821289,-7.978547955644899e-08,4.5531802328468984e-08,0.0376
-3.9335787296295166,4.522556781768799,-3.9335787296295166,4.522556781768799,-3.907344341278076,4.566118240356445,-9.992544391934643e-08,5.0518309535618755e-08,0.037700000000000004
-3.933786630630493,4.520848274230957,-3.933786630630493,4.520848274230957,-3.919248580932617,4.564805030822754,-9.94543682963922e-08,5.598473151735561e-08,0.03780000000000001
-3.9339940547943115,4.518836498260498,-3.9339940547943115,4.518836498260498,-3.931168794631958,4.563485145568848,-9.262439704116332e-08,6.337580060744585e-08,0.037899999999999996
-3.934316635131836,4.516716957092285,-3.934316635131836,4.516716957092285,-3.9431095123291016,4.562158584594727,-8.156019504212964e-08,5.766353794456336e-08,0.038
-3.9346442222595215,4.514562606811523,-3.9346442222595215,4.514562606811523,-3.9550695419311523,4.560825824737549,-8.481605817678428e-08,7.92225947066072e-08,0.0381
-3.935030221939087,4.512678623199463,-3.935030221939087,4.512678623199463,-3.967048168182373,4.55948543548584,-9.731027006409931e-08,8.438068022087464e-08,0.038200000000000005
-3.935408353805542,4.510581016540527,-3.935408353805542,4.510581016540527,-3.979043483734131,4.558137893676758,-8.39088514226205e-08,7.380691613434465e-08,0.03830000000000001
-3.9354605674743652,4.508872985839844,-3.9354605674743652,4.508872985839844,-3.9910542964935303,4.556781768798828,-6.53545342288453e-08,6.480251357743327e-08,0.038400000000000004
-3.9355015754699707,4.507138252258301,-3.9355015754699707,4.507138252258301,-4.003078937530518,4.555417537689209,-6.651841744087506e-08,7.609658325691271e-08,0.0385
-3.9352529048919678,4.505093097686768,-3.9352529048919678,4.505093097686768,-4.015118598937988,4.554045677185059,-6.545184305650764e-08,6.415432096673612e-08,0.0386
-3.935382843017578,4.503194332122803,-3.935382843017578,4.503194332122803,-4.027169704437256,4.552665710449219,-8.49941130809384e-08,9.883567742008381e-08,0.038700000000000005
-3.935718297958374,4.500758171081543,-3.935718297958374,4.500758171081543,-4.039238452911377,4.551280975341797,-8.406581741837726e-08,1.0458325760964726e-07,0.0388
-3.936176300048828,4.498366832733154,-3.936176300048828,4.498366832733154,-4.051324367523193,4.54988956451416,-1.0365822333824326e-07,1.3506698337550915e-07,0.038900000000000004
-3.9367306232452393,4.495799541473389,-3.9367306232452393,4.495799541473389,-4.06342887878418,4.548493385314941,-1.0926434867997159e-07,1.2136335669765685e-07,0.039
-3.937187671661377,4.493635177612305,-3.937187671661377,4.493635177612305,-4.0755510330200195,4.547089576721191,-8.720835609210553e-08,9.747587625952292e-08,0.0391
-3.937385320663452,4.491322994232178,-3.937385320663452,4.491322994232178,-4.087687969207764,4.545680046081543,-7.840178284368449e-08,8.993283984182199e-08,0.039200000000000006
-3.937633752822876,4.489152908325195,-3.937633752822876,4.489152908325195,-4.099839210510254,4.5442633628845215,-4.9703061222317046e-08,5.2105345815789406e-08,0.0393
-3.937908172607422,4.487090110778809,-3.937908172607422,4.487090110778809,-4.11200475692749,4.542839050292969,-4.743704451470876e-08,4.560152788712912e-08,0.039400000000000004
-3.9380123615264893,4.484763145446777,-3.9380123615264893,4.484763145446777,-4.124185085296631,4.541408061981201,-4.6540836962094545e-08,4.03712441254811e-08,0.0395
-3.938277006149292,4.482839107513428,-3.938277006149292,4.482839107513428,-4.136375904083252,4.539968490600586,-3.764858291788187e-08,2.848348223949415e-08,0.0396
-3.9386913776397705,4.480665683746338,-3.9386913776397705,4.480665683746338,-4.148583889007568,4.538521766662598,-2.5826224714364798e-08,2.5615976895210224e-08,0.039700000000000006
-3.939223289489746,4.478341102600098,-3.939223289489746,4.478341102600098,-4.1608076095581055,4.537067890167236,-2.729502490694813e-08,2.8419135489343716e-08,0.0398
-3.939966917037964,4.475521087646484,-3.939966917037964,4.475521087646484,-4.173048973083496,4.535609245300293,-2.8284844688641897e-08,2.975970936347494e-08,0.039900000000000005
-3.940584659576416,4.472762107849121,-3.940584659576416,4.472762107849121,-4.185309410095215,4.534145832061768,-2.7200645291713954e-08,3.0124532202080445e-08,0.04
-3.941652297973633,4.469666004180908,-3.941652297973633,4.469666004180908,-4.197591781616211,4.532679080963135,-2.888448946691824e-08,4.178450652148058e-08,0.040100000000000004
-3.9425606727600098,4.466490745544434,-3.9425606727600098,4.466490745544434,-4.209895133972168,4.531208038330078,-2.5622645338785333e-08,4.255608487824247e-08,0.0402
-3.9430668354034424,4.464046001434326,-3.9430668354034424,4.464046001434326,-4.2222137451171875,4.529731273651123,-2.9328042217002803e-08,3.910091450620712e-08,0.0403
-3.9434218406677246,4.46152925491333,-3.9434218406677246,4.46152925491333,-4.234543800354004,4.528247833251953,-3.961357464277171e-08,3.981581286893743e-08,0.040400000000000005
-3.9435787200927734,4.459311485290527,-3.9435787200927734,4.459311485290527,-4.246882915496826,4.52675724029541,-4.4197285831160116e-08,3.080932131638292e-08,0.0405
-3.9440016746520996,4.456831932067871,-3.9440016746520996,4.456831932067871,-4.2592339515686035,4.525259494781494,-4.321730173728611e-08,2.779287733289948e-08,0.040600000000000004
-3.9448981285095215,4.4540114402771,-3.9448981285095215,4.4540114402771,-4.271597862243652,4.523756980895996,-4.2941348254998957e-08,2.4935136622161735e-08,0.0407
-3.945733070373535,4.4510016441345215,-3.945733070373535,4.4510016441345215,-4.283982753753662,4.522249698638916,-4.729724878416164e-08,2.6281709253339613e-08,0.0408
-3.947018623352051,4.447864055633545,-3.947018623352051,4.447864055633545,-4.29639196395874,4.520738124847412,-5.201538044730114e-08,2.7239137168066918e-08,0.040900000000000006
-3.9480559825897217,4.444328784942627,-3.9480559825897217,4.444328784942627,-4.308822154998779,4.519224643707275,-5.036348582621031e-08,2.958700306976425e-08,0.041
-3.9489426612854004,4.441292762756348,-3.9489426612854004,4.441292762756348,-4.3212666511535645,4.517705917358398,-5.56028751930171e-08,3.0520023841518196e-08,0.041100000000000005
-3.949380874633789,4.43821907043457,-3.949380874633789,4.43821907043457,-4.333723068237305,4.516183376312256,-5.258635837890324e-08,3.631006606497067e-08,0.0412
-3.950016736984253,4.435710430145264,-3.950016736984253,4.435710430145264,-4.346194267272949,4.51465368270874,-3.795205216761133e-08,3.2517039727508745e-08,0.0413
-3.95080828666687,4.432733535766602,-3.95080828666687,4.432733535766602,-4.358676433563232,4.513118743896484,-5.0827075881443307e-08,4.14591703190581e-08,0.041400000000000006
-3.9515271186828613,4.430174350738525,-3.9515271186828613,4.430174350738525,-4.371175289154053,4.511577129364014,-4.9546947877843195e-08,5.4155467665850665e-08,0.0415
-3.9521968364715576,4.4273810386657715,-3.9521968364715576,4.4273810386657715,-4.38369083404541,4.510029315948486,-4.301131895090293e-08,3.6626378374648993e-08,0.0416
-3.952625274658203,4.424448490142822,-3.952625274658203,4.424448490142822,-4.396218299865723,4.508476257324219,-4.5164295414679145e-08,4.1117068860785366e-08,0.0417
-3.9534854888916016,4.4215803146362305,-3.9534854888916016,4.4215803146362305,-4.408754348754883,4.506917953491211,-6.086114723302671e-08,7.617199315745893e-08,0.041800000000000004
-3.954211711883545,4.41813325881958,-3.954211711883545,4.41813325881958,-4.421303749084473,4.5053558349609375,-6.512066619279722e-08,7.666272949791164e-08,0.04190000000000001
-3.9552345275878906,4.414852619171143,-3.9552345275878906,4.414852619171143,-4.433865070343018,4.50378942489624,-8.1169226007205e-08,7.525002843067341e-08,0.042
-3.9560229778289795,4.411670207977295,-3.9560229778289795,4.411670207977295,-4.446442604064941,4.502218723297119,-5.741348729770834e-08,7.174266869469648e-08,0.0421
-3.956557273864746,4.408626079559326,-3.956557273864746,4.408626079559326,-4.459030628204346,4.500642776489258,-9.280728363592061e-08,4.8663018503702915e-08,0.0422
-3.956941604614258,4.405596733093262,-3.956941604614258,4.405596733093262,-4.471627235412598,4.499061584472656,-4.947095888496733e-08,4.2480763795538223e-08,0.042300000000000004
-3.9574460983276367,4.402824401855469,-3.9574460983276367,4.402824401855469,-4.484226703643799,4.497474193572998,-4.891312954669047e-08,4.1303906073153485e-08,0.04240000000000001
-3.957921028137207,4.399565696716309,-3.957921028137207,4.399565696716309,-4.496832370758057,4.495882034301758,-4.6131361841617036e-08,3.5314396740204756e-08,0.0425
-3.9588093757629395,4.3965840339660645,-3.9588093757629395,4.3965840339660645,-4.50944709777832,4.494284152984619,-4.229021399737576e-08,3.0317082178044075e-08,0.0426
-3.9596784114837646,4.393173694610596,-3.9596784114837646,4.393173694610596,-4.522078514099121,4.492682456970215,-3.503553713812835e-08,3.35563576925324e-08,0.0427
-3.960381269454956,4.389984607696533,-3.960381269454956,4.389984607696533,-4.534722805023193,4.49107551574707,-3.819293326046136e-08,4.0609915430422916e-08,0.042800000000000005
-3.96111798286438,4.386960029602051,-3.96111798286438,4.386960029602051,-4.547379493713379,4.489462375640869,-4.5970505624381985e-08,5.409430059444276e-08,0.04290000000000001
-3.961864709854126,4.3839640617370605,-3.961864709854126,4.3839640617370605,-4.560046672821045,4.487843036651611,-5.5202537652121464e-08,6.099366345324597e-08,0.043
-3.9628524780273438,4.380100727081299,-3.9628524780273438,4.380100727081299,-4.572726249694824,4.4862213134765625,-4.8502307947728696e-08,4.733936265211014e-08,0.0431
-3.964320659637451,4.37581205368042,-3.964320659637451,4.37581205368042,-4.585421085357666,4.484599590301514,-5.26284793522791e-08,5.528240620833458e-08,0.0432
-3.9662280082702637,4.3712873458862305,-3.9662280082702637,4.3712873458862305,-4.598137855529785,4.482977867126465,-4.4757456407751306e-08,3.9874851864851735e-08,0.043300000000000005
-3.967757225036621,4.366974353790283,-3.967757225036621,4.366974353790283,-4.610875129699707,4.481354713439941,-5.923603296764668e-08,4.414011556264086e-08,0.04340000000000001
-3.9685726165771484,4.363320827484131,-3.9685726165771484,4.363320827484131,-4.623623371124268,4.4797282218933105,-3.8782324907060683e-08,2.847267133176956e-08,0.0435
-3.9684581756591797,4.360535621643066,-3.9684581756591797,4.360535621643066,-4.636371612548828,4.478095054626465,-5.130246094608992e-08,3.613646981648344e-08,0.0436
-3.9680373668670654,4.35859489440918,-3.9680373668670654,4.35859489440918,-4.64911413192749,4.476451396942139,-6.955585263312969e-08,5.993389606828714e-08,0.0437
-3.9676554203033447,4.356461524963379,-3.9676554203033447,4.356461524963379,-4.661848068237305,4.47479772567749,-9.624999819379809e-08,8.960215325259924e-08,0.043800000000000006
-3.967782735824585,4.3533124923706055,-3.967782735824585,4.3533124923706055,-4.674583911895752,4.473138332366943,-1.0985687026732194e-07,1.2151117800840439e-07,0.04390000000000001
-3.968921661376953,4.349269866943359,-3.968921661376953,4.349269866943359,-4.687334060668945,4.4714765548706055,-8.71312550998482e-08,9.666666045404781e-08,0.044
-3.970400094985962,4.344363689422607,-3.970400094985962,4.344363689422607,-4.700103759765625,4.469815731048584,-5.079108689187706e-08,4.7859678886652546e-08,0.0441
-3.971653461456299,4.339542388916016,-3.971653461456299,4.339542388916016,-4.712893486022949,4.468155860900879,-3.778739099402628e-08,2.7280110614924524e-08,0.0442
-3.9726691246032715,4.335455894470215,-3.9726691246032715,4.335455894470215,-4.725690841674805,4.466493606567383,-2.8729482792755334e-08,2.3529873161010073e-08,0.044300000000000006
-3.973329782485962,4.331745147705078,-3.973329782485962,4.331745147705078,-4.738493919372559,4.464827537536621,-3.304894136135772e-08,3.263565417910286e-08,0.04440000000000001
-3.9736618995666504,4.328262805938721,-3.9736618995666504,4.328262805938721,-4.7512993812561035,4.463156700134277,-2.4332155845741e-08,2.4468510773090202e-08,0.0445
-3.974036455154419,4.324650764465332,-3.974036455154419,4.324650764465332,-4.76411247253418,4.46148157119751,-3.160110395583615e-08,2.749891159226081e-08,0.0446
-3.9745378494262695,4.32098913192749,-3.9745378494262695,4.32098913192749,-4.7769341468811035,4.459802627563477,-3.090886480094923e-08,3.154170258312661e-08,0.044700000000000004
-3.975097894668579,4.316971778869629,-3.975097894668579,4.316971778869629,-4.789764881134033,4.458120346069336,-3.702470152688875e-08,4.3289727358342134e-08,0.044800000000000006
-3.9759833812713623,4.312774658203125,-3.9759833812713623,4.312774658203125,-4.80260705947876,4.4564361572265625,-3.472386111980086e-08,4.1215226787016945e-08,0.0449
-3.9765419960021973,4.308689594268799,-3.9765419960021973,4.308689594268799,-4.815456390380859,4.45474910736084,-3.507379986444903e-08,3.3651506470278036e-08,0.045
-3.9774818420410156,4.304139614105225,-3.9774818420410156,4.304139614105225,-4.828311920166016,4.453061103820801,-2.17518021372598e-08,2.1348713019619936e-08,0.0451
-3.9785099029541016,4.299156188964844,-3.9785099029541016,4.299156188964844,-4.8411784172058105,4.45137357711792,-2.0268924316724224e-08,1.9198166612000023e-08,0.045200000000000004
-3.9793591499328613,4.295196533203125,-3.9793591499328613,4.295196533203125,-4.854054927825928,4.449682235717773,-2.0943385692362426e-08,2.0139607315172725e-08,0.04530000000000001
-3.979776620864868,4.2916178703308105,-3.979776620864868,4.2916178703308105,-4.866939067840576,4.447987079620361,-2.434536305884194e-08,2.373744933947819e-08,0.0454
-3.9795339107513428,4.288601398468018,-3.9795339107513428,4.288601398468018,-4.879820823669434,4.44628381729126,-3.289891736812933e-08,2.898195994305297e-08,0.0455
-3.9792468547821045,4.285689353942871,-3.9792468547821045,4.285689353942871,-4.892702102661133,4.444573402404785,-4.526468089238733e-08,3.588327146530901e-08,0.0456
-3.9789841175079346,4.283156394958496,-3.9789841175079346,4.283156394958496,-4.905579566955566,4.442853927612305,-5.372546141302337e-08,4.686046395363519e-08,0.045700000000000005
-3.9790544509887695,4.278946399688721,-3.9790544509887695,4.278946399688721,-4.918460369110107,4.441132068634033,-4.559511523893889e-08,4.50002204388511e-08,0.04580000000000001
-3.980046272277832,4.2739973068237305,-3.980046272277832,4.2739973068237305,-4.931351661682129,4.4394097328186035,-4.796948616103691e-08,5.624223575750875e-08,0.0459
-3.980808734893799,4.26908016204834,-3.980808734893799,4.26908016204834,-4.944253444671631,4.437687397003174,-4.7115996437696595e-08,5.6781750856771396e-08,0.046
-3.9813549518585205,4.264699935913086,-3.9813549518585205,4.264699935913086,-4.957162857055664,4.435963153839111,-6.094616367136041e-08,6.118986561887141e-08,0.0461
-3.981382369995117,4.261207580566406,-3.981382369995117,4.261207580566406,-4.9700727462768555,4.43423318862915,-6.202822078194004e-08,7.284495495696319e-08,0.046200000000000005
-3.981198787689209,4.258504867553711,-3.981198787689209,4.258504867553711,-4.982981204986572,4.432494163513184,-5.509148692794952e-08,7.079982111690697e-08,0.0463
-3.9808576107025146,4.255618095397949,-3.9808576107025146,4.255618095397949,-4.995889663696289,4.4307475090026855,-5.185965434861828e-08,7.188825890125372e-08,0.046400000000000004
-3.9809694290161133,4.2519121170043945,-3.9809694290161133,4.2519121170043945,-5.008797645568848,4.428995609283447,-5.337879827038705e-08,6.878943281662941e-08,0.0465
-3.981369972229004,4.24764347076416,-3.981369972229004,4.24764347076416,-5.021711826324463,4.427241325378418,-5.387804336010049e-08,7.047204775290083e-08,0.0466
-3.9817020893096924,4.24308967590332,-3.9817020893096924,4.24308967590332,-5.034633636474609,4.425484657287598,-5.647133605179988e-08,6.83285108493692e-08,0.046700000000000005
-3.981783151626587,4.238916397094727,-3.981783151626587,4.238916397094727,-5.047555923461914,4.42372465133667,-4.921183460737666e-08,6.16024280475358e-08,0.0468
-3.9818429946899414,4.2351155281066895,-3.9818429946899414,4.2351155281066895,-5.060476779937744,4.42195987701416,-4.604642711569795e-08,6.416152587007673e-08,0.046900000000000004
-3.9817113876342773,4.231727123260498,-3.9817113876342773,4.231727123260498,-5.073396682739258,4.4201884269714355,-4.309155343662496e-08,6.006906261291078e-08,0.047
-3.9817118644714355,4.2281975746154785,-3.9817118644714355,4.2281975746154785,-5.086321830749512,4.4184112548828125,-5.128824653866104e-08,6.566047261458152e-08,0.0471
-3.9820377826690674,4.224140644073486,-3.9820377826690674,4.224140644073486,-5.099257469177246,4.416630268096924,-5.46437703974334e-08,6.49227516191786e-08,0.047200000000000006
-3.98266339302063,4.219884395599365,-3.98266339302063,4.219884395599365,-5.112198352813721,4.414845943450928,-4.654604168763399e-08,6.707890776169734e-08,0.0473
-3.9826316833496094,4.215742111206055,-3.9826316833496094,4.215742111206055,-5.125141620635986,4.413057804107666,-4.797266939249312e-08,7.016114267344165e-08,0.047400000000000005
-3.982243299484253,4.2127909660339355,-3.982243299484253,4.2127909660339355,-5.138078689575195,4.411261558532715,-5.686673532068198e-08,6.584033229728448e-08,0.0475
-3.9814658164978027,4.209681034088135,-3.9814658164978027,4.209681034088135,-5.151004314422607,4.409457206726074,-4.68478091875113e-08,4.7725567497991506e-08,0.0476
-3.9808030128479004,4.206899166107178,-3.9808030128479004,4.206899166107178,-5.163925647735596,4.407643795013428,-5.4464241117102574e-08,4.378889784106832e-08,0.047700000000000006
-3.9807677268981934,4.203364849090576,-3.9807677268981934,4.203364849090576,-5.176849842071533,4.405824184417725,-4.253079666227677e-08,3.830544414995529e-08,0.0478
-3.9811904430389404,4.199036121368408,-3.9811904430389404,4.199036121368408,-5.189781665802002,4.404001235961914,-4.499622008324877e-08,5.131745339781446e-08,0.047900000000000005
-3.9817914962768555,4.193846702575684,-3.9817914962768555,4.193846702575684,-5.202716827392578,4.402177810668945,-3.758323074976033e-08,4.029429945262564e-08,0.048
-3.9820780754089355,4.189354419708252,-3.9820780754089355,4.189354419708252,-5.215654373168945,4.4003520011901855,-3.7034066480146066e-08,4.167439016100616e-08,0.048100000000000004
-3.9818904399871826,4.1862030029296875,-3.9818904399871826,4.1862030029296875,-5.228586196899414,4.3985185623168945,-3.131312098503258e-08,4.5122920511175835e-08,0.0482
-3.9811954498291016,4.183141231536865,-3.9811954498291016,4.183141231536865,-5.241507530212402,4.396676540374756,-3.7229671789873464e-08,5.3948880918142095e-08,0.0483
-3.98046875,4.180150985717773,-3.98046875,4.180150985717773,-5.254422187805176,4.3948259353637695,-3.2087104528955024e-08,4.343102233406171e-08,0.048400000000000006
-3.979905605316162,4.1770148277282715,-3.979905605316162,4.1770148277282715,-5.267336845397949,4.392967700958252,-3.078648092014191e-08,3.990069430415133e-08,0.0485
-3.979904890060425,4.172739505767822,-3.979904890060425,4.172739505767822,-5.28025484085083,4.3911051750183105,-3.7574487521396804e-08,3.98702653114924e-08,0.048600000000000004
-3.980539083480835,4.168185710906982,-3.980539083480835,4.168185710906982,-5.293176651000977,4.38923978805542,-4.993357904936602e-08,3.1673511813323785e-08,0.0487
-3.980630397796631,4.163577556610107,-3.980630397796631,4.163577556610107,-5.30609655380249,4.387371063232422,-3.616855437371669e-08,2.551555589036525e-08,0.0488
-3.9807488918304443,4.1598005294799805,-3.9807488918304443,4.1598005294799805,-5.31901741027832,4.385497093200684,-4.047698354270324e-08,2.9363395270820547e-08,0.048900000000000006
-3.9802985191345215,4.156375408172607,-3.9802985191345215,4.156375408172607,-5.331933975219727,4.383615493774414,-3.590877639680912e-08,3.106444523837126e-08,0.049
-3.97965669631958,4.153358459472656,-3.97965669631958,4.153358459472656,-5.344845771789551,4.381725788116455,-3.436521112121227e-08,2.99232034706165e-08,0.049100000000000005
-3.979274272918701,4.149893760681152,-3.979274272918701,4.149893760681152,-5.357759475708008,4.379828453063965,-2.7987034911802766e-08,1.945967298411233e-08,0.0492
-3.979248046875,4.14601993560791,-3.979248046875,4.14601993560791,-5.370672225952148,4.377925872802734,-3.664572290063006e-08,2.028830259348524e-08,0.049300000000000004
-3.979365348815918,4.141433238983154,-3.979365348815918,4.141433238983154,-5.383581638336182,4.3760199546813965,-3.129636994003704e-08,2.0764048258570256e-08,0.049400000000000006
-3.979452133178711,4.137663841247559,-3.979452133178711,4.137663841247559,-5.396486759185791,4.374107837677002,-3.541786952609982e-08,2.117795538936207e-08,0.0495
-3.979003667831421,4.134307861328125,-3.979003667831421,4.134307861328125,-5.409384727478027,4.372188568115234,-2.7108180589152653e-08,2.1810578232361877e-08,0.0496
-3.9783124923706055,4.130979537963867,-3.9783124923706055,4.130979537963867,-5.422274112701416,4.370261192321777,-2.4752422334017865e-08,1.8351437702790463e-08,0.0497
-3.9777474403381348,4.128027439117432,-3.9777474403381348,4.128027439117432,-5.435157775878906,4.368324279785156,-2.2417314227141105e-08,1.5852169354957368e-08,0.049800000000000004
-3.9772419929504395,4.124515533447266,-3.9772419929504395,4.124515533447266,-5.448032379150391,4.36638069152832,-1.685427264419559e-08,1.314395259299772e-08,0.04990000000000001
-3.9771485328674316,4.120054721832275,-3.9771485328674316,4.120054721832275,-5.460901737213135,4.3644328117370605,-1.5458871516216277e-08,1.3104037854816397e-08,0.05
-3.977085828781128,4.116117000579834,-3.977085828781128,4.116117000579834,-5.47376823425293,4.362479209899902,-1.3364688022932114e-08,1.2886937739153836e-08,0.0501
-3.9771268367767334,4.11179256439209,-3.9771268367767334,4.11179256439209,-5.486631393432617,4.36052131652832,-1.4296229089438839e-08,1.4124828418005109e-08,0.0502
-3.97723388671875,4.10776948928833,-3.97723388671875,4.10776948928833,-5.499492645263672,4.35855770111084,-1.73185981111601e-08,1.6363538080099715e-08,0.050300000000000004
-3.97721791267395,4.103105068206787,-3.97721791267395,4.103105068206787,-5.512349605560303,4.356590747833252,-1.64788556133999e-08,1.6050613282914128e-08,0.05040000000000001
-3.9773707389831543,4.098791599273682,-3.9773707389831543,4.098791599273682,-5.52520751953125,4.35461950302124,-2.256435926994982e-08,2.4371802354039573e-08,0.0505
-3.977527618408203,4.094200134277344,-3.977527618408203,4.094200134277344,-5.538058280944824,4.352644443511963,-2.076711425047506e-08,2.4478095994595606e-08,0.0506
-3.977626323699951,4.089828014373779,-3.977626323699951,4.089828014373779,-5.550904750823975,4.350665092468262,-2.420334510588873e-08,2.205331917082276e-08,0.0507
-3.9775078296661377,4.0860443115234375,-3.9775078296661377,4.0860443115234375,-5.563741683959961,4.348679065704346,-2.2836891488964284e-08,2.3247835656547977e-08,0.050800000000000005
-3.9765872955322266,4.082993030548096,-3.9765872955322266,4.082993030548096,-5.576573371887207,4.346683979034424,-2.123099562822972e-08,2.0997866556626832e-08,0.05090000000000001
-3.9755663871765137,4.080338478088379,-3.9755663871765137,4.080338478088379,-5.589389801025391,4.344677925109863,-2.0624163710181165e-08,1.8765534903764092e-08,0.051
-3.974271059036255,4.077579498291016,-3.974271059036255,4.077579498291016,-5.602195739746094,4.342662334442139,-2.0778266218712815e-08,1.8711771687662804e-08,0.0511
-3.973546266555786,4.074028968811035,-3.973546266555786,4.074028968811035,-5.614988803863525,4.340639114379883,-2.0607336281841526e-08,1.633693180735918e-08,0.0512
-3.972896099090576,4.070257186889648,-3.972896099090576,4.070257186889648,-5.627772331237793,4.338609218597412,-1.943043947960632e-08,1.622751533147948e-08,0.051300000000000005
-3.972651720046997,4.06654691696167,-3.972651720046997,4.06654691696167,-5.640545845031738,4.33657169342041,-2.1430610175343645e-08,1.6556716886384493e-08,0.05140000000000001
-3.971982955932617,4.063087463378906,-3.971982955932617,4.063087463378906,-5.653310775756836,4.334526538848877,-2.4807421894479376e-08,1.957397266494354e-08,0.0515
-3.97143816947937,4.05954647064209,-3.97143816947937,4.05954647064209,-5.666069030761719,4.332474231719971,-2.2124748255691884e-08,1.901285173744327e-08,0.0516
-3.970618724822998,4.056748867034912,-3.970618724822998,4.056748867034912,-5.678815841674805,4.330410957336426,-2.2420003631395957e-08,1.962109585917915e-08,0.0517
-3.9701106548309326,4.053624629974365,-3.9701106548309326,4.053624629974365,-5.6915507316589355,4.328339099884033,-2.438751423028407e-08,2.07010035779831e-08,0.051800000000000006
-3.9697153568267822,4.0496368408203125,-3.9697153568267822,4.0496368408203125,-5.704276084899902,4.326261043548584,-2.3758722988986847e-08,1.9573182186150007e-08,0.05190000000000001
-3.969939947128296,4.044850826263428,-3.969939947128296,4.044850826263428,-5.7169952392578125,4.324178695678711,-1.9808917173236296e-08,1.7849957956173057e-08,0.052
-3.970442533493042,4.039453506469727,-3.970442533493042,4.039453506469727,-5.729709625244141,4.322094917297363,-2.3179303809683915e-08,2.2862954196511964e-08,0.0521
-3.9707531929016113,4.034720420837402,-3.9707531929016113,4.034720420837402,-5.742417812347412,4.32000732421875,-2.2066455329650125e-08,1.97481835328972e-08,0.0522
-3.970682144165039,4.03029203414917,-3.970682144165039,4.03029203414917,-5.755115985870361,4.317915439605713,-2.2133175292538e-08,1.7548144271017918e-08,0.052300000000000006
-3.9696242809295654,4.027026176452637,-3.9696242809295654,4.027026176452637,-5.76780366897583,4.315814971923828,-2.3417634054112568e-08,1.921467429610857e-08,0.05240000000000001
-3.9684383869171143,4.024243354797363,-3.9684383869171143,4.024243354797363,-5.7804765701293945,4.313703536987305,-1.757559076054349e-08,1.3577397872666097e-08,0.0525
-3.967320680618286,4.021661758422852,-3.967320680618286,4.021661758422852,-5.793132781982422,4.311581611633301,-1.5122200380801587e-08,1.452947095970103e-08,0.0526
-3.9665088653564453,4.018610954284668,-3.9665088653564453,4.018610954284668,-5.8057756423950195,4.309449672698975,-1.7174912159134692e-08,1.2205373600693292e-08,0.052700000000000004
-3.966413736343384,4.014715671539307,-3.966413736343384,4.014715671539307,-5.818408012390137,4.307311058044434,-1.6738336938715292e-08,1.2414936634286278e-08,0.05280000000000001
-3.96637225151062,4.010387420654297,-3.96637225151062,4.010387420654297,-5.83103084564209,4.305167198181152,-1.7765602322583618e-08,1.1909836672430174e-08,0.0529
-3.966367721557617,4.005748748779297,-3.966367721557617,4.005748748779297,-5.84364128112793,4.303019046783447,-2.2974044000534377e-08,1.5295629651745912e-08,0.053
-3.966190814971924,4.002094268798828,-3.966190814971924,4.002094268798828,-5.856235980987549,4.300863265991211,-2.106270535762178e-08,1.898202128813864e-08,0.0531
-3.965776205062866,3.9981842041015625,-3.965776205062866,3.9981842041015625,-5.86881685256958,4.298700332641602,-2.1450128784294975e-08,2.0705964942635546e-08,0.053200000000000004
-3.9650301933288574,3.9945268630981445,-3.9650301933288574,3.9945268630981445,-5.881383895874023,4.296530246734619,-2.214101968434079e-08,1.8634500165148893e-08,0.05330000000000001
-3.9643495082855225,3.9914207458496094,-3.9643495082855225,3.9914207458496094,-5.893938064575195,4.294350624084473,-1.9457548461332408e-08,1.8862220230175808e-08,0.0534
-3.9630818367004395,3.9889824390411377,-3.9630818367004395,3.9889824390411377,-5.906478404998779,4.292159080505371,-2.7942679281522942e-08,2.5152692373353602e-08,0.0535
-3.9616873264312744,3.9866836071014404,-3.9616873264312744,3.9866836071014404,-5.919002532958984,4.289955139160156,-3.0445296061998306e-08,2.828231515650259e-08,0.0536
-3.9604129791259766,3.9845452308654785,-3.9604129791259766,3.9845452308654785,-5.931502342224121,4.287738800048828,-2.6880044856625318e-08,3.0027944575294896e-08,0.053700000000000005
-3.9591567516326904,3.981621742248535,-3.9591567516326904,3.981621742248535,-5.943982124328613,4.2855119705200195,-3.2737847988073554e-08,2.7592017559641135e-08,0.05380000000000001
-3.958472490310669,3.9781031608581543,-3.958472490310669,3.9781031608581543,-5.95644474029541,4.283276557922363,-3.044496565962618e-08,3.0655741056762054e-08,0.0539
-3.9584426879882812,3.973602771759033,-3.9584426879882812,3.973602771759033,-5.968894958496094,4.281036376953125,-3.267260950678974e-08,3.049610697303251e-08,0.054
-3.9583072662353516,3.9688560962677,-3.9583072662353516,3.9688560962677,-5.981338024139404,4.278791427612305,-4.1828918995179265e-08,3.587068064803134e-08,0.0541
-3.9583683013916016,3.964141845703125,-3.9583683013916016,3.964141845703125,-5.993771076202393,4.276542663574219,-4.5667761128243e-08,3.89836749548067e-08,0.054200000000000005
-3.9581894874572754,3.960275650024414,-3.9581894874572754,3.960275650024414,-6.006191253662109,4.274286270141602,-4.4840039237215024e-08,4.377743678674051e-08,0.0543
-3.9576826095581055,3.957214593887329,-3.9576826095581055,3.957214593887329,-6.018593788146973,4.27202033996582,-5.0224677750065894e-08,4.899304073546773e-08,0.054400000000000004
-3.9568912982940674,3.9542133808135986,-3.9568912982940674,3.9542133808135986,-6.030977249145508,4.269743919372559,-6.321923962104847e-08,6.104828287334385e-08,0.0545
-3.9558496475219727,3.951354503631592,-3.9558496475219727,3.951354503631592,-6.043342590332031,4.267457008361816,-8.837027110075724e-08,6.132957963700392e-08,0.0546
-3.9549076557159424,3.948201894760132,-3.9549076557159424,3.948201894760132,-6.055694103240967,4.26516056060791,-1.2229180867961986e-07,9.795757449637676e-08,0.054700000000000006
-3.9542839527130127,3.9452104568481445,-3.9542839527130127,3.9452104568481445,-6.068028926849365,4.26285457611084,-1.342350515187718e-07,1.1390113741072128e-07,0.0548
-3.9537205696105957,3.94118070602417,-3.9537205696105957,3.94118070602417,-6.080349922180176,4.2605414390563965,-1.770160622527328e-07,1.629135368830248e-07,0.054900000000000004
-3.9533045291900635,3.937105417251587,-3.9533045291900635,3.937105417251587,-6.092653751373291,4.258221626281738,-1.6957444870513427e-07,1.778811196118113e-07,0.055
-3.953080892562866,3.933155059814453,-3.953080892562866,3.933155059814453,-6.104940414428711,4.255894660949707,-1.6979510064629721e-07,1.812108934018397e-07,0.0551
-3.9528839588165283,3.9286680221557617,-3.9528839588165283,3.9286680221557617,-6.117212295532227,4.253562927246094,-1.680002696957672e-07,2.1820335405209335e-07,0.055200000000000006
-3.95259952545166,3.9245567321777344,-3.95259952545166,3.9245567321777344,-6.12946891784668,4.251223564147949,-2.2203659000297193e-07,2.556150775490096e-07,0.0553
-3.9521191120147705,3.9211912155151367,-3.9521191120147705,3.9211912155151367,-6.141709327697754,4.248875617980957,-1.8798363043970312e-07,2.407754209343693e-07,0.055400000000000005
-3.950834274291992,3.9189834594726562,-3.950834274291992,3.9189834594726562,-6.153928279876709,4.246514797210693,-1.708283150492207e-07,2.1253138982046949e-07,0.0555
-3.949554443359375,3.9168713092803955,-3.949554443359375,3.9168713092803955,-6.166126251220703,4.244141101837158,-1.5277996112672554e-07,1.7935516893885506e-07,0.055600000000000004
-3.9484777450561523,3.9143502712249756,-3.9484777450561523,3.9143502712249756,-6.178300857543945,4.241755962371826,-1.251607528729437e-07,1.6442972139429912e-07,0.0557
-3.9477474689483643,3.910726547241211,-3.9477474689483643,3.910726547241211,-6.190454483032227,4.239362716674805,-1.2983548458578298e-07,1.5407543685341807e-07,0.0558
-3.9475693702697754,3.906330108642578,-3.9475693702697754,3.906330108642578,-6.202591419219971,4.236963748931885,-1.22650718026307e-07,1.3913431473611126e-07,0.055900000000000005
-3.9475176334381104,3.901977062225342,-3.9475176334381104,3.901977062225342,-6.21471643447876,4.234559059143066,-1.4292687922079494e-07,1.5489615634578513e-07,0.056
-3.9468283653259277,3.898245334625244,-3.9468283653259277,3.898245334625244,-6.2268266677856445,4.232146739959717,-1.2943667115905555e-07,1.7881401959130017e-07,0.056100000000000004
-3.945765495300293,3.894745349884033,-3.945765495300293,3.894745349884033,-6.238918304443359,4.229725360870361,-1.478602484894509e-07,1.7880923053326114e-07,0.0562
-3.9443185329437256,3.8926892280578613,-3.9443185329437256,3.8926892280578613,-6.2509894371032715,4.227290630340576,-1.3791725450573722e-07,1.4755995891846396e-07,0.0563
-3.9429445266723633,3.890122175216675,-3.9429445266723633,3.890122175216675,-6.263035774230957,4.224844455718994,-1.1241765918157398e-07,1.1890065820807649e-07,0.056400000000000006
-3.942063331604004,3.8870537281036377,-3.942063331604004,3.8870537281036377,-6.2750630378723145,4.22238826751709,-1.022033302433556e-07,1.1715648184917882e-07,0.0565
-3.9417195320129395,3.8833959102630615,-3.9417195320129395,3.8833959102630615,-6.287071228027344,4.219923973083496,-1.0148434625989466e-07,1.144522698837136e-07,0.056600000000000004
-3.9414141178131104,3.8791375160217285,-3.9414141178131104,3.8791375160217285,-6.2990617752075195,4.2174530029296875,-9.942867507106712e-08,1.0217699752956833e-07,0.0567
-3.9407286643981934,3.8755228519439697,-3.9407286643981934,3.8755228519439697,-6.311029434204102,4.214974403381348,-8.504967752287484e-08,7.974423255063812e-08,0.0568
-3.9395599365234375,3.8726139068603516,-3.9395599365234375,3.8726139068603516,-6.3229756355285645,4.212484836578369,-9.280574175818401e-08,1.0260130522965483e-07,0.056900000000000006
-3.9383866786956787,3.8698694705963135,-3.9383866786956787,3.8698694705963135,-6.334894180297852,4.20998477935791,-8.748237689815141e-08,1.0730403943171041e-07,0.057
-3.9369802474975586,3.8669328689575195,-3.9369802474975586,3.8669328689575195,-6.346792697906494,4.2074737548828125,-6.690160603284312e-08,1.0554841622933964e-07,0.0571
-3.936133861541748,3.863938808441162,-3.936133861541748,3.863938808441162,-6.358670234680176,4.204952716827393,-6.636550864413948e-08,9.074064877268029e-08,0.0572
-3.935368061065674,3.860445261001587,-3.935368061065674,3.860445261001587,-6.37053108215332,4.202423095703125,-5.947203263190204e-08,9.267605349805308e-08,0.057300000000000004
-3.9347915649414062,3.8567986488342285,-3.9347915649414062,3.8567986488342285,-6.3823699951171875,4.19988489151001,-5.061448860033124e-08,9.347693463723772e-08,0.05740000000000001
-3.9337570667266846,3.8535802364349365,-3.9337570667266846,3.8535802364349365,-6.3941874504089355,4.1973371505737305,-5.174947403929764e-08,1.0770384051284054e-07,0.0575
-3.932839870452881,3.8507909774780273,-3.932839870452881,3.8507909774780273,-6.40598201751709,4.201420783996582,-5.994024121491748e-08,9.750184659651495e-08,0.0576
-3.9316771030426025,3.84751558303833,-3.9316771030426025,3.84751558303833,-6.41775369644165,4.208957195281982,-6.860422985255354e-08,9.996580985216497e-08,0.0577
-3.930795192718506,3.8441481590270996,-3.930795192718506,3.8441481590270996,-6.429504871368408,4.216482162475586,-7.383712841146917e-08,1.2431758023012662e-07,0.057800000000000004
-3.929842710494995,3.8405921459198,-3.929842710494995,3.8405921459198,-6.441235542297363,4.223999977111816,-6.569130306388615e-08,1.3457912473313627e-07,0.05790000000000001
-3.928823709487915,3.8367347717285156,-3.928823709487915,3.8367347717285156,-6.452946662902832,4.231505870819092,-8.078722402160565e-08,1.5309984746636474e-07,0.058
-3.9279847145080566,3.8332669734954834,-3.9279847145080566,3.8332669734954834,-6.464637279510498,4.239001274108887,-8.15659149111525e-08,1.3601776061022974e-07,0.0581
-3.927126884460449,3.829833507537842,-3.927126884460449,3.829833507537842,-6.476304054260254,4.246483325958252,-7.968689175186228e-08,1.3373488627621555e-07,0.0582
-3.926722288131714,3.826615810394287,-3.926722288131714,3.826615810394287,-6.487949371337891,4.253955841064453,-6.322031254057947e-08,1.0823661966696818e-07,0.058300000000000005
-3.9264144897460938,3.822683572769165,-3.9264144897460938,3.822683572769165,-6.499573707580566,4.261420249938965,-6.32706829151175e-08,1.0578846598718883e-07,0.05840000000000001
-3.9263713359832764,3.8179891109466553,-3.9263713359832764,3.8179891109466553,-6.511177062988281,4.268876075744629,-5.8014823167695795e-08,9.842165837881112e-08,0.0585
-3.9259231090545654,3.813541889190674,-3.9259231090545654,3.813541889190674,-6.522761821746826,4.276323318481445,-6.381605288652281e-08,9.633023267952012e-08,0.0586
-3.925039529800415,3.8092565536499023,-3.925039529800415,3.8092565536499023,-6.534323692321777,4.283761501312256,-6.097281612937877e-08,8.798436823553857e-08,0.0587
-3.9242660999298096,3.8059420585632324,-3.9242660999298096,3.8059420585632324,-6.54586124420166,4.291183948516846,-6.48454445695279e-08,8.71935981194838e-08,0.058800000000000005
-3.92311692237854,3.802304744720459,-3.92311692237854,3.802304744720459,-6.557375907897949,4.298595428466797,-6.208416181152643e-08,7.682802305453151e-08,0.05890000000000001
-3.922091245651245,3.7991299629211426,-3.922091245651245,3.7991299629211426,-6.568869113922119,4.305993556976318,-6.515491435266085e-08,7.300206306126711e-08,0.059
-3.9215006828308105,3.7955944538116455,-3.9215006828308105,3.7955944538116455,-6.580341815948486,4.313381195068359,-6.718850187326098e-08,7.8357622612657e-08,0.0591
-3.9210150241851807,3.7901995182037354,-3.9210150241851807,3.7901995182037354,-6.591792106628418,4.320757865905762,-5.2281521334407444e-08,4.201997327868412e-08,0.0592
-3.9203624725341797,3.786071538925171,-3.9203624725341797,3.786071538925171,-6.60321569442749,4.328120708465576,-5.63709825485148e-08,5.582412399007808e-08,0.059300000000000005
-3.919372081756592,3.7823946475982666,-3.919372081756592,3.7823946475982666,-6.61461067199707,4.33546781539917,-7.074449115407333e-08,5.1199059214468434e-08,0.05940000000000001
-3.9180874824523926,3.7795605659484863,-3.9180874824523926,3.7795605659484863,-6.625977516174316,4.342796802520752,-5.316963225254767e-08,5.079727571910553e-08,0.0595
-3.9166083335876465,3.777069330215454,-3.9166083335876465,3.777069330215454,-6.6373186111450195,4.350109100341797,-5.240855927013399e-08,5.7138681341939446e-08,0.0596
-3.915327310562134,3.7743592262268066,-3.915327310562134,3.7743592262268066,-6.648637771606445,4.3574090003967285,-6.264917118414814e-08,6.240174599270176e-08,0.0597
-3.914447069168091,3.76878023147583,-3.914447069168091,3.76878023147583,-6.659931182861328,4.3646955490112305,-6.335419300285139e-08,6.665301555131009e-08,0.059800000000000006
-3.9142022132873535,3.7626218795776367,-3.9142022132873535,3.7626218795776367,-6.671195983886719,4.371971607208252,-5.094187471854639e-08,6.356966508747064e-08,0.05990000000000001
-3.9148738384246826,3.7551920413970947,-3.9148738384246826,3.7551920413970947,-6.682428359985352,4.379232406616211,-5.723996210349469e-08,4.627225180797723e-08,0.06
-3.914623737335205,3.7519419193267822,-3.914623737335205,3.7519419193267822,-6.693633556365967,4.386484622955322,-5.7638199990606154e-08,5.881915754457623e-08,0.0601
-3.913663625717163,3.7471771240234375,-3.913663625717163,3.7471771240234375,-6.704811096191406,4.393726348876953,-4.911013107289364e-08,5.202619490773941e-08,0.060200000000000004
-3.912653923034668,3.7436251640319824,-3.912653923034668,3.7436251640319824,-6.715960502624512,4.400949478149414,-5.885686604756302e-08,4.1823529528528525e-08,0.060300000000000006
-3.9111716747283936,3.7405455112457275,-3.9111716747283936,3.7405455112457275,-6.727086544036865,4.4081597328186035,-5.4805799010182454e-08,4.429527322713511e-08,0.0604
-3.909769058227539,3.736682891845703,-3.909769058227539,3.736682891845703,-6.738189697265625,4.415356159210205,-5.89824900032454e-08,4.590621571765041e-08,0.0605
-3.9085092544555664,3.7333226203918457,-3.9085092544555664,3.7333226203918457,-6.749265670776367,4.4225358963012695,-4.281884002921288e-08,4.744583037563643e-08,0.0606
-3.907222032546997,3.729928493499756,-3.907222032546997,3.729928493499756,-6.760312080383301,4.429697513580322,-4.0626410680033587e-08,3.7119871620916456e-08,0.060700000000000004
-3.905940055847168,3.7255444526672363,-3.905940055847168,3.7255444526672363,-6.771332263946533,4.436842918395996,-4.0666016332124855e-08,4.1098083158885856e-08,0.06080000000000001
-3.9046318531036377,3.7213058471679688,-3.9046318531036377,3.7213058471679688,-6.782324314117432,4.443970680236816,-4.410656018194459e-08,5.150878479298626e-08,0.0609
-3.9036002159118652,3.7173566818237305,-3.9036002159118652,3.7173566818237305,-6.793290615081787,4.4510817527771,-4.6042007539881524e-08,4.9318327199898704e-08,0.061
-3.902763605117798,3.7130277156829834,-3.902763605117798,3.7130277156829834,-6.804229259490967,4.458176136016846,-4.8908464833630205e-08,4.8310266009821135e-08,0.0611
-3.9018821716308594,3.7085440158843994,-3.9018821716308594,3.7085440158843994,-6.815145492553711,4.4652557373046875,-5.455340001958575e-08,5.711035555577837e-08,0.061200000000000004
-3.9011499881744385,3.7047438621520996,-3.9011499881744385,3.7047438621520996,-6.826035499572754,4.472320556640625,-5.282063497702438e-08,4.902598504941125e-08,0.06130000000000001
-3.9002463817596436,3.700566053390503,-3.9002463817596436,3.700566053390503,-6.836895942687988,4.479366302490234,-5.2202285161229156e-08,5.6691771277428415e-08,0.0614
-3.8989205360412598,3.696601390838623,-3.8989205360412598,3.696601390838623,-6.847727298736572,4.486395359039307,-4.8641926042591876e-08,4.591991142888219e-08,0.0615
-3.897390842437744,3.6931896209716797,-3.897390842437744,3.6931896209716797,-6.858529090881348,4.493404388427734,-5.064839925239539e-08,5.5461342185481044e-08,0.0616
-3.8952925205230713,3.6901936531066895,-3.8952925205230713,3.6901936531066895,-6.869302749633789,4.50039529800415,-5.961474158766578e-08,6.152514941959453e-08,0.061700000000000005
-3.8935225009918213,3.686614990234375,-3.8935225009918213,3.686614990234375,-6.880049228668213,4.507367134094238,-6.716939537909639e-08,6.600514268484403e-08,0.06180000000000001
-3.892164707183838,3.682293653488159,-3.892164707183838,3.682293653488159,-6.890768051147461,4.514322757720947,-6.77769875778722e-08,5.738935726640193e-08,0.061900000000000004
-3.891507387161255,3.6769909858703613,-3.891507387161255,3.6769909858703613,-6.901460647583008,4.521260738372803,-6.161604915178032e-08,5.391317614567015e-08,0.062
-3.8912715911865234,3.6718480587005615,-3.8912715911865234,3.6718480587005615,-6.912126541137695,4.528182506561279,-5.899700639133698e-08,5.1780908449927665e-08,0.0621
-3.890868902206421,3.6659903526306152,-3.890868902206421,3.6659903526306152,-6.922765731811523,4.535088062286377,-5.87185446931926e-08,4.6718966473235923e-08,0.062200000000000005
-3.8898723125457764,3.6617636680603027,-3.8898723125457764,3.6617636680603027,-6.933376312255859,4.541976451873779,-5.4441404273575245e-08,4.316568791296049e-08,0.0623
-3.8880903720855713,3.658561944961548,-3.8880903720855713,3.658561944961548,-6.943959712982178,4.548844337463379,-6.540957997458463e-08,5.4342745414714955e-08,0.062400000000000004
-3.886171817779541,3.6553115844726562,-3.886171817779541,3.6553115844726562,-6.954510688781738,4.555689334869385,-7.152663528131598e-08,6.24724094677731e-08,0.0625
-3.884312868118286,3.6519408226013184,-3.884312868118286,3.6519408226013184,-6.965031147003174,4.562514305114746,-6.428354026866145e-08,4.9491497122744477e-08,0.0626
-3.883254289627075,3.646563768386841,-3.883254289627075,3.646563768386841,-6.97552490234375,4.5693230628967285,-7.142008229266139e-08,5.8372702227416084e-08,0.0627
-3.8826942443847656,3.641061305999756,-3.8826942443847656,3.641061305999756,-6.985991477966309,4.576114654541016,-6.618769532451552e-08,5.724580276478264e-08,0.06280000000000001
-3.8826889991760254,3.6349103450775146,-3.8826889991760254,3.6349103450775146,-6.996433734893799,4.582889556884766,-5.9222454495966304e-08,5.585078000081012e-08,0.06290000000000001
-3.881981372833252,3.629354238510132,-3.881981372833252,3.629354238510132,-7.006851673126221,4.5896501541137695,-5.5765074336022735e-08,5.506825573320384e-08,0.063
-3.881032943725586,3.624458074569702,-3.881032943725586,3.624458074569702,-7.01724100112915,4.596393585205078,-5.111759548981354e-08,5.2365809466436986e-08,0.0631
-3.8796536922454834,3.620349168777466,-3.8796536922454834,3.620349168777466,-7.02760124206543,4.603116989135742,-5.016512005795448e-08,5.808616165836611e-08,0.0632
-3.877668619155884,3.6158454418182373,-3.877668619155884,3.6158454418182373,-7.037929534912109,4.609818458557129,-4.8321432188913604e-08,6.06031704819543e-08,0.06330000000000001
-3.8754525184631348,3.611618757247925,-3.8754525184631348,3.611618757247925,-7.048222064971924,4.616495132446289,-5.8410495995531164e-08,7.162194748389084e-08,0.06340000000000001
-3.873398542404175,3.6074907779693604,-3.873398542404175,3.6074907779693604,-7.058484077453613,4.623149871826172,-5.3016847800790856e-08,6.64325057186943e-08,0.0635
-3.871122360229492,3.6039135456085205,-3.871122360229492,3.6039135456085205,-7.068711757659912,4.6297807693481445,-5.7570488820601895e-08,6.59978240946657e-08,0.0636
-3.869744300842285,3.5990679264068604,-3.869744300842285,3.5990679264068604,-7.078906536102295,4.636390209197998,-5.0468347723153784e-08,5.993841512008657e-08,0.0637
-3.8684334754943848,3.593926429748535,-3.8684334754943848,3.593926429748535,-7.089067459106445,4.642976760864258,-5.581958717471025e-08,6.079164904804202e-08,0.06380000000000001
-3.8673157691955566,3.5892624855041504,-3.8673157691955566,3.5892624855041504,-7.099196434020996,4.649543762207031,-4.873735193200446e-08,5.51564625084211e-08,0.06390000000000001
-3.8661599159240723,3.5842819213867188,-3.8661599159240723,3.5842819213867188,-7.109295845031738,4.6560893058776855,-5.3619761075651695e-08,5.500914923572964e-08,0.064
-3.864530324935913,3.5795137882232666,-3.864530324935913,3.5795137882232666,-7.11936092376709,4.66261100769043,-4.716227053336297e-08,5.238677047714191e-08,0.0641
-3.863415479660034,3.5747225284576416,-3.863415479660034,3.5747225284576416,-7.129398822784424,4.669112682342529,-4.877043835449513e-08,4.849312063015532e-08,0.06420000000000001
-3.8615455627441406,3.5703959465026855,-3.8615455627441406,3.5703959465026855,-7.139403343200684,4.675591945648193,-5.309896167204897e-08,4.757550797762633e-08,0.0643
-3.8597099781036377,3.5658347606658936,-3.8597099781036377,3.5658347606658936,-7.149374485015869,4.682048320770264,-3.784422730745973e-08,5.2073186651568903e-08,0.0644
-3.858147621154785,3.5608181953430176,-3.858147621154785,3.5608181953430176,-7.159316062927246,4.6884846687316895,-4.589759683426564e-08,5.6248264712621676e-08,0.0645
-3.8571078777313232,3.5548593997955322,-3.8571078777313232,3.5548593997955322,-7.1692280769348145,4.694902420043945,-3.431570760881186e-08,5.911071809805435e-08,0.0646
-3.8566908836364746,3.548046588897705,-3.8566908836364746,3.548046588897705,-7.17911434173584,4.701303005218506,-2.7412097480805642e-08,6.249099016031323e-08,0.06470000000000001
-3.8564529418945312,3.541569232940674,-3.8564529418945312,3.541569232940674,-7.188973426818848,4.707686424255371,-3.183991736932512e-08,6.069373625905428e-08,0.0648
-3.8559226989746094,3.535719633102417,-3.8559226989746094,3.535719633102417,-7.198803901672363,4.714050769805908,-3.404209536483904e-08,5.588204388118356e-08,0.0649
-3.8547439575195312,3.530333995819092,-3.8547439575195312,3.530333995819092,-7.2086076736450195,4.720396518707275,-3.126277192677662e-08,4.744365611486501e-08,0.065
-3.8533127307891846,3.5255448818206787,-3.8533127307891846,3.5255448818206787,-7.218378067016602,4.726722717285156,-3.193023090375391e-08,4.582770074534892e-08,0.0651
-3.8513264656066895,3.520838737487793,-3.8513264656066895,3.520838737487793,-7.228117942810059,4.733026504516602,-3.1540821510134265e-08,5.50390026887726e-08,0.06520000000000001
-3.849457263946533,3.5161609649658203,-3.849457263946533,3.5161609649658203,-7.237826347351074,4.739308834075928,-3.374293200408829e-08,5.127048297026704e-08,0.0653
-3.8474159240722656,3.510833740234375,-3.8474159240722656,3.510833740234375,-7.247502326965332,4.745568752288818,-3.665023484700214e-08,5.8673506941886444e-08,0.0654
-3.8457460403442383,3.5058648586273193,-3.8457460403442383,3.5058648586273193,-7.257147312164307,4.751804828643799,-3.782679058872418e-08,5.6657647462543537e-08,0.0655
-3.8441519737243652,3.5003037452697754,-3.8441519737243652,3.5003037452697754,-7.266759872436523,4.758020401000977,-2.9142475099774856e-08,5.192274343812642e-08,0.0656
-3.8427135944366455,3.4949846267700195,-3.8427135944366455,3.4949846267700195,-7.276336193084717,4.764212608337402,-3.93379657737114e-08,5.511650513767563e-08,0.06570000000000001
-3.84138560295105,3.4890966415405273,-3.84138560295105,3.4890966415405273,-7.285881996154785,4.770382881164551,-4.880668313944625e-08,5.948174575109988e-08,0.0658
-3.8399837017059326,3.4834818840026855,-3.8399837017059326,3.4834818840026855,-7.295395851135254,4.77653169631958,-4.554948773716205e-08,5.423699889206546e-08,0.0659
-3.838714599609375,3.47770094871521,-3.838714599609375,3.47770094871521,-7.304881572723389,4.782660961151123,-3.955321759008257e-08,5.1769490028164e-08,0.066
-3.8373191356658936,3.472071409225464,-3.8373191356658936,3.472071409225464,-7.314337730407715,4.78877067565918,-3.876583676287737e-08,4.789452390241422e-08,0.0661
-3.8361637592315674,3.4663004875183105,-3.8361637592315674,3.4663004875183105,-7.323763847351074,4.794857978820801,-2.5483936738623925e-08,3.5347454740985995e-08,0.06620000000000001
-3.8350720405578613,3.4606971740722656,-3.8350720405578613,3.4606971740722656,-7.333156585693359,4.800922393798828,-2.8752527470032874e-08,3.710630380737712e-08,0.0663
-3.8341588973999023,3.454782485961914,-3.8341588973999023,3.454782485961914,-7.342513084411621,4.806964874267578,-2.6886812776183433e-08,3.676025528420723e-08,0.0664
-3.8334670066833496,3.4479453563690186,-3.8334670066833496,3.4479453563690186,-7.351835250854492,4.812983512878418,-2.6355284177270732e-08,3.3680180422379635e-08,0.0665
-3.8325886726379395,3.4418811798095703,-3.8325886726379395,3.4418811798095703,-7.361129283905029,4.818983554840088,-2.2276093858408785e-08,2.8785159145172656e-08,0.0666
-3.8315844535827637,3.4353671073913574,-3.8315844535827637,3.4353671073913574,-7.370396137237549,4.82496452331543,-2.3901460366460014e-08,2.5478579246396293e-08,0.06670000000000001
-3.830014944076538,3.4299585819244385,-3.830014944076538,3.4299585819244385,-7.379636764526367,4.830924987792969,-2.617616345901297e-08,2.641846741369136e-08,0.0668
-3.8284473419189453,3.4243381023406982,-3.8284473419189453,3.4243381023406982,-7.3888444900512695,4.836864948272705,-2.2244496022949534e-08,2.6123812446599004e-08,0.0669
-3.8267388343811035,3.4182024002075195,-3.8267388343811035,3.4182024002075195,-7.398019790649414,4.8427815437316895,-2.116782127359329e-08,2.5942602732698106e-08,0.067
-3.825352191925049,3.412984609603882,-3.825352191925049,3.412984609603882,-7.407159805297852,4.8486762046813965,-2.198486903637331e-08,2.5942787473809403e-08,0.0671
-3.8238139152526855,3.40669846534729,-3.8238139152526855,3.40669846534729,-7.416262626647949,4.854545593261719,-2.1768133962041247e-08,2.5342451692722534e-08,0.06720000000000001
-3.8224825859069824,3.4010443687438965,-3.8224825859069824,3.4010443687438965,-7.425333023071289,4.860391616821289,-2.29938823537168e-08,2.8852701561277172e-08,0.0673
-3.82089900970459,3.395052909851074,-3.82089900970459,3.395052909851074,-7.434371471405029,4.866217136383057,-2.3785794667219307e-08,2.986218206046942e-08,0.0674
-3.819202184677124,3.3900833129882812,-3.819202184677124,3.3900833129882812,-7.443380355834961,4.872021198272705,-2.9218691466326163e-08,3.394047354277063e-08,0.0675
-3.8181371688842773,3.38493013381958,-3.8181371688842773,3.38493013381958,-7.452356338500977,4.877803802490234,-2.484635786004219e-08,3.627529565619625e-08,0.06760000000000001
-3.817359685897827,3.378480911254883,-3.817359685897827,3.378480911254883,-7.461299896240234,4.8835673332214355,-2.249140074184197e-08,3.206090681828755e-08,0.0677
-3.8165714740753174,3.3715662956237793,-3.8165714740753174,3.3715662956237793,-7.47021484375,4.889310359954834,-2.300057388993082e-08,2.4709477131068525e-08,0.0678
-3.8159492015838623,3.364690065383911,-3.8159492015838623,3.364690065383911,-7.47909688949585,4.8950324058532715,-2.3957163364229928e-08,2.655737318946194e-08,0.0679
-3.815142869949341,3.358596086502075,-3.815142869949341,3.358596086502075,-7.4879469871521,4.90073299407959,-2.4842456980422867e-08,2.1248377279903252e-08,0.068
-3.8136603832244873,3.35172963142395,-3.8136603832244873,3.35172963142395,-7.496764659881592,4.9064106941223145,-2.547286825915762e-08,1.928465920286726e-08,0.06810000000000001
-3.8118627071380615,3.3457164764404297,-3.8118627071380615,3.3457164764404297,-7.505550384521484,4.912064075469971,-2.8501718318807434e-08,2.3274237648251983e-08,0.0682
-3.80977725982666,3.340336322784424,-3.80977725982666,3.340336322784424,-7.514302730560303,4.917696475982666,-3.499980749666065e-08,2.5530106029236777e-08,0.0683
-3.8083324432373047,3.3341166973114014,-3.8083324432373047,3.3341166973114014,-7.523022174835205,4.923305988311768,-3.958400895953673e-08,2.644071095403433e-08,0.0684
-3.806687355041504,3.3286545276641846,-3.806687355041504,3.3286545276641846,-7.531707763671875,4.928893089294434,-4.6125435915200796e-08,3.3538309907044095e-08,0.0685
-3.805475950241089,3.3221685886383057,-3.805475950241089,3.3221685886383057,-7.540360927581787,4.9344587326049805,-5.198917207849263e-08,3.835669204477199e-08,0.06860000000000001
-3.8035922050476074,3.3166000843048096,-3.8035922050476074,3.3166000843048096,-7.548980236053467,4.940001487731934,-5.354634424747928e-08,3.87056857675816e-08,0.0687
-3.8015904426574707,3.310986280441284,-3.8015904426574707,3.310986280441284,-7.557567596435547,4.945522308349609,-8.15440799328826e-08,5.506574041191925e-08,0.0688
-3.7996437549591064,3.305176258087158,-3.7996437549591064,3.305176258087158,-7.566117763519287,4.951019763946533,-8.56873114685186e-08,6.134972352356272e-08,0.0689
-3.7981045246124268,3.298574686050415,-3.7981045246124268,3.298574686050415,-7.574635982513428,4.95649528503418,-9.295190750435722e-08,6.937684560170965e-08,0.069
-3.796910285949707,3.291818141937256,-3.796910285949707,3.291818141937256,-7.583122253417969,4.961948871612549,-9.947146395461459e-08,7.17152488505235e-08,0.06910000000000001
-3.796416997909546,3.2849221229553223,-3.796416997909546,3.2849221229553223,-7.591578960418701,4.967383861541748,-8.920937233369841e-08,6.873041513699718e-08,0.0692
-3.795733690261841,3.277650833129883,-3.795733690261841,3.277650833129883,-7.600001335144043,4.972797393798828,-8.330918888077576e-08,6.835439592123294e-08,0.0693
-3.794772148132324,3.271425724029541,-3.794772148132324,3.271425724029541,-7.608390808105469,4.9781904220581055,-8.158712461181494e-08,6.735830027082557e-08,0.0694
-3.7929575443267822,3.2660179138183594,-3.7929575443267822,3.2660179138183594,-7.616746425628662,4.983559608459473,-9.189169247747486e-08,7.80607791739385e-08,0.0695
-3.790567398071289,3.2600595951080322,-3.790567398071289,3.2600595951080322,-7.625066757202148,4.9889044761657715,-1.073115143412906e-07,9.589518867869629e-08,0.06960000000000001
-3.7884914875030518,3.2549350261688232,-3.7884914875030518,3.2549350261688232,-7.63335657119751,4.994226932525635,-1.1305496627755929e-07,9.83291386091878e-08,0.0697
-3.786651372909546,3.2481563091278076,-3.786651372909546,3.2481563091278076,-7.641613483428955,4.999527931213379,-1.1373523989277601e-07,1.0361598157260232e-07,0.0698
-3.785327196121216,3.241220474243164,-3.785327196121216,3.241220474243164,-7.649837493896484,5.004806995391846,-1.1336648952919859e-07,1.0625571889022467e-07,0.0699
-3.784276247024536,3.233614444732666,-3.784276247024536,3.233614444732666,-7.658030986785889,5.010065078735352,-1.0419411466955353e-07,9.634327824414868e-08,0.07
-3.782872200012207,3.2268409729003906,-3.782872200012207,3.2268409729003906,-7.666191577911377,5.0153021812438965,-1.0901189995138338e-07,9.838451831001294e-08,0.07010000000000001
-3.781219959259033,3.2205796241760254,-3.781219959259033,3.2205796241760254,-7.674318313598633,5.020517349243164,-1.0611526590764697e-07,9.863351380090535e-08,0.0702
-3.7794387340545654,3.215579032897949,-3.7794387340545654,3.215579032897949,-7.682412147521973,5.02570915222168,-1.0080189838390652e-07,9.916773535678658e-08,0.0703
-3.777541160583496,3.210155725479126,-3.777541160583496,3.210155725479126,-7.690471172332764,5.030878067016602,-9.797024347335537e-08,9.819375179631606e-08,0.0704
-3.7760233879089355,3.204195499420166,-3.7760233879089355,3.204195499420166,-7.6985015869140625,5.036027908325195,-9.816656643124588e-08,9.74523004515504e-08,0.0705
-3.7753310203552246,3.1971242427825928,-3.7753310203552246,3.1971242427825928,-7.7065019607543945,5.041159152984619,-1.0797516125649054e-07,1.0263172356417272e-07,0.07060000000000001
-3.7752232551574707,3.1891849040985107,-3.7752232551574707,3.1891849040985107,-7.714473724365234,5.046271324157715,-8.737866608043987e-08,8.02347557282701e-08,0.0707
-3.7752785682678223,3.1816632747650146,-3.7752785682678223,3.1816632747650146,-7.722411155700684,5.05136251449585,-7.830175974277154e-08,7.765625298361556e-08,0.0708
-3.7748167514801025,3.1748874187469482,-3.7748167514801025,3.1748874187469482,-7.7303147315979,5.056431293487549,-7.632475984564735e-08,6.959010789842068e-08,0.0709
-3.77378511428833,3.1681716442108154,-3.77378511428833,3.1681716442108154,-7.738183975219727,5.061478137969971,-7.539557600466651e-08,7.373393628995473e-08,0.071
-3.7718427181243896,3.1628568172454834,-3.7718427181243896,3.1628568172454834,-7.746018409729004,5.066500663757324,-8.802582129874281e-08,7.649082078842184e-08,0.07110000000000001
-3.7690298557281494,3.1612355709075928,-3.7690298557281494,3.1612355709075928,-7.753818035125732,5.071499824523926,-1.0135499195484954e-07,8.33790991805472e-08,0.0712
-3.7669312953948975,3.159369945526123,-3.7669312953948975,3.159369945526123,-7.7615838050842285,5.07647705078125,-1.0777930015137827e-07,9.947743251359498e-08,0.0713
-3.7652387619018555,3.156956434249878,-3.7652387619018555,3.156956434249878,-7.769317150115967,5.081432342529297,-1.4000654857682093e-07,9.753583896099371e-08,0.0714
-3.7645604610443115,3.153913736343384,-3.7645604610443115,3.153913736343384,-7.777017593383789,5.086366653442383,-1.466838881469812e-07,9.548935508973955e-08,0.0715
-3.7643630504608154,3.1505508422851562,-3.7643630504608154,3.1505508422851562,-7.784689903259277,5.091281890869141,-1.226605377269152e-07,9.68700604175865e-08,0.07160000000000001
-3.7639219760894775,3.147245168685913,-3.7639219760894775,3.147245168685913,-7.792330741882324,5.09617805480957,-1.0118345983300969e-07,9.346508278440524e-08,0.0717
-3.763249158859253,3.1440184116363525,-3.763249158859253,3.1440184116363525,-7.799942493438721,5.1010541915893555,-1.299357990092176e-07,8.556607156151586e-08,0.0718
-3.761977434158325,3.140681505203247,-3.761977434158325,3.140681505203247,-7.807517051696777,5.105906009674072,-1.1377020570080276e-07,8.023473441198803e-08,0.0719
-3.7603135108947754,3.1377182006835938,-3.7603135108947754,3.1377182006835938,-7.815057277679443,5.110735893249512,-1.4923209334938292e-07,9.973113890282548e-08,0.072
-3.7585463523864746,3.1351871490478516,-3.7585463523864746,3.1351871490478516,-7.822556495666504,5.115540027618408,-1.711223092115688e-07,1.1772293362355413e-07,0.07210000000000001
-3.756857395172119,3.133357524871826,-3.756857395172119,3.133357524871826,-7.830026149749756,5.120324611663818,-2.2485575357222842e-07,1.5516290829964419e-07,0.0722
-3.7551918029785156,3.132042407989502,-3.7551918029785156,3.132042407989502,-7.837464332580566,5.125086307525635,-2.786013055811054e-07,2.0689947177743306e-07,0.0723
-3.7533230781555176,3.13061785697937,-3.7533230781555176,3.13061785697937,-7.8448686599731445,5.129827499389648,-3.610895760175481e-07,2.6714488399193215e-07,0.0724
-3.75188946723938,3.1282424926757812,-3.75188946723938,3.1282424926757812,-7.852242946624756,5.134548664093018,-4.117008529647137e-07,3.1329651051237306e-07,0.0725
-3.7503039836883545,3.1255605220794678,-3.7503039836883545,3.1255605220794678,-7.85958194732666,5.139245986938477,-3.936234520551807e-07,2.94986136850639e-07,0.07260000000000001
-3.7489826679229736,3.121962070465088,-3.7489826679229736,3.121962070465088,-7.866888999938965,5.143921852111816,-3.9204405766213313e-07,2.824427838277188e-07,0.0727
-3.7478668689727783,3.118879795074463,-3.7478668689727783,3.118879795074463,-7.8741583824157715,5.1485748291015625,-3.8666689761157613e-07,2.854316107914201e-07,0.0728
-3.7466659545898438,3.11655592918396,-3.7466659545898438,3.11655592918396,-7.881398677825928,5.153207302093506,-3.921820166397083e-07,2.8416508257578244e-07,0.0729
-3.745450735092163,3.114049196243286,-3.745450735092163,3.114049196243286,-7.888606548309326,5.15781831741333,-3.8808539670753817e-07,2.6578672418509086e-07,0.073
-3.7447242736816406,3.1110036373138428,-3.7447242736816406,3.1110036373138428,-7.895782470703125,5.162409782409668,-4.94052073918283e-07,3.5555598287828616e-07,0.07310000000000001
-3.7442193031311035,3.107038974761963,-3.7442193031311035,3.107038974761963,-7.902928829193115,5.166983127593994,-4.4987342562308186e-07,3.1087620300240815e-07,0.0732
-3.743695020675659,3.1026391983032227,-3.743695020675659,3.1026391983032227,-7.910041809082031,5.171535968780518,-3.714253011821711e-07,2.6444996592545067e-07,0.0733
-3.7437050342559814,3.0983095169067383,-3.7437050342559814,3.0983095169067383,-7.917119979858398,5.176067352294922,-2.916416974585445e-07,1.996985332652912e-07,0.0734
-3.7430419921875,3.0945608615875244,-3.7430419921875,3.0945608615875244,-7.924170017242432,5.180577754974365,-2.809569821238256e-07,1.9856101118875813e-07,0.0735
-3.7417683601379395,3.0919671058654785,-3.7417683601379395,3.0919671058654785,-7.931186199188232,5.185067653656006,-2.7869248242495814e-07,1.8805813795097492e-07,0.07360000000000001
-3.740018606185913,3.0902581214904785,-3.740018606185913,3.0902581214904785,-7.938170433044434,5.189535617828369,-2.907370628690842e-07,2.0041736092935025e-07,0.0737
-3.7379167079925537,3.0884013175964355,-3.7379167079925537,3.0884013175964355,-7.945120334625244,5.193981647491455,-3.6079654819332063e-07,2.4627610173411085e-07,0.07379999999999999
-3.7362687587738037,3.0860626697540283,-3.7362687587738037,3.0860626697540283,-7.952037334442139,5.198408126831055,-3.525311171870271e-07,2.379935324370308e-07,0.07390000000000001
-3.7351386547088623,3.0825161933898926,-3.7351386547088623,3.0825161933898926,-7.958920955657959,5.2028117179870605,-3.113368336471467e-07,2.0499685149388824e-07,0.074
-3.7346653938293457,3.078779458999634,-3.7346653938293457,3.078779458999634,-7.96577262878418,5.207193374633789,-2.939096077625436e-07,2.048146114930205e-07,0.07410000000000001
-3.733938217163086,3.0753769874572754,-3.733938217163086,3.0753769874572754,-7.972590446472168,5.211554527282715,-2.216240204688802e-07,1.5819655629911722e-07,0.0742
-3.7321722507476807,3.0722923278808594,-3.7321722507476807,3.0722923278808594,-7.97937536239624,5.21589469909668,-2.0384305798870628e-07,1.4106100820754364e-07,0.07429999999999999
-3.7303295135498047,3.070136070251465,-3.7303295135498047,3.070136070251465,-7.986122131347656,5.220210552215576,-2.165208456972323e-07,1.474487447694628e-07,0.07440000000000001
-3.7279980182647705,3.068084239959717,-3.7279980182647705,3.068084239959717,-7.992835998535156,5.224503993988037,-2.5121258317994943e-07,1.8174401361648052e-07,0.0745
-3.72629976272583,3.0661401748657227,-3.72629976272583,3.0661401748657227,-7.999516487121582,5.228774547576904,-2.998392574227182e-07,2.164987904507143e-07,0.07460000000000001
-3.7246227264404297,3.064446210861206,-3.7246227264404297,3.064446210861206,-8.006162643432617,5.233022689819336,-2.62857952293416e-07,1.839664918179551e-07,0.0747
-3.7235684394836426,3.0637526512145996,-3.7235684394836426,3.0637526512145996,-8.012778282165527,5.237251281738281,-2.811817978454201e-07,1.9693017350164155e-07,0.07479999999999999
-3.722134828567505,3.062100648880005,-3.722134828567505,3.062100648880005,-8.019362449645996,5.241457939147949,-2.549553812514205e-07,1.825587645498672e-07,0.07490000000000001
-3.720348834991455,3.0602004528045654,-3.720348834991455,3.0602004528045654,-8.025914192199707,5.245644569396973,-2.5237923750864866e-07,1.938424674108319e-07,0.075
-3.718266010284424,3.0585575103759766,-3.718266010284424,3.0585575103759766,-8.032430648803711,5.249806880950928,-3.406768769309565e-07,2.3513479163739248e-07,0.07510000000000001
-3.716869592666626,3.057647705078125,-3.716869592666626,3.057647705078125,-8.038912773132324,5.253949165344238,-3.7316976886359043e-07,2.6921549078906537e-07,0.0752
-3.7165420055389404,3.0574417114257812,-3.7165420055389404,3.0574417114257812,-8.045364379882812,5.258070945739746,-2.4937114062595356e-07,1.9291800867904385e-07,0.07529999999999999
-3.7170982360839844,3.0579700469970703,-3.7170982360839844,3.0579700469970703,-8.05178451538086,5.262173652648926,-2.178645388539735e-07,1.8563908099622495e-07,0.07540000000000001
-3.7175869941711426,3.058565616607666,-3.7175869941711426,3.058565616607666,-8.05817699432373,5.26625919342041,-1.689577828756228e-07,1.6608396435913164e-07,0.0755
-3.7169623374938965,3.057999610900879,-3.7169623374938965,3.057999610900879,-8.064539909362793,5.270323276519775,-1.567524492429584e-07,1.7353126224861626e-07,0.07560000000000001
-3.7157788276672363,3.0568408966064453,-3.7157788276672363,3.0568408966064453,-8.070870399475098,5.2743682861328125,-1.392182014114951e-07,1.555453508217397e-07,0.0757
-3.7138726711273193,3.0551674365997314,-3.7138726711273193,3.0551674365997314,-8.077166557312012,5.2783894538879395,-1.651421968063005e-07,1.4698409245283983e-07,0.07579999999999999
-3.7113401889801025,3.052964687347412,-3.7113401889801025,3.052964687347412,-8.083428382873535,5.282388687133789,-1.9730259737116285e-07,1.717839666071086e-07,0.07590000000000001
-3.709368944168091,3.0513339042663574,-3.709368944168091,3.0513339042663574,-8.089655876159668,5.2863664627075195,-2.0027238178954576e-07,1.7000446916881629e-07,0.076
-3.708153486251831,3.05051589012146,-3.708153486251831,3.05051589012146,-8.095850944519043,5.290323734283447,-1.980230024400953e-07,1.715212079034245e-07,0.07610000000000001
-3.7076189517974854,3.0498554706573486,-3.7076189517974854,3.0498554706573486,-8.10201644897461,5.2942609786987305,-2.008194570635169e-07,1.7813637498420576e-07,0.0762
-3.706801176071167,3.049375534057617,-3.706801176071167,3.049375534057617,-8.10815143585205,5.298178672790527,-1.5530673636021675e-07,1.7949275843420764e-07,0.07629999999999999
-3.705573081970215,3.0477986335754395,-3.705573081970215,3.0477986335754395,-8.114253997802734,5.3020734786987305,-2.036297672702858e-07,1.9361694114650163e-07,0.07640000000000001
-3.7036967277526855,3.0458004474639893,-3.7036967277526855,3.0458004474639893,-8.120321273803711,5.305948257446289,-1.9493248260005203e-07,2.213821943541916e-07,0.0765
-3.701556921005249,3.043673276901245,-3.701556921005249,3.043673276901245,-8.126354217529297,5.309800148010254,-2.7734265017897997e-07,2.8905662929901155e-07,0.07660000000000002
-3.6991755962371826,3.04125714302063,-3.6991755962371826,3.04125714302063,-8.132353782653809,5.3136305809021,-3.6732427588503924e-07,3.479369468095683e-07,0.0767
-3.6971397399902344,3.03956937789917,-3.6971397399902344,3.03956937789917,-8.138322830200195,5.317441463470459,-2.9199011919445184e-07,3.098869569839735e-07,0.07680000000000001
-3.69592022895813,3.0385615825653076,-3.69592022895813,3.0385615825653076,-8.144259452819824,5.321230411529541,-3.7754202253381663e-07,3.6083432064515364e-07,0.07690000000000001
-3.6953163146972656,3.0381898880004883,-3.6953163146972656,3.0381898880004883,-8.150163650512695,5.324998378753662,-2.604554936169734e-07,2.676777910437522e-07,0.077
-3.695136785507202,3.038444995880127,-3.695136785507202,3.038444995880127,-8.156035423278809,5.328746795654297,-1.7722707923439884e-07,2.1355167234560213e-07,0.0771
-3.6953787803649902,3.0387744903564453,-3.6953787803649902,3.0387744903564453,-8.16187572479248,5.332474708557129,-1.4225646793875057e-07,2.2380105235697556e-07,0.0772
-3.6945207118988037,3.0381298065185547,-3.6945207118988037,3.0381298065185547,-8.167688369750977,5.336184501647949,-1.7272432728532294e-07,2.2217973594251816e-07,0.07730000000000001
-3.6934566497802734,3.03690505027771,-3.6934566497802734,3.03690505027771,-8.173469543457031,5.339874267578125,-1.698658564919242e-07,2.592809096313431e-07,0.07740000000000001
-3.691758871078491,3.0352537631988525,-3.691758871078491,3.0352537631988525,-8.179222106933594,5.343544960021973,-1.5683465903748584e-07,2.644300138854305e-07,0.0775
-3.689770221710205,3.033363103866577,-3.689770221710205,3.033363103866577,-8.184941291809082,5.347193717956543,-1.4814450821631908e-07,2.602622828362655e-07,0.0776
-3.68782114982605,3.0315849781036377,-3.68782114982605,3.0315849781036377,-8.190625190734863,5.350820064544678,-1.339301292091477e-07,2.6083992565872904e-07,0.0777
-3.6861650943756104,3.0304179191589355,-3.6861650943756104,3.0304179191589355,-8.196273803710938,5.354425430297852,-1.3956309885543305e-07,2.3135496007853362e-07,0.07780000000000001
-3.6851346492767334,3.0297000408172607,-3.6851346492767334,3.0297000408172607,-8.201892852783203,5.358009338378906,-1.2669667626141745e-07,2.1604273570119403e-07,0.07790000000000001
-3.684704542160034,3.0291988849639893,-3.684704542160034,3.0291988849639893,-8.207480430603027,5.361573696136475,-1.1667685129168603e-07,1.5593109026212915e-07,0.078
-3.6842551231384277,3.028879404067993,-3.6842551231384277,3.028879404067993,-8.213035583496094,5.365116596221924,-8.841956145033691e-08,1.0266926153690292e-07,0.0781
-3.683638334274292,3.0285091400146484,-3.683638334274292,3.0285091400146484,-8.218561172485352,5.368640422821045,-7.830248449636201e-08,1.0802290972833362e-07,0.0782
-3.6831815242767334,3.0279462337493896,-3.6831815242767334,3.0279462337493896,-8.224058151245117,5.372145175933838,-7.708267446560058e-08,1.0054560561911785e-07,0.07830000000000001
-3.6822094917297363,3.02721905708313,-3.6822094917297363,3.02721905708313,-8.229522705078125,5.3756303787231445,-8.72596430667727e-08,1.0725841548264725e-07,0.07840000000000001
-3.6809213161468506,3.0258007049560547,-3.6809213161468506,3.0258007049560547,-8.234955787658691,5.379095554351807,-9.736005779359402e-08,1.0353348045555322e-07,0.0785
-3.6788394451141357,3.0236001014709473,-3.6788394451141357,3.0236001014709473,-8.240358352661133,5.382541179656982,-1.2305291363645665e-07,1.1193321114433274e-07,0.0786
-3.676379680633545,3.02142071723938,-3.676379680633545,3.02142071723938,-8.245731353759766,5.3859663009643555,-9.176797988175167e-08,9.346798179876714e-08,0.0787
-3.6746227741241455,3.0196611881256104,-3.6746227741241455,3.0196611881256104,-8.25107192993164,5.389371871948242,-1.175122008589824e-07,1.1651876263840677e-07,0.07880000000000001
-3.6737186908721924,3.0187740325927734,-3.6737186908721924,3.0187740325927734,-8.256381034851074,5.392756462097168,-1.0121311788680032e-07,9.370737785729943e-08,0.07890000000000001
-3.6730899810791016,3.0183982849121094,-3.6730899810791016,3.0183982849121094,-8.26165771484375,5.396120548248291,-8.84760567032572e-08,1.0247924819850596e-07,0.079
-3.6730892658233643,3.018486976623535,-3.6730892658233643,3.018486976623535,-8.2669038772583,5.399464130401611,-8.065347145702617e-08,9.299502323756315e-08,0.0791
-3.6722798347473145,3.0177884101867676,-3.6722798347473145,3.0177884101867676,-8.272119522094727,5.4027886390686035,-7.619818376269905e-08,8.233262605017444e-08,0.0792
-3.6707205772399902,3.016127109527588,-3.6707205772399902,3.016127109527588,-8.277303695678711,5.406094074249268,-8.696694209220368e-08,9.886306173712e-08,0.07930000000000001
-3.6684021949768066,3.013643741607666,-3.6684021949768066,3.013643741607666,-8.282455444335938,5.409379005432129,-8.889875857676088e-08,1.1231576024783863e-07,0.07940000000000001
-3.6661174297332764,3.0111794471740723,-3.6661174297332764,3.0111794471740723,-8.287578582763672,5.4126434326171875,-7.796030132567466e-08,1.1631929197619684e-07,0.0795
-3.6647915840148926,3.0099308490753174,-3.6647915840148926,3.0099308490753174,-8.292671203613281,5.415886878967285,-1.0469535993706813e-07,1.530280115957794e-07,0.0796
-3.664700746536255,3.0100913047790527,-3.664700746536255,3.0100913047790527,-8.2977294921875,5.419111728668213,-8.554785324577097e-08,1.0245258863506024e-07,0.07970000000000001
-3.6649248600006104,3.0108132362365723,-3.6649248600006104,3.0108132362365723,-8.30275821685791,5.422316551208496,-8.187949873672551e-08,1.0040631082119944e-07,0.07980000000000001
-3.6650524139404297,3.01147723197937,-3.6650524139404297,3.01147723197937,-8.307754516601562,5.425502300262451,-8.339144130786735e-08,8.316413158127034e-08,0.0799
-3.664588689804077,3.011143207550049,-3.664588689804077,3.011143207550049,-8.312722206115723,5.428670883178711,-6.851475831126663e-08,7.311412986155119e-08,0.08
-3.663238525390625,3.0097479820251465,-3.663238525390625,3.0097479820251465,-8.317660331726074,5.431817531585693,-7.101996146730016e-08,6.48279652182282e-08,0.0801
-3.660951614379883,3.0078437328338623,-3.660951614379883,3.0078437328338623,-8.3225679397583,5.4349446296691895,-7.206514140989384e-08,7.65036318739476e-08,0.08020000000000001
-3.659829616546631,3.006397247314453,-3.659829616546631,3.006397247314453,-8.32744312286377,5.438051223754883,-7.303274429659723e-08,7.450081795923325e-08,0.08030000000000001
-3.6594491004943848,3.0060999393463135,-3.6594491004943848,3.0060999393463135,-8.332290649414062,5.441140651702881,-6.890994086461433e-08,5.320908513795075e-08,0.0804
-3.660144090652466,3.007028341293335,-3.660144090652466,3.007028341293335,-8.337103843688965,5.444210529327393,-6.543292130345435e-08,5.450021589581411e-08,0.0805
-3.660846471786499,3.008052349090576,-3.660846471786499,3.008052349090576,-8.341890335083008,5.447263717651367,-5.32005799414037e-08,5.6151801430814885e-08,0.0806
-3.6606249809265137,3.008517026901245,-3.6606249809265137,3.008517026901245,-8.346648216247559,5.450297832489014,-5.383749268617066e-08,5.200135078098356e-08,0.08070000000000001
-3.660634994506836,3.0081794261932373,-3.660634994506836,3.0081794261932373,-8.3513765335083,5.453312873840332,-4.638154038616449e-08,5.034810968140846e-08,0.08080000000000001
-3.6596782207489014,3.0074400901794434,-3.6596782207489014,3.0074400901794434,-8.35607624053955,5.456310749053955,-4.098707151456438e-08,4.019714339165148e-08,0.0809
-3.6592183113098145,3.0066962242126465,-3.6592183113098145,3.0066962242126465,-8.360747337341309,5.459287643432617,-4.5539767512536855e-08,4.9345867836336765e-08,0.081
-3.658696413040161,3.0066721439361572,-3.658696413040161,3.0066721439361572,-8.365387916564941,5.462245941162109,-4.77810893073638e-08,5.070968001064102e-08,0.0811
-3.658355236053467,3.006336212158203,-3.658355236053467,3.006336212158203,-8.370002746582031,5.465188026428223,-4.817874810214562e-08,4.626324212608779e-08,0.08120000000000001
-3.657914400100708,3.005995750427246,-3.657914400100708,3.005995750427246,-8.374585151672363,5.468108654022217,-4.4475196858684285e-08,4.1174381237851776e-08,0.08130000000000001
-3.6562931537628174,3.0045249462127686,-3.6562931537628174,3.0045249462127686,-8.379135131835938,5.471009254455566,-4.183816670888518e-08,4.309790568868266e-08,0.0814
-3.654506206512451,3.002711772918701,-3.654506206512451,3.002711772918701,-8.383654594421387,5.4738898277282715,-5.6246932444992126e-08,7.108087629603688e-08,0.0815
-3.6518235206604004,2.9999935626983643,-3.6518235206604004,2.9999935626983643,-8.388142585754395,5.476749897003174,-7.047184169550746e-08,7.515279065728464e-08,0.0816
-3.6493325233459473,2.9972422122955322,-3.6493325233459473,2.9972422122955322,-8.392599105834961,5.479591369628906,-7.369186505457037e-08,7.675005520013656e-08,0.08170000000000001
-3.6475601196289062,2.9952619075775146,-3.6475601196289062,2.9952619075775146,-8.397025108337402,5.482414245605469,-1.2561498863306042e-07,1.1978855241068231e-07,0.08180000000000001
-3.6465511322021484,2.994185209274292,-3.6465511322021484,2.994185209274292,-8.401423454284668,5.485218048095703,-1.2948699179560208e-07,1.0910755321447141e-07,0.0819
-3.6459310054779053,2.9939403533935547,-3.6459310054779053,2.9939403533935547,-8.405794143676758,5.488003730773926,-1.2046230324358476e-07,1.385125187880476e-07,0.082
-3.64575457572937,2.99393630027771,-3.64575457572937,2.99393630027771,-8.410133361816406,5.490769386291504,-1.276450660725459e-07,1.502287574339789e-07,0.0821
-3.6458585262298584,2.9935965538024902,-3.6458585262298584,2.9935965538024902,-8.414443016052246,5.493518352508545,-1.5509573358940543e-07,1.649457175290081e-07,0.08220000000000001
-3.6451261043548584,2.9929118156433105,-3.6451261043548584,2.9929118156433105,-8.418721199035645,5.49624490737915,-1.7058758317034517e-07,1.86226827736391e-07,0.08230000000000001
-3.64452862739563,2.992445707321167,-3.64452862739563,2.992445707321167,-8.422971725463867,5.4989542961120605,-1.4087166277931829e-07,1.6101091659947997e-07,0.0824
-3.6442058086395264,2.991990089416504,-3.6442058086395264,2.991990089416504,-8.427193641662598,5.501646041870117,-1.4673723569558206e-07,1.7434386734294094e-07,0.0825
-3.644087076187134,2.9920105934143066,-3.644087076187134,2.9920105934143066,-8.431391716003418,5.504321575164795,-1.6634189137221256e-07,1.889485048423012e-07,0.0826
-3.6438589096069336,2.991746187210083,-3.6438589096069336,2.991746187210083,-8.435561180114746,5.506979465484619,-1.4295706307621003e-07,1.61713629154292e-07,0.08270000000000001
-3.6432628631591797,2.9917500019073486,-3.6432628631591797,2.9917500019073486,-8.439702987670898,5.509619235992432,-1.8708847449033783e-07,2.0524934996046795e-07,0.08280000000000001
-3.6426663398742676,2.990278482437134,-3.6426663398742676,2.990278482437134,-8.443814277648926,5.512240409851074,-1.9620296143330052e-07,2.129765590552779e-07,0.0829
-3.6413564682006836,2.988300323486328,-3.6413564682006836,2.988300323486328,-8.447896957397461,5.514841556549072,-2.04390303792934e-07,2.0376491249862738e-07,0.083
-3.6399307250976562,2.9867327213287354,-3.6399307250976562,2.9867327213287354,-8.451949119567871,5.517425060272217,-3.024216255198553e-07,3.035746942714468e-07,0.08310000000000001
-3.6387977600097656,2.985933542251587,-3.6387977600097656,2.985933542251587,-8.455975532531738,5.51999044418335,-3.4835153428502963e-07,3.37106200731796e-07,0.0832
-3.638498067855835,2.985424757003784,-3.638498067855835,2.985424757003784,-8.459972381591797,5.522537708282471,-3.591533186408924e-07,3.6333520370135375e-07,0.08330000000000001
-3.6388072967529297,2.98581600189209,-3.6388072967529297,2.98581600189209,-8.463940620422363,5.525065898895264,-4.062051743858319e-07,3.7738948321930366e-07,0.0834
-3.6394102573394775,2.986741542816162,-3.6394102573394775,2.986741542816162,-8.467880249023438,5.5275774002075195,-4.2660127519411617e-07,3.993995107975934e-07,0.0835
-3.6399545669555664,2.9872560501098633,-3.6399545669555664,2.9872560501098633,-8.471794128417969,5.53007173538208,-3.3904385077221377e-07,3.57662685246396e-07,0.08360000000000001
-3.6399595737457275,2.987459659576416,-3.6399595737457275,2.987459659576416,-8.47568130493164,5.5325493812561035,-4.567321809645364e-07,4.743105534998904e-07,0.0837
-3.6394412517547607,2.9870731830596924,-3.6394412517547607,2.9870731830596924,-8.479541778564453,5.535009384155273,-5.186294629311305e-07,5.029037879467069e-07,0.08380000000000001
-3.6390395164489746,2.9869120121002197,-3.6390395164489746,2.9869120121002197,-8.483376502990723,5.537454605102539,-5.075337980997574e-07,4.988673367734009e-07,0.0839
-3.638235330581665,2.986705780029297,-3.638235330581665,2.986705780029297,-8.487180709838867,5.539880275726318,-4.589835782553564e-07,5.02011005210079e-07,0.084
-3.637787103652954,2.986423969268799,-3.637787103652954,2.986423969268799,-8.490957260131836,5.542287826538086,-5.72988540170627e-07,5.149550474925491e-07,0.08410000000000001
-3.636566400527954,2.9852261543273926,-3.636566400527954,2.9852261543273926,-8.494706153869629,5.544677257537842,-5.326041900843848e-07,4.862124001192569e-07,0.0842
-3.634875774383545,2.982945203781128,-3.634875774383545,2.982945203781128,-8.498424530029297,5.5470452308654785,-5.223686798672134e-07,4.581749806220614e-07,0.08430000000000001
-3.6334166526794434,2.980943202972412,-3.6334166526794434,2.980943202972412,-8.502116203308105,5.5493974685668945,-5.971177756691759e-07,4.6729127234357293e-07,0.0844
-3.631535530090332,2.9789986610412598,-3.631535530090332,2.9789986610412598,-8.505777359008789,5.551730155944824,-6.0759964526369e-07,4.33123403809077e-07,0.0845
-3.630234479904175,2.977452039718628,-3.630234479904175,2.977452039718628,-8.509413719177246,5.554045677185059,-5.667642994922062e-07,5.5063657100618e-07,0.08460000000000001
-3.6292266845703125,2.97686505317688,-3.6292266845703125,2.97686505317688,-8.513020515441895,5.556344032287598,-6.398841492227803e-07,5.035821004639729e-07,0.0847
-3.6289594173431396,2.976402759552002,-3.6289594173431396,2.976402759552002,-8.5166015625,5.558625221252441,-7.017468419689976e-07,4.832841113966424e-07,0.08480000000000001
-3.6287803649902344,2.976468086242676,-3.6287803649902344,2.976468086242676,-8.520157814025879,5.560891151428223,-8.533164077562105e-07,5.841679922014009e-07,0.0849
-3.6292684078216553,2.9766287803649902,-3.6292684078216553,2.9766287803649902,-8.523687362670898,5.563139915466309,-6.75186356602353e-07,4.2102965380763635e-07,0.085
-3.6289045810699463,2.9759724140167236,-3.6289045810699463,2.9759724140167236,-8.527189254760742,5.565371513366699,-6.667062280030223e-07,5.603668000730977e-07,0.08510000000000001
-3.62825870513916,2.975571632385254,-3.62825870513916,2.975571632385254,-8.530662536621094,5.5675835609436035,-7.952639293762331e-07,5.792015826955321e-07,0.0852
-3.628213405609131,2.975806713104248,-3.628213405609131,2.975806713104248,-8.53410816192627,5.569777488708496,-8.507049642503262e-07,6.221534363248793e-07,0.08530000000000001
-3.6280791759490967,2.975733757019043,-3.6280791759490967,2.975733757019043,-8.537525177001953,5.571953296661377,-7.700564310653135e-07,4.951482992510137e-07,0.0854
-3.626695156097412,2.9750325679779053,-3.626695156097412,2.9750325679779053,-8.54091739654541,5.574114799499512,-8.092733878584113e-07,5.537809215638845e-07,0.0855
-3.6263720989227295,2.974489688873291,-3.6263720989227295,2.974489688873291,-8.544283866882324,5.576260566711426,-8.377692779504287e-07,5.574846113631793e-07,0.08560000000000001
-3.6264588832855225,2.9744551181793213,-3.6264588832855225,2.9744551181793213,-8.54762077331543,5.578389644622803,-8.546979302082036e-07,5.927587949372537e-07,0.0857
-3.626893997192383,2.9749643802642822,-3.626893997192383,2.9749643802642822,-8.550933837890625,5.580501079559326,-7.99385361460736e-07,6.218122052814579e-07,0.08580000000000002
-3.627568006515503,2.9756908416748047,-3.627568006515503,2.9756908416748047,-8.554221153259277,5.58259391784668,-8.161956657204428e-07,5.496443691299646e-07,0.0859
-3.627847194671631,2.9764039516448975,-3.627847194671631,2.9764039516448975,-8.557478904724121,5.584670543670654,-6.83312748606113e-07,4.233562549416092e-07,0.086
-3.628181219100952,2.9771056175231934,-3.628181219100952,2.9771056175231934,-8.560712814331055,5.58673095703125,-6.843359869890264e-07,4.0723224969951843e-07,0.08610000000000001
-3.628139019012451,2.9770352840423584,-3.628139019012451,2.9770352840423584,-8.563921928405762,5.58877420425415,-7.275335747181089e-07,4.232274193327612e-07,0.0862
-3.627065896987915,2.975825309753418,-3.627065896987915,2.975825309753418,-8.56710433959961,5.590803146362305,-8.111440479297016e-07,4.956693828717107e-07,0.08630000000000002
-3.6268486976623535,2.9749279022216797,-3.6268486976623535,2.9749279022216797,-8.570258140563965,5.592813491821289,-7.384439300039958e-07,4.1669264305710385e-07,0.0864
-3.6273109912872314,2.9748482704162598,-3.6273109912872314,2.9748482704162598,-8.573386192321777,5.5948076248168945,-7.552657734777313e-07,4.2323483739892254e-07,0.0865
-3.628683090209961,2.9765963554382324,-3.628683090209961,2.9765963554382324,-8.576493263244629,5.596786022186279,-7.627566560586274e-07,4.5393579739538836e-07,0.08660000000000001
-3.6298320293426514,2.9783947467803955,-3.6298320293426514,2.9783947467803955,-8.579574584960938,5.598748207092285,-7.788155471644131e-07,4.541791724932409e-07,0.0867
-3.6299068927764893,2.9786832332611084,-3.6299068927764893,2.9786832332611084,-8.582630157470703,5.6006927490234375,-6.992225394242269e-07,4.1601100519983447e-07,0.08680000000000002
-3.6289525032043457,2.9782180786132812,-3.6289525032043457,2.9782180786132812,-8.585660934448242,5.602622032165527,-6.702654218315729e-07,3.7465537161551765e-07,0.0869
-3.627143144607544,2.9767544269561768,-3.627143144607544,2.9767544269561768,-8.588664054870605,5.604536056518555,-6.953957267796795e-07,4.2429573454683123e-07,0.087
-3.625333547592163,2.975093364715576,-3.625333547592163,2.975093364715576,-8.591641426086426,5.6064348220825195,-6.987698952798382e-07,4.216386173538922e-07,0.08710000000000001
-3.6247336864471436,2.9736199378967285,-3.6247336864471436,2.9736199378967285,-8.594592094421387,5.6083149909973145,-6.468857804975414e-07,4.1871510347846197e-07,0.0872
-3.624971628189087,2.9739208221435547,-3.624971628189087,2.9739208221435547,-8.597519874572754,5.610179424285889,-6.651494572906813e-07,4.1844361930998275e-07,0.08730000000000002
-3.6264569759368896,2.9744603633880615,-3.6264569759368896,2.9744603633880615,-8.600421905517578,5.612026691436768,-5.721594789065421e-07,4.49071706043469e-07,0.0874
-3.6265246868133545,2.974792957305908,-3.6265246868133545,2.974792957305908,-8.603300094604492,5.613860130310059,-6.062763304726104e-07,4.4242668195693113e-07,0.0875
-3.6270909309387207,2.974804162979126,-3.6270909309387207,2.974804162979126,-8.606154441833496,5.615676403045654,-5.661536306433845e-07,4.18075359220893e-07,0.08760000000000001
-3.627319574356079,2.9749417304992676,-3.627319574356079,2.9749417304992676,-8.608983039855957,5.6174774169921875,-5.67465974654624e-07,3.937513497476175e-07,0.0877
-3.6267776489257812,2.975011110305786,-3.6267776489257812,2.975011110305786,-8.611785888671875,5.619261741638184,-5.680757340087439e-07,4.605873300533858e-07,0.08780000000000002
-3.62786865234375,2.9757447242736816,-3.62786865234375,2.9757447242736816,-8.614564895629883,5.621030807495117,-5.428923373074213e-07,4.1181922938449134e-07,0.0879
-3.629711627960205,2.977487087249756,-3.629711627960205,2.977487087249756,-8.617321968078613,5.622785568237305,-6.163129455671879e-07,3.877955521147669e-07,0.088
-3.6311423778533936,2.979524850845337,-3.6311423778533936,2.979524850845337,-8.620058059692383,5.624525547027588,-5.969518497295212e-07,3.5911972418034566e-07,0.08810000000000001
-3.6326253414154053,2.9809823036193848,-3.6326253414154053,2.9809823036193848,-8.62276840209961,5.626251697540283,-5.134601792633475e-07,3.9521631833849824e-07,0.0882
-3.6334586143493652,2.9822678565979004,-3.6334586143493652,2.9822678565979004,-8.62545394897461,5.627959251403809,-5.145570298736857e-07,3.8335184626703267e-07,0.08830000000000002
-3.633857250213623,2.982656717300415,-3.633857250213623,2.982656717300415,-8.628113746643066,5.629653453826904,-4.430739863892086e-07,3.105840278294636e-07,0.0884
-3.6329033374786377,2.982381582260132,-3.6329033374786377,2.982381582260132,-8.630746841430664,5.631330490112305,-4.333265621880855e-07,3.17627211643412e-07,0.0885
-3.6327085494995117,2.982098340988159,-3.6327085494995117,2.982098340988159,-8.633354187011719,5.632993221282959,-3.8099872767816123e-07,2.720967415825726e-07,0.08860000000000001
-3.632740020751953,2.9819743633270264,-3.632740020751953,2.9819743633270264,-8.635936737060547,5.634639263153076,-4.2347761564087705e-07,3.221743440917635e-07,0.0887
-3.6331348419189453,2.9824869632720947,-3.6331348419189453,2.9824869632720947,-8.638497352600098,5.636270046234131,-3.0415301921493665e-07,2.600749553494097e-07,0.08880000000000002
-3.6335341930389404,2.983135461807251,-3.6335341930389404,2.983135461807251,-8.641036033630371,5.637885570526123,-3.3878461636049906e-07,3.149218628095696e-07,0.0889
-3.6347944736480713,2.9844892024993896,-3.6347944736480713,2.9844892024993896,-8.643549919128418,5.639484882354736,-3.065145506297995e-07,2.771734841644502e-07,0.089
-3.6357522010803223,2.985710859298706,-3.6357522010803223,2.985710859298706,-8.646040916442871,5.641071319580078,-3.145707978546852e-07,2.9392487022050773e-07,0.08910000000000001
-3.6363658905029297,2.986222267150879,-3.6363658905029297,2.986222267150879,-8.648506164550781,5.642641544342041,-2.85093506136036e-07,2.8342827818050864e-07,0.0892
-3.6368210315704346,2.98673152923584,-3.6368210315704346,2.98673152923584,-8.650952339172363,5.6441969871521,-2.8853315825472237e-07,2.542816162076633e-07,0.08930000000000002
-3.637277364730835,2.986942768096924,-3.637277364730835,2.986942768096924,-8.653376579284668,5.645738124847412,-2.8386691042214807e-07,2.4352010541406344e-07,0.08940000000000001
-3.637225866317749,2.9872546195983887,-3.637225866317749,2.9872546195983887,-8.655776023864746,5.647265434265137,-2.3259156023414107e-07,2.475343023888854e-07,0.0895
-3.6377763748168945,2.988474130630493,-3.6377763748168945,2.988474130630493,-8.658154487609863,5.648778438568115,-2.3854858000049717e-07,2.9412692015284847e-07,0.08960000000000001
-3.6392431259155273,2.989875078201294,-3.6392431259155273,2.989875078201294,-8.660507202148438,5.650275707244873,-2.3112653479984147e-07,2.3429177531397727e-07,0.0897
-3.639967441558838,2.9913573265075684,-3.639967441558838,2.9913573265075684,-8.662837028503418,5.651759147644043,-2.0521342491974792e-07,1.9242271775965492e-07,0.0898
-3.6412532329559326,2.993077039718628,-3.6412532329559326,2.993077039718628,-8.665143013000488,5.653227806091309,-2.311385287612211e-07,2.1348458290049166e-07,0.08990000000000001
-3.6425588130950928,2.994940757751465,-3.6425588130950928,2.994940757751465,-8.667427062988281,5.654681205749512,-2.460352277466882e-07,1.9639405479665584e-07,0.09
-3.643075704574585,2.996896266937256,-3.643075704574585,2.996896266937256,-8.66969108581543,5.656121730804443,-2.8434141086108866e-07,2.6506654648983385e-07,0.09010000000000001
-3.6447606086730957,2.999079942703247,-3.6447606086730957,2.999079942703247,-8.671931266784668,5.6575469970703125,-2.1239010550289095e-07,2.824468765538768e-07,0.0902
-3.645751714706421,3.000931978225708,-3.645751714706421,3.000931978225708,-8.674150466918945,5.658957004547119,-2.8358749659673776e-07,3.4230021128678345e-07,0.0903
-3.6468822956085205,3.002664804458618,-3.6468822956085205,3.002664804458618,-8.676345825195312,5.66035270690918,-2.736657336299686e-07,3.2167167773877736e-07,0.09040000000000001
-3.647608518600464,3.003269672393799,-3.647608518600464,3.003269672393799,-8.678523063659668,5.661736965179443,-3.0077035262365825e-07,3.595871476136381e-07,0.0905
-3.6473920345306396,3.002703905105591,-3.6473920345306396,3.002703905105591,-8.680675506591797,5.663105487823486,-2.667480316631554e-07,4.051182713737944e-07,0.09060000000000001
-3.6477808952331543,3.0024189949035645,-3.6477808952331543,3.0024189949035645,-8.682807922363281,5.664459705352783,-2.8340565449980204e-07,4.412514158502745e-07,0.0907
-3.648200750350952,3.0031683444976807,-3.648200750350952,3.0031683444976807,-8.684917449951172,5.665797710418701,-2.989315532886394e-07,4.175157926056272e-07,0.0908
-3.6492693424224854,3.00545334815979,-3.6492693424224854,3.00545334815979,-8.687002182006836,5.667120933532715,-2.7236725941293116e-07,3.8104829513940786e-07,0.09090000000000001
-3.650895357131958,3.0085437297821045,-3.650895357131958,3.0085437297821045,-8.689065933227539,5.668432235717773,-2.4590366365373484e-07,3.559264882824209e-07,0.091
-3.652235269546509,3.011760711669922,-3.652235269546509,3.011760711669922,-8.691108703613281,5.669727325439453,-3.1815420697967056e-07,3.1501588182436535e-07,0.09110000000000001
-3.653517246246338,3.0141854286193848,-3.653517246246338,3.0141854286193848,-8.693130493164062,5.671010971069336,-3.1781243592376995e-07,3.049076156003139e-07,0.0912
-3.654571294784546,3.0159425735473633,-3.654571294784546,3.0159425735473633,-8.69512939453125,5.672281265258789,-3.476155256976199e-07,3.429506989505171e-07,0.0913
-3.6550869941711426,3.017303466796875,-3.6550869941711426,3.017303466796875,-8.697110176086426,5.673537254333496,-3.7896563753747614e-07,3.236873169498722e-07,0.09140000000000001
-3.656181812286377,3.0187604427337646,-3.656181812286377,3.0187604427337646,-8.699069023132324,5.674779415130615,-2.979126350055594e-07,2.3515595160006342e-07,0.0915
-3.6570169925689697,3.0208802223205566,-3.6570169925689697,3.0208802223205566,-8.701004981994629,5.676008701324463,-3.1828170676817535e-07,2.491880763955123e-07,0.09160000000000001
-3.6578903198242188,3.0237958431243896,-3.6578903198242188,3.0237958431243896,-8.702919006347656,5.677224636077881,-3.0452545729531266e-07,2.4458259417770023e-07,0.0917
-3.658909797668457,3.026381492614746,-3.658909797668457,3.026381492614746,-8.70481014251709,5.6784257888793945,-2.6261588459419727e-07,2.095912776667319e-07,0.0918
-3.6591432094573975,3.028036117553711,-3.6591432094573975,3.028036117553711,-8.706679344177246,5.67961311340332,-2.3731433884677244e-07,2.0235623310327355e-07,0.09190000000000001
-3.659254550933838,3.0299839973449707,-3.659254550933838,3.0299839973449707,-8.708527565002441,5.680785655975342,-2.8501773385869456e-07,2.6907309802481905e-07,0.092
-3.660062551498413,3.0320663452148438,-3.660062551498413,3.0320663452148438,-8.710354804992676,5.68194580078125,-2.8232503268554865e-07,2.6072427772305673e-07,0.09210000000000002
-3.660971164703369,3.0345544815063477,-3.660971164703369,3.0345544815063477,-8.71216106414795,5.683091163635254,-2.1663167615315615e-07,2.103907092987356e-07,0.0922
-3.6619369983673096,3.0370681285858154,-3.6619369983673096,3.0370681285858154,-8.713947296142578,5.684222221374512,-2.2148830680635e-07,2.2189945525497023e-07,0.09230000000000001
-3.663236618041992,3.040004253387451,-3.663236618041992,3.040004253387451,-8.715710639953613,5.685340404510498,-2.3217127420593897e-07,1.862663907559181e-07,0.09240000000000001
-3.664094924926758,3.042133092880249,-3.664094924926758,3.042133092880249,-8.717453956604004,5.686446189880371,-2.1340603950648074e-07,1.6094752197659545e-07,0.0925
-3.664090394973755,3.0434844493865967,-3.664090394973755,3.0434844493865967,-8.719178199768066,5.6875386238098145,-1.7590217282759113e-07,1.591764799968587e-07,0.0926
-3.664090156555176,3.045279026031494,-3.664090156555176,3.045279026031494,-8.720881462097168,5.688617706298828,-1.929188897520362e-07,1.6798945523532893e-07,0.0927
-3.664409637451172,3.0481481552124023,-3.664409637451172,3.0481481552124023,-8.722563743591309,5.6896820068359375,-2.1007770101277856e-07,1.7912699945554778e-07,0.09280000000000001
-3.665073871612549,3.0516254901885986,-3.665073871612549,3.0516254901885986,-8.724227905273438,5.690734386444092,-2.395769058693986e-07,1.9951374952142942e-07,0.09290000000000001
-3.665370464324951,3.0561347007751465,-3.665370464324951,3.0561347007751465,-8.725872039794922,5.691773414611816,-2.520116311188758e-07,1.9639931281290046e-07,0.093
-3.6659274101257324,3.05942964553833,-3.6659274101257324,3.05942964553833,-8.727497100830078,5.6927971839904785,-2.2427973078720242e-07,1.5697901289968286e-07,0.0931
-3.6661531925201416,3.0631024837493896,-3.6661531925201416,3.0631024837493896,-8.72909927368164,5.693808555603027,-2.426962453228043e-07,1.9945954932154564e-07,0.0932
-3.6658153533935547,3.066237449645996,-3.6658153533935547,3.066237449645996,-8.730683326721191,5.6948041915893555,-1.9690139652084326e-07,1.8334345952553122e-07,0.09330000000000001
-3.6656553745269775,3.068779706954956,-3.6656553745269775,3.068779706954956,-8.732246398925781,5.695788383483887,-1.4868075481899723e-07,1.692141893272492e-07,0.09340000000000001
-3.6646721363067627,3.0718138217926025,-3.6646721363067627,3.0718138217926025,-8.733789443969727,5.696757793426514,-1.6977764971670695e-07,2.298957184621031e-07,0.0935
-3.6636838912963867,3.0739338397979736,-3.6636838912963867,3.0739338397979736,-8.735312461853027,5.697717189788818,-2.848784674824856e-07,3.277383768818254e-07,0.0936
-3.662222146987915,3.075849771499634,-3.662222146987915,3.075849771499634,-8.736815452575684,5.698661804199219,-2.8020329523315013e-07,2.7519661216501845e-07,0.0937
-3.660984992980957,3.0778656005859375,-3.660984992980957,3.0778656005859375,-8.738298416137695,5.699594974517822,-3.2308133768310654e-07,3.458943922396429e-07,0.09380000000000001
-3.6592400074005127,3.0799314975738525,-3.6592400074005127,3.0799314975738525,-8.739761352539062,5.700514793395996,-3.591867994146014e-07,3.997537021405151e-07,0.09390000000000001
-3.657273054122925,3.082676410675049,-3.657273054122925,3.082676410675049,-8.741205215454102,5.701422214508057,-3.7083427173456585e-07,3.12571245331128e-07,0.094
-3.6552350521087646,3.084294557571411,-3.6552350521087646,3.084294557571411,-8.74262809753418,5.702315807342529,-4.0365171116718557e-07,4.4329513571028656e-07,0.0941
-3.652848958969116,3.086297035217285,-3.652848958969116,3.086297035217285,-8.744033813476562,5.7031965255737305,-4.4264888288125803e-07,6.012424478285538e-07,0.0942
-3.6505699157714844,3.087372064590454,-3.6505699157714844,3.087372064590454,-8.745421409606934,5.704063892364502,-4.286096100258874e-07,4.898682846032898e-07,0.09430000000000001
-3.648115873336792,3.087801456451416,-3.648115873336792,3.087801456451416,-8.746790885925293,5.704919815063477,-4.279297343146027e-07,6.01028375513124e-07,0.09440000000000001
-3.6448395252227783,3.0878961086273193,-3.6448395252227783,3.0878961086273193,-8.74814224243164,5.705761909484863,-4.933212949254084e-07,6.273222652453114e-07,0.0945
-3.641195058822632,3.087461471557617,-3.641195058822632,3.087461471557617,-8.749476432800293,5.7065935134887695,-5.336429467206472e-07,6.048078944331792e-07,0.0946
-3.6370396614074707,3.087700605392456,-3.6370396614074707,3.087700605392456,-8.750791549682617,5.7074103355407715,-4.496821190969058e-07,5.994886009830225e-07,0.0947
-3.633085012435913,3.0863730907440186,-3.633085012435913,3.0863730907440186,-8.752087593078613,5.708215236663818,-4.3832966412082897e-07,5.901175086364674e-07,0.09480000000000001
-3.6277482509613037,3.084768056869507,-3.6277482509613037,3.084768056869507,-8.753364562988281,5.709007263183594,-4.31171542913944e-07,7.381588602584088e-07,0.09490000000000001
-3.6217832565307617,3.0819649696350098,-3.6217832565307617,3.0819649696350098,-8.75462818145752,5.709787845611572,-5.013156396671548e-07,7.150454166549025e-07,0.095
-3.6151537895202637,3.079251289367676,-3.6151537895202637,3.079251289367676,-8.755871772766113,5.710556983947754,-4.867081884185609e-07,6.779216050745163e-07,0.0951
-3.607733726501465,3.0759084224700928,-3.607733726501465,3.0759084224700928,-8.757101058959961,5.711315155029297,-4.465595964120439e-07,6.93441450039245e-07,0.0952
-3.600228786468506,3.0732083320617676,-3.600228786468506,3.0732083320617676,-8.758312225341797,5.712061882019043,-5.296997187542729e-07,7.000103892096377e-07,0.09530000000000001
-3.591639518737793,3.0696194171905518,-3.591639518737793,3.0696194171905518,-8.759505271911621,5.712796211242676,-5.429873795037565e-07,7.083622222125996e-07,0.09540000000000001
-3.5821523666381836,3.0663933753967285,-3.5821523666381836,3.0663933753967285,-8.76068115234375,5.713516712188721,-2.8485985126280866e-07,4.5444656393556215e-07,0.0955
-3.5700414180755615,3.062605619430542,-3.5700414180755615,3.062605619430542,-8.761838912963867,5.714223384857178,-2.623391992528923e-07,3.3249926900680293e-07,0.0956
-3.5563745498657227,3.0588181018829346,-3.5563745498657227,3.0588181018829346,-8.762981414794922,5.714919090270996,-2.6663616381483735e-07,3.657615366137179e-07,0.09570000000000001
-3.5412180423736572,3.0547561645507812,-3.5412180423736572,3.0547561645507812,-8.764108657836914,5.715602874755859,-3.0943905926505977e-07,3.681078908357449e-07,0.09580000000000001
-3.5225608348846436,3.049745559692383,-3.5225608348846436,3.049745559692383,-8.765219688415527,5.716272354125977,-2.876435303278413e-07,2.8626740800064e-07,0.0959
-3.502671718597412,3.043023109436035,-3.502671718597412,3.043023109436035,-8.766314506530762,5.7169294357299805,-2.39157742498719e-07,2.2049439962756878e-07,0.096
-3.4824533462524414,3.03446888923645,-3.4824533462524414,3.03446888923645,-8.7673978805542,5.717574596405029,-3.1695100233264384e-07,3.0517381333083904e-07,0.0961
-3.4633090496063232,3.0243828296661377,-3.4633090496063232,3.0243828296661377,-8.76846981048584,5.718209266662598,-2.9043553695373703e-07,2.542890058521152e-07,0.09620000000000001
-3.4454610347747803,3.0113744735717773,-3.4454610347747803,3.0113744735717773,-8.769526481628418,5.718831539154053,-3.1979971026885323e-07,2.49805879093401e-07,0.09630000000000001
-3.4277281761169434,2.99587345123291,-3.4277281761169434,2.99587345123291,-8.770567893981934,5.7194414138793945,-3.1398994337905606e-07,2.709722082272492e-07,0.0964
-3.4240925312042236,2.970663547515869,-3.4240925312042236,2.970663547515869,-8.77159309387207,5.720039367675781,-3.159368873184576e-07,2.6240488182338595e-07,0.0965
-3.423217296600342,2.9481658935546875,-3.423217296600342,2.9481658935546875,-8.77260684967041,5.720624923706055,-2.8331621138022456e-07,2.408007162557624e-07,0.0966
-3.4203145503997803,2.9272654056549072,-3.4203145503997803,2.9272654056549072,-8.77360725402832,5.721198081970215,-2.9469583751051687e-07,3.4368036949672387e-07,0.09670000000000001
-3.4126577377319336,2.9042768478393555,-3.4126577377319336,2.9042768478393555,-8.7746000289917,5.721761226654053,-2.9501214271476783e-07,3.4604707366270304e-07,0.09680000000000001
-3.4002647399902344,2.8738272190093994,-3.4002647399902344,2.8738272190093994,-8.775580406188965,5.7223124504089355,-2.892753059313691e-07,3.839895157398132e-07,0.0969
-3.381033420562744,2.843498945236206,-3.381033420562744,2.843498945236206,-8.776552200317383,5.722856521606445,-2.2729628312845307e-07,2.8984504751861095e-07,0.097
-3.355835437774658,2.8130860328674316,-3.355835437774658,2.8130860328674316,-8.777514457702637,5.723390579223633,-2.3149068795191852e-07,2.5867856834338454e-07,0.0971
-3.3226444721221924,2.78005313873291,-3.3226444721221924,2.78005313873291,-8.778470039367676,5.7239179611206055,-2.5635765155129775e-07,2.240703054212645e-07,0.09720000000000001
-3.3086376190185547,2.750123977661133,-3.3086376190185547,2.750123977661133,-8.77941608428955,5.7244391441345215,-2.850799205589283e-07,2.503741427517525e-07,0.09730000000000001
-3.2921009063720703,2.724039077758789,-3.2921009063720703,2.724039077758789,-8.78035831451416,5.724953651428223,-2.734754787070415e-07,2.4483966853949823e-07,0.0974
-3.271468162536621,2.69417142868042,-3.271468162536621,2.69417142868042,-8.781293869018555,5.725461483001709,-3.1642323961023067e-07,2.87504178686504e-07,0.0975
-3.245744466781616,2.6621334552764893,-3.245744466781616,2.6621334552764893,-8.782225608825684,5.725965976715088,-3.047542520562274e-07,2.4137634113685635e-07,0.0976
-3.21573543548584,2.627453327178955,-3.21573543548584,2.627453327178955,-8.78315544128418,5.726468086242676,-2.957507945211546e-07,2.2287500200945942e-07,0.09770000000000001
-3.181361675262451,2.5945470333099365,-3.181361675262451,2.5945470333099365,-8.78408145904541,5.726966857910156,-2.916675896358356e-07,2.1690426876830315e-07,0.09780000000000001
-3.1433706283569336,2.587634563446045,-3.1433706283569336,2.587634563446045,-8.785004615783691,5.727463245391846,-4.2344927919657493e-07,3.41298033390558e-07,0.0979
-3.10133957862854,2.5799055099487305,-3.10133957862854,2.5799055099487305,-8.785926818847656,5.727957725524902,-4.5089723244018387e-07,4.273385627584503e-07,0.098
-3.058382749557495,2.57173752784729,-3.058382749557495,2.57173752784729,-8.786847114562988,5.728451251983643,-4.7267013769669575e-07,3.827757382168784e-07,0.0981
-3.016127109527588,2.5612659454345703,-3.016127109527588,2.5612659454345703,-8.787768363952637,5.728947162628174,-4.392993844248849e-07,3.2570167718404264e-07,0.09820000000000001
-2.9774575233459473,2.5481913089752197,-2.9774575233459473,2.5481913089752197,-8.788688659667969,5.729444980621338,-4.202483125936851e-07,3.076447399052995e-07,0.09830000000000001
-2.943415641784668,2.529683828353882,-2.943415641784668,2.529683828353882,-8.7896089553833,5.729943752288818,-4.313980355163949e-07,3.1223146379488753e-07,0.0984
-2.9099278450012207,2.505321979522705,-2.9099278450012207,2.505321979522705,-8.790526390075684,5.730444431304932,-4.0076466234495456e-07,2.7030893079427187e-07,0.0985
-2.875356912612915,2.4726603031158447,-2.875356912612915,2.4726603031158447,-8.791443824768066,5.730947494506836,-2.8325925427452603e-07,1.653132812862168e-07,0.09860000000000001
-2.8389666080474854,2.4316630363464355,-2.8389666080474854,2.4316630363464355,-8.792362213134766,5.731455326080322,-2.5990757990257407e-07,1.7965562904009857e-07,0.0987
-2.7992560863494873,2.381969690322876,-2.7992560863494873,2.381969690322876,-8.793281555175781,5.731967926025391,-2.084001380353584e-07,1.5584274137836474e-07,0.09880000000000001
-2.755227565765381,2.321943759918213,-2.755227565765381,2.321943759918213,-8.794203758239746,5.732487201690674,-1.8402134571715578e-07,1.415063053400445e-07,0.0989
-2.7062582969665527,2.2499871253967285,-2.7062582969665527,2.2499871253967285,-8.795129776000977,5.733011722564697,-1.5058387248245708e-07,1.0866223476568848e-07,0.099
-2.651270627975464,2.1662440299987793,-2.651270627975464,2.1662440299987793,-8.796058654785156,5.7335429191589355,-1.4525512881391478e-07,1.3453153258069506e-07,0.09910000000000001
-2.5860018730163574,2.068073272705078,-2.5860018730163574,2.068073272705078,-8.79699420928955,5.734084129333496,-1.0197177147119874e-07,1.1052649284692961e-07,0.0992
-2.508913993835449,1.954811692237854,-2.508913993835449,1.954811692237854,-8.79793643951416,5.734637260437012,-9.012493507043473e-08,9.288398672424591e-08,0.09930000000000001
-2.421427011489868,1.8501052856445312,-2.421427011489868,1.8501052856445312,-8.79888916015625,5.73520565032959,-8.157691411270207e-08,9.565489733631694e-08,0.0994
-2.3147945404052734,1.8360249996185303,-2.3147945404052734,1.8360249996185303,-8.79985523223877,5.735795497894287,-7.209325758594787e-08,1.1384646114720454e-07,0.0995
-2.184215784072876,1.8024543523788452,-2.184215784072876,1.8024543523788452,-8.800838470458984,5.7364115715026855,-6.986091705130093e-08,7.440122118396175e-08,0.09960000000000001
-2.02370023727417,1.7338550090789795,-2.02370023727417,1.7338550090789795,-8.801837921142578,5.737063407897949,-5.6392629232959735e-08,7.504308285888328e-08,0.0997
-1.8253346681594849,1.6248774528503418,-1.8253346681594849,1.6248774528503418,-8.802850723266602,5.737761974334717,-5.0765770254201925e-08,7.074520880223645e-08,0.09980000000000001
-1.5347404479980469,1.4170475006103516,-1.5347404479980469,1.4170475006103516,-8.803862571716309,5.738534450531006,-5.124278246171343e-08,7.315153993658896e-08,0.0999
